CREATE DATABASE heartandsole_db;

USE heartandsole_db;

GRANT ALL PRIVILEGES ON heartandsole_db.* TO 'webapp'@'%';

FLUSH PRIVILEGES;

DROP TABLE IF EXISTS coaches;

CREATE TABLE coaches (
	coach_id INT NOT NULL,
	first_name VARCHAR(50) NOT NULL,
	last_name VARCHAR(50) NOT NULL,
	b_day VARCHAR(15) NOT NULL,
	city VARCHAR(50) NOT NULL,
	usstate VARCHAR(50) NOT NULL,
	gender VARCHAR(50) NOT NULL,
	email VARCHAR(50) NOT NULL,
	CONSTRAINT coachespk PRIMARY KEY (coach_id)
);

INSERT INTO coaches(coach_id,first_name,last_name,b_day,city,usstate,gender,email) VALUES (1,'Herbert','Glaysher','12/7/1987','Melbourne','Florida','Bigender','hglaysher0@princeton.edu');
INSERT INTO coaches(coach_id,first_name,last_name,b_day,city,usstate,gender,email) VALUES (2,'Almeda','Lackemann','11/10/1975','Colorado Springs','Colorado','Female','alackemann1@webs.com');
INSERT INTO coaches(coach_id,first_name,last_name,b_day,city,usstate,gender,email) VALUES (3,'Loraine','Woolhouse','8/8/1987','New Orleans','Louisiana','Genderqueer','lwoolhouse2@wikimedia.org');
INSERT INTO coaches(coach_id,first_name,last_name,b_day,city,usstate,gender,email) VALUES (4,'Dillie','Suller','7/11/1981','Oakland','California','Male','dsuller3@pen.io');
INSERT INTO coaches(coach_id,first_name,last_name,b_day,city,usstate,gender,email) VALUES (5,'Tarah','Cannings','10/17/1985','New York City','New York','Female','tcannings4@salon.com');
INSERT INTO coaches(coach_id,first_name,last_name,b_day,city,usstate,gender,email) VALUES (6,'Shaun','Youtead','8/23/1985','Akron','Ohio','Female','syoutead5@wisc.edu');
INSERT INTO coaches(coach_id,first_name,last_name,b_day,city,usstate,gender,email) VALUES (7,'Garvin','Simion','11/1/1986','Seattle','Washington','Male','gsimion6@google.com.hk');

DROP TABLE IF EXISTS teams;

CREATE TABLE teams (
	team_id INT NOT NULL,
	team_name VARCHAR(500) NOT NULL,
	gender_desc VARCHAR(5) NOT NULL,
	coach_id INT NOT NULL,
	CONSTRAINT teamspk PRIMARY KEY (team_id),
	CONSTRAINT teamsfk_1
        FOREIGN KEY (coach_id) REFERENCES coaches (coach_id)
);

INSERT INTO teams(team_id,team_name,gender_desc,coach_id) VALUES (1,'The Peaky Blinders','Co-Ed',1);
INSERT INTO teams(team_id,team_name,gender_desc,coach_id) VALUES (2,'Cheetahs Not Cheaters','Co-Ed',2);
INSERT INTO teams(team_id,team_name,gender_desc,coach_id) VALUES (3,'Local Mediocres','Co-Ed',3);
INSERT INTO teams(team_id,team_name,gender_desc,coach_id) VALUES (4,'Mile Markers','Co-Ed',4);
INSERT INTO teams(team_id,team_name,gender_desc,coach_id) VALUES (5,'Mr Morale''s Big Steppers','Co-Ed',5);
INSERT INTO teams(team_id,team_name,gender_desc,coach_id) VALUES (6,'Wu Tang Clan','Co-Ed',6);
INSERT INTO teams(team_id,team_name,gender_desc,coach_id) VALUES (7,'Daft Punks','Co-Ed',7);

DROP TABLE IF EXISTS runners;

CREATE TABLE runners (
	runner_id INT NOT NULL ,
	first_name VARCHAR(50) NOT NULL,
	last_name VARCHAR(50) NOT NULL,
	b_day VARCHAR(15) NOT NULL,
	gender VARCHAR(50) NOT NULL,
	city VARCHAR(50) NOT NULL,
	usstate VARCHAR(50) NOT NULL,
	email VARCHAR(50) NOT NULL,
	team_id INT,
	CONSTRAINT runnerspk PRIMARY KEY (runner_id),
	CONSTRAINT runnersfk_1
        FOREIGN KEY (team_id) REFERENCES teams (team_id)
);

INSERT INTO runners(runner_id,first_name,last_name,b_day,gender,city,usstate,email,team_id) VALUES (1,'Darcy','Brownsett','4/5/1964','Female','Houston','Texas','dbrownsett0@spotify.com',4);
INSERT INTO runners(runner_id,first_name,last_name,b_day,gender,city,usstate,email,team_id) VALUES (2,'Egon','Catterick','4/12/1982','Male','Columbia','South Carolina','ecatterick1@dion.ne.jp',NULL);
INSERT INTO runners(runner_id,first_name,last_name,b_day,gender,city,usstate,email,team_id) VALUES (3,'Tessi','Chapiro','8/25/1974','Female','Chicago','Illinois','tchapiro2@squidoo.com',6);
INSERT INTO runners(runner_id,first_name,last_name,b_day,gender,city,usstate,email,team_id) VALUES (4,'Phineas','Splevins','3/23/2000','Male','Richmond','Virginia','psplevins3@geocities.com',1);
INSERT INTO runners(runner_id,first_name,last_name,b_day,gender,city,usstate,email,team_id) VALUES (5,'Bert','Londors','6/14/1967','Male','Littleton','Colorado','blondors4@eepurl.com',5);
INSERT INTO runners(runner_id,first_name,last_name,b_day,gender,city,usstate,email,team_id) VALUES (6,'Monika','Frood','3/20/1962','Female','Washington','District of Columbia','mfrood5@uol.com.br',NULL);
INSERT INTO runners(runner_id,first_name,last_name,b_day,gender,city,usstate,email,team_id) VALUES (7,'Mureil','Klemenz','8/29/1966','Female','Des Moines','Iowa','mklemenz6@friendfeed.com',4);
INSERT INTO runners(runner_id,first_name,last_name,b_day,gender,city,usstate,email,team_id) VALUES (8,'Gregor','Newsome','10/31/1964','Male','Fayetteville','North Carolina','gnewsome7@nytimes.com',6);
INSERT INTO runners(runner_id,first_name,last_name,b_day,gender,city,usstate,email,team_id) VALUES (9,'Laura','Dunkerly','3/15/1976','Female','Sarasota','Florida','ldunkerly8@gravatar.com',2);
INSERT INTO runners(runner_id,first_name,last_name,b_day,gender,city,usstate,email,team_id) VALUES (10,'Bail','Cossons','2/25/1971','Male','Sacramento','California','bcossons9@unesco.org',3);
INSERT INTO runners(runner_id,first_name,last_name,b_day,gender,city,usstate,email,team_id) VALUES (11,'Celene','Village','9/4/1971','Female','Palm Bay','Florida','cvillagea@zdnet.com',1);
INSERT INTO runners(runner_id,first_name,last_name,b_day,gender,city,usstate,email,team_id) VALUES (12,'Jeanna','McOwan','3/10/1988','Female','Camden','New Jersey','jmcowanb@cornell.edu',7);
INSERT INTO runners(runner_id,first_name,last_name,b_day,gender,city,usstate,email,team_id) VALUES (13,'Mikey','Bonelle','10/20/1962','Male','Fresno','California','mbonellec@sitemeter.com',NULL);
INSERT INTO runners(runner_id,first_name,last_name,b_day,gender,city,usstate,email,team_id) VALUES (14,'Jeanna','Panther','12/11/1998','Female','Charleston','West Virginia','jpantherd@globo.com',NULL);
INSERT INTO runners(runner_id,first_name,last_name,b_day,gender,city,usstate,email,team_id) VALUES (15,'Nil','Charnock','3/9/1998','Male','Philadelphia','Pennsylvania','ncharnocke@tinypic.com',7);
INSERT INTO runners(runner_id,first_name,last_name,b_day,gender,city,usstate,email,team_id) VALUES (16,'Rab','Simner','7/14/1971','Male','Hagerstown','Maryland','rsimnerf@comcast.net',NULL);
INSERT INTO runners(runner_id,first_name,last_name,b_day,gender,city,usstate,email,team_id) VALUES (17,'Cullan','Irnys','2/5/1961','Non-binary','Hartford','Connecticut','cirnysg@imgur.com',4);
INSERT INTO runners(runner_id,first_name,last_name,b_day,gender,city,usstate,email,team_id) VALUES (18,'Edin','Aymes','4/17/1972','Female','Arlington','Virginia','eaymesh@google.it',7);
INSERT INTO runners(runner_id,first_name,last_name,b_day,gender,city,usstate,email,team_id) VALUES (19,'Jobie','Bevington','10/9/1960','Female','Lincoln','Nebraska','jbevingtoni@hatena.ne.jp',NULL);
INSERT INTO runners(runner_id,first_name,last_name,b_day,gender,city,usstate,email,team_id) VALUES (20,'Jackqueline','Croci','7/20/1969','Female','Palm Bay','Florida','jcrocij@moonfruit.com',1);
INSERT INTO runners(runner_id,first_name,last_name,b_day,gender,city,usstate,email,team_id) VALUES (21,'Emilee','Pring','7/28/1993','Female','Washington','District of Columbia','epringk@buzzfeed.com',5);
INSERT INTO runners(runner_id,first_name,last_name,b_day,gender,city,usstate,email,team_id) VALUES (22,'Merle','Work','6/21/1995','Male','Pittsburgh','Pennsylvania','mworkl@simplemachines.org',NULL);
INSERT INTO runners(runner_id,first_name,last_name,b_day,gender,city,usstate,email,team_id) VALUES (23,'Alano','Old','2/14/1960','Polygender','Baltimore','Maryland','aoldm@usatoday.com',NULL);
INSERT INTO runners(runner_id,first_name,last_name,b_day,gender,city,usstate,email,team_id) VALUES (24,'Rudyard','Capeloff','7/17/1981','Male','Orlando','Florida','rcapeloffn@1688.com',NULL);
INSERT INTO runners(runner_id,first_name,last_name,b_day,gender,city,usstate,email,team_id) VALUES (25,'Odette','Beauly','5/27/2000','Female','Boise','Idaho','obeaulyo@umich.edu',NULL);
INSERT INTO runners(runner_id,first_name,last_name,b_day,gender,city,usstate,email,team_id) VALUES (26,'Tamas','Ferney','1/10/1985','Male','Reading','Pennsylvania','tferneyp@ycombinator.com',5);
INSERT INTO runners(runner_id,first_name,last_name,b_day,gender,city,usstate,email,team_id) VALUES (27,'Rosaleen','Morais','3/14/1982','Female','Jackson','Tennessee','rmoraisq@posterous.com',7);
INSERT INTO runners(runner_id,first_name,last_name,b_day,gender,city,usstate,email,team_id) VALUES (28,'Emilee','Orr','1/16/1983','Female','Jersey City','New Jersey','eorrr@yandex.ru',5);
INSERT INTO runners(runner_id,first_name,last_name,b_day,gender,city,usstate,email,team_id) VALUES (29,'Robers','Gerrish','9/30/2000','Polygender','Columbus','Ohio','rgerrishs@skyrock.com',3);
INSERT INTO runners(runner_id,first_name,last_name,b_day,gender,city,usstate,email,team_id) VALUES (30,'Erin','Calveley','1/27/1964','Female','Denver','Colorado','ecalveleyt@canalblog.com',6);
INSERT INTO runners(runner_id,first_name,last_name,b_day,gender,city,usstate,email,team_id) VALUES (31,'Lindie','Everitt','1/18/1984','Female','Washington','District of Columbia','leverittu@mayoclinic.com',2);
INSERT INTO runners(runner_id,first_name,last_name,b_day,gender,city,usstate,email,team_id) VALUES (32,'Stefanie','Reddel','11/24/1982','Female','Los Angeles','California','sreddelv@comcast.net',4);
INSERT INTO runners(runner_id,first_name,last_name,b_day,gender,city,usstate,email,team_id) VALUES (33,'Harmonie','Brickham','4/19/1985','Female','Phoenix','Arizona','hbrickhamw@typepad.com',5);
INSERT INTO runners(runner_id,first_name,last_name,b_day,gender,city,usstate,email,team_id) VALUES (34,'Egor','Colyer','10/8/1979','Male','Jefferson City','Missouri','ecolyerx@yahoo.com',NULL);
INSERT INTO runners(runner_id,first_name,last_name,b_day,gender,city,usstate,email,team_id) VALUES (35,'Shadow','Basire','5/28/1999','Male','Miami','Florida','sbasirey@wordpress.org',7);
INSERT INTO runners(runner_id,first_name,last_name,b_day,gender,city,usstate,email,team_id) VALUES (36,'Raviv','Twigg','1/1/1976','Male','Hampton','Virginia','rtwiggz@dmoz.org',NULL);
INSERT INTO runners(runner_id,first_name,last_name,b_day,gender,city,usstate,email,team_id) VALUES (37,'Binni','Halfpenny','10/21/1976','Female','Sioux City','Iowa','bhalfpenny10@nytimes.com',7);
INSERT INTO runners(runner_id,first_name,last_name,b_day,gender,city,usstate,email,team_id) VALUES (38,'Astrid','Jowitt','4/17/1963','Female','Fort Worth','Texas','ajowitt11@miitbeian.gov.cn',5);
INSERT INTO runners(runner_id,first_name,last_name,b_day,gender,city,usstate,email,team_id) VALUES (39,'Melli','Roelofsen','7/31/1986','Female','Dayton','Ohio','mroelofsen12@nyu.edu',NULL);
INSERT INTO runners(runner_id,first_name,last_name,b_day,gender,city,usstate,email,team_id) VALUES (40,'Alanna','Ottley','10/9/2002','Female','San Francisco','California','aottley13@elegantthemes.com',5);
INSERT INTO runners(runner_id,first_name,last_name,b_day,gender,city,usstate,email,team_id) VALUES (41,'Wylma','Iskower','9/23/2000','Female','Nashville','Tennessee','wiskower14@acquirethisname.com',NULL);
INSERT INTO runners(runner_id,first_name,last_name,b_day,gender,city,usstate,email,team_id) VALUES (42,'Debbie','Rowan','9/12/1978','Female','Duluth','Minnesota','drowan15@oracle.com',2);
INSERT INTO runners(runner_id,first_name,last_name,b_day,gender,city,usstate,email,team_id) VALUES (43,'Jacki','Abthorpe','6/10/1974','Female','Washington','District of Columbia','jabthorpe16@squidoo.com',7);
INSERT INTO runners(runner_id,first_name,last_name,b_day,gender,city,usstate,email,team_id) VALUES (44,'Ludovika','Sicha','4/30/1964','Female','New York City','New York','lsicha17@buzzfeed.com',2);
INSERT INTO runners(runner_id,first_name,last_name,b_day,gender,city,usstate,email,team_id) VALUES (45,'Orran','Treagust','4/11/1969','Non-binary','Boise','Idaho','otreagust18@discuz.net',NULL);
INSERT INTO runners(runner_id,first_name,last_name,b_day,gender,city,usstate,email,team_id) VALUES (46,'Josselyn','Murty','8/19/1973','Female','Washington','District of Columbia','jmurty19@economist.com',4);
INSERT INTO runners(runner_id,first_name,last_name,b_day,gender,city,usstate,email,team_id) VALUES (47,'Florie','Poynor','11/23/1989','Female','Flint','Michigan','fpoynor1a@cocolog-nifty.com',7);
INSERT INTO runners(runner_id,first_name,last_name,b_day,gender,city,usstate,email,team_id) VALUES (48,'Kacie','Fidele','8/29/1988','Female','Herndon','Virginia','kfidele1b@senate.gov',1);
INSERT INTO runners(runner_id,first_name,last_name,b_day,gender,city,usstate,email,team_id) VALUES (49,'Arden','Yeardley','8/5/1996','Female','Lexington','Kentucky','ayeardley1c@cocolog-nifty.com',4);
INSERT INTO runners(runner_id,first_name,last_name,b_day,gender,city,usstate,email,team_id) VALUES (50,'Ricard','Ranfield','3/31/2002','Male','Raleigh','North Carolina','rranfield1d@topsy.com',NULL);
INSERT INTO runners(runner_id,first_name,last_name,b_day,gender,city,usstate,email,team_id) VALUES (51,'Chen','Malyan','12/1/1970','Male','Henderson','Nevada','cmalyan1e@google.cn',NULL);
INSERT INTO runners(runner_id,first_name,last_name,b_day,gender,city,usstate,email,team_id) VALUES (52,'Nessi','Woodrough','1/15/1972','Female','Terre Haute','Indiana','nwoodrough1f@pagesperso-orange.fr',2);
INSERT INTO runners(runner_id,first_name,last_name,b_day,gender,city,usstate,email,team_id) VALUES (53,'Daron','Izat','1/7/1982','Female','Paterson','New Jersey','dizat1g@facebook.com',NULL);
INSERT INTO runners(runner_id,first_name,last_name,b_day,gender,city,usstate,email,team_id) VALUES (54,'Chadwick','Melbourne','10/6/1984','Agender','Evansville','Indiana','cmelbourne1h@home.pl',4);
INSERT INTO runners(runner_id,first_name,last_name,b_day,gender,city,usstate,email,team_id) VALUES (55,'Karlyn','Boys','8/24/1967','Female','Tampa','Florida','kboys1i@pcworld.com',5);
INSERT INTO runners(runner_id,first_name,last_name,b_day,gender,city,usstate,email,team_id) VALUES (56,'Robbyn','Wetter','10/18/1979','Female','Boise','Idaho','rwetter1j@theatlantic.com',2);
INSERT INTO runners(runner_id,first_name,last_name,b_day,gender,city,usstate,email,team_id) VALUES (57,'Ingaborg','Oakton','10/12/1986','Agender','Topeka','Kansas','ioakton1k@list-manage.com',4);
INSERT INTO runners(runner_id,first_name,last_name,b_day,gender,city,usstate,email,team_id) VALUES (58,'Rafaela','Grigorian','3/15/1986','Female','Brooklyn','New York','rgrigorian1l@yale.edu',6);
INSERT INTO runners(runner_id,first_name,last_name,b_day,gender,city,usstate,email,team_id) VALUES (59,'Stacy','Goodchild','4/25/1995','Male','Portland','Oregon','sgoodchild1m@blogspot.com',NULL);
INSERT INTO runners(runner_id,first_name,last_name,b_day,gender,city,usstate,email,team_id) VALUES (60,'Kippar','Amori','3/24/1963','Male','Los Angeles','California','kamori1n@icq.com',NULL);
INSERT INTO runners(runner_id,first_name,last_name,b_day,gender,city,usstate,email,team_id) VALUES (61,'Roseline','McColl','5/11/1970','Female','Salt Lake City','Utah','rmccoll1o@jiathis.com',NULL);
INSERT INTO runners(runner_id,first_name,last_name,b_day,gender,city,usstate,email,team_id) VALUES (62,'Willey','Agate','12/21/1979','Male','Dearborn','Michigan','wagate1p@qq.com',2);
INSERT INTO runners(runner_id,first_name,last_name,b_day,gender,city,usstate,email,team_id) VALUES (63,'Andrey','Derry','5/8/1988','Male','Lake Charles','Louisiana','aderry1q@foxnews.com',5);
INSERT INTO runners(runner_id,first_name,last_name,b_day,gender,city,usstate,email,team_id) VALUES (64,'Marlon','Deinhardt','9/20/1963','Male','Roanoke','Virginia','mdeinhardt1r@paginegialle.it',7);
INSERT INTO runners(runner_id,first_name,last_name,b_day,gender,city,usstate,email,team_id) VALUES (65,'Ameline','Braunle','6/28/1977','Female','Modesto','California','abraunle1s@disqus.com',1);
INSERT INTO runners(runner_id,first_name,last_name,b_day,gender,city,usstate,email,team_id) VALUES (66,'Lewiss','Stempe','12/13/1995','Male','Pasadena','California','lstempe1t@dagondesign.com',3);
INSERT INTO runners(runner_id,first_name,last_name,b_day,gender,city,usstate,email,team_id) VALUES (67,'Lesli','Purvey','11/20/1998','Female','New York City','New York','lpurvey1u@1und1.de',4);
INSERT INTO runners(runner_id,first_name,last_name,b_day,gender,city,usstate,email,team_id) VALUES (68,'Jada','Zannutti','3/21/1967','Female','San Diego','California','jzannutti1v@unesco.org',5);
INSERT INTO runners(runner_id,first_name,last_name,b_day,gender,city,usstate,email,team_id) VALUES (69,'Florinda','Schooling','2/18/1990','Female','Sioux Falls','South Dakota','fschooling1w@theguardian.com',1);
INSERT INTO runners(runner_id,first_name,last_name,b_day,gender,city,usstate,email,team_id) VALUES (70,'Margalit','Offiler','11/4/1987','Female','Baltimore','Maryland','moffiler1x@goo.gl',NULL);

DROP TABLE IF EXISTS runnersjournals;

CREATE TABLE runnersjournals (
	journal_id VARCHAR(10) NOT NULL,
	runner_id INT NOT NULL,
	CONSTRAINT rjournalspk PRIMARY KEY (journal_id),
    CONSTRAINT rjournalsfk_1
        FOREIGN KEY (runner_id) REFERENCES runners (runner_id)
);

INSERT INTO runnersjournals(journal_id,runner_id) VALUES ('2vz-136',1);
INSERT INTO runnersjournals(journal_id,runner_id) VALUES ('HcV-361',2);
INSERT INTO runnersjournals(journal_id,runner_id) VALUES ('PoL-555',3);
INSERT INTO runnersjournals(journal_id,runner_id) VALUES ('xsT-424',4);
INSERT INTO runnersjournals(journal_id,runner_id) VALUES ('ubr-995',5);
INSERT INTO runnersjournals(journal_id,runner_id) VALUES ('frO-305',6);
INSERT INTO runnersjournals(journal_id,runner_id) VALUES ('Uid-985',7);
INSERT INTO runnersjournals(journal_id,runner_id) VALUES ('8wQ-023',8);
INSERT INTO runnersjournals(journal_id,runner_id) VALUES ('0bC-169',9);
INSERT INTO runnersjournals(journal_id,runner_id) VALUES ('k6v-031',10);
INSERT INTO runnersjournals(journal_id,runner_id) VALUES ('mW7-290',11);
INSERT INTO runnersjournals(journal_id,runner_id) VALUES ('pr2-962',12);
INSERT INTO runnersjournals(journal_id,runner_id) VALUES ('tkj-966',13);
INSERT INTO runnersjournals(journal_id,runner_id) VALUES ('iUL-320',14);
INSERT INTO runnersjournals(journal_id,runner_id) VALUES ('M0u-575',15);
INSERT INTO runnersjournals(journal_id,runner_id) VALUES ('CUp-888',16);
INSERT INTO runnersjournals(journal_id,runner_id) VALUES ('WT5-434',17);
INSERT INTO runnersjournals(journal_id,runner_id) VALUES ('U5o-961',18);
INSERT INTO runnersjournals(journal_id,runner_id) VALUES ('pOO-016',19);
INSERT INTO runnersjournals(journal_id,runner_id) VALUES ('GXK-432',20);
INSERT INTO runnersjournals(journal_id,runner_id) VALUES ('euF-792',21);
INSERT INTO runnersjournals(journal_id,runner_id) VALUES ('IMA-643',22);
INSERT INTO runnersjournals(journal_id,runner_id) VALUES ('0pf-754',23);
INSERT INTO runnersjournals(journal_id,runner_id) VALUES ('diG-810',24);
INSERT INTO runnersjournals(journal_id,runner_id) VALUES ('ysG-086',25);
INSERT INTO runnersjournals(journal_id,runner_id) VALUES ('owD-708',26);
INSERT INTO runnersjournals(journal_id,runner_id) VALUES ('l5f-791',27);
INSERT INTO runnersjournals(journal_id,runner_id) VALUES ('rmi-746',28);
INSERT INTO runnersjournals(journal_id,runner_id) VALUES ('I6K-988',29);
INSERT INTO runnersjournals(journal_id,runner_id) VALUES ('mVO-526',30);
INSERT INTO runnersjournals(journal_id,runner_id) VALUES ('kvN-170',31);
INSERT INTO runnersjournals(journal_id,runner_id) VALUES ('CTc-262',32);
INSERT INTO runnersjournals(journal_id,runner_id) VALUES ('mdX-317',33);
INSERT INTO runnersjournals(journal_id,runner_id) VALUES ('Han-708',34);
INSERT INTO runnersjournals(journal_id,runner_id) VALUES ('NvZ-663',35);
INSERT INTO runnersjournals(journal_id,runner_id) VALUES ('9IC-913',36);
INSERT INTO runnersjournals(journal_id,runner_id) VALUES ('8jq-863',37);
INSERT INTO runnersjournals(journal_id,runner_id) VALUES ('TRf-332',38);
INSERT INTO runnersjournals(journal_id,runner_id) VALUES ('SLm-886',39);
INSERT INTO runnersjournals(journal_id,runner_id) VALUES ('IyW-774',40);
INSERT INTO runnersjournals(journal_id,runner_id) VALUES ('UcE-352',41);
INSERT INTO runnersjournals(journal_id,runner_id) VALUES ('gPy-847',42);
INSERT INTO runnersjournals(journal_id,runner_id) VALUES ('rPx-316',43);
INSERT INTO runnersjournals(journal_id,runner_id) VALUES ('EKX-973',44);
INSERT INTO runnersjournals(journal_id,runner_id) VALUES ('cBk-941',45);
INSERT INTO runnersjournals(journal_id,runner_id) VALUES ('x9H-120',46);
INSERT INTO runnersjournals(journal_id,runner_id) VALUES ('yIr-767',47);
INSERT INTO runnersjournals(journal_id,runner_id) VALUES ('ylB-271',48);
INSERT INTO runnersjournals(journal_id,runner_id) VALUES ('Uun-744',49);
INSERT INTO runnersjournals(journal_id,runner_id) VALUES ('KRx-378',50);
INSERT INTO runnersjournals(journal_id,runner_id) VALUES ('DyH-303',51);
INSERT INTO runnersjournals(journal_id,runner_id) VALUES ('QJk-349',52);
INSERT INTO runnersjournals(journal_id,runner_id) VALUES ('WQY-956',53);
INSERT INTO runnersjournals(journal_id,runner_id) VALUES ('SSe-901',54);
INSERT INTO runnersjournals(journal_id,runner_id) VALUES ('fa4-985',55);
INSERT INTO runnersjournals(journal_id,runner_id) VALUES ('MH9-536',56);
INSERT INTO runnersjournals(journal_id,runner_id) VALUES ('Bwt-060',57);
INSERT INTO runnersjournals(journal_id,runner_id) VALUES ('79w-479',58);
INSERT INTO runnersjournals(journal_id,runner_id) VALUES ('atO-182',59);
INSERT INTO runnersjournals(journal_id,runner_id) VALUES ('7O9-157',60);
INSERT INTO runnersjournals(journal_id,runner_id) VALUES ('evo-958',61);
INSERT INTO runnersjournals(journal_id,runner_id) VALUES ('PGq-296',62);
INSERT INTO runnersjournals(journal_id,runner_id) VALUES ('XzY-491',63);
INSERT INTO runnersjournals(journal_id,runner_id) VALUES ('NMV-727',64);
INSERT INTO runnersjournals(journal_id,runner_id) VALUES ('y9I-479',65);
INSERT INTO runnersjournals(journal_id,runner_id) VALUES ('XT5-942',66);
INSERT INTO runnersjournals(journal_id,runner_id) VALUES ('Tzz-115',67);
INSERT INTO runnersjournals(journal_id,runner_id) VALUES ('Xf8-521',68);
INSERT INTO runnersjournals(journal_id,runner_id) VALUES ('dXB-405',69);
INSERT INTO runnersjournals(journal_id,runner_id) VALUES ('bSi-661',70);

DROP TABLE IF EXISTS journalentries;

CREATE TABLE journalentries (
	entry_id INT AUTO_INCREMENT NOT NULL,
	journal_id VARCHAR(10),
	entry_title TEXT NOT NULL,
	entry TEXT NOT NULL,
	entry_time VARCHAR(50),
	entry_date VARCHAR(15),
	mins_ran DECIMAL(5,2),
	miles_ran DECIMAL(4,2),
	route VARCHAR(10000),
	CONSTRAINT jentriespk PRIMARY KEY (entry_id),
	CONSTRAINT jentriesfk_1
        FOREIGN KEY (journal_id) REFERENCES runnersjournals (journal_id)
);

INSERT INTO journalentries(entry_id,journal_id,entry_title,entry,entry_time,entry_date,mins_ran,miles_ran,route) VALUES (1,'evo-958','laoreet','etiam vel augue','5:41 PM','7/2/2021',101.89,4.74,'data:image/png;base64,iVBORw0KGgoAAAANSUhEUgAAABAAAAAQCAYAAAAf8/9hAAAABGdBTUEAAK/INwWK6QAAABl0RVh0U29mdHdhcmUAQWRvYmUgSW1hZ2VSZWFkeXHJZTwAAAImSURBVDjLpZPfa1JhGMcHXfZ/eBUVdNOVBqGDgwaSy1HLg6R5IUVyYCi5li6Wv+dRysAQoiG4ple1aMyRYj/wF8Ugl8PVTSCM0GI0K/DbeR9RJ4xi9MLnnPf9Pg+f877ncMYAjP0PdOGjVZtEWKIsAT5a6fKRCvhwGUbpfiVagVEsgQ+VWqZIseTPbMK/XMN+QRyHHN6lDyOCTbZ6WPg6IP4X2DAGXneGArHS7gty9V0iv3UwfcHknVx3IDCEy79YGP/Hk/fvQO9aHx7hcqjUPew7mLi1NhRMBYoU6mbXoJ5ZBedcpfX2l/aBUK/zxVBwyfeWwjPTzzGXfI/TwspAsNP6MUJfcN6+MhRc9Lyh8NT1p7j5qAjOKiIYDCKRSMDr86H8roatz034/QHKWG3qhgi5XH60t4P5VyQ4dnUZvHAXoiii2Wyi0Wggl8shtBDGvfsP8LFep6xQKFCPWq329XYwXyDB8QseCNN2VDc24PF4oNFoYDabEYlE4HA4aM4yVmMSQRDaJJh05+krnOCsmHXNkaDT6UA1Po5sNotqtYp8Po90Ok0ZqzGB2+3eI8HE7ZfbTJBKpWCz2UjgcrmgVCqhUqmg1WoJNmcZqzGBxWJp9QQz6ws6Z/aZ+trjb+d0BngDYSwmnyCTySAWi5HUbrfTnGWLyaWuLxD6LR2nNvJrymSyIwqF4iTHcZ9MJtOu1Wrdk/ip1+sNEmel+XeWsRrrYb1/AB4L/elcpleiAAAAAElFTkSuQmCC');
INSERT INTO journalentries(entry_id,journal_id,entry_title,entry,entry_time,entry_date,mins_ran,miles_ran,route) VALUES (2,'yIr-767','a ipsum','curabitur gravida nisi at nibh in','4:29 PM','5/26/2022',37.99,1.07,'data:image/png;base64,iVBORw0KGgoAAAANSUhEUgAAABAAAAAQCAYAAAAf8/9hAAAABGdBTUEAAK/INwWK6QAAABl0RVh0U29mdHdhcmUAQWRvYmUgSW1hZ2VSZWFkeXHJZTwAAAJZSURBVDjLjZNNaBNREMf/25Q1Lqmk2NYamo+amI+mREOhFhRS0CKKN8FT8NSeiiBIDiJYk4MXEcGTwVtI48FQouLNix48RCoh4GETqAmioTFG0qT52HT3ObtgqiGHPBgGdmd+M2/m/zjGGPpPLBazyLL8XpIkW7fbRavV+tZoNFbC4bDYHzuKAafT6TyZmZmxCYIAFVAoFMz5fP4x/brWHzsyCFCv16fT6TQymYwG0Ov1qNVqlkGxAwEUjI2NDa5UKmmAdrut2dAAnuc1z3GcBvgLGRpAM0AoFGJGoxE0SM3Ub0MDaOLwer2gQSKbzeKEoYIHa1P2nXfBqaEA1C5TK4qiCL/UwOLxInznbgiGgi6N27dWB64xkUjYyImKovBk2v3NZjOW2E8I7ss4dtKPnYmktdIsPX8YDJri8Xik14GaTIISXS4XTztHuVxGNBrF1otnqBt3MTZhhLz3GpO+m4C7C+dpezgQCNzvdUAVRY/Hw7vdbphMJgSDQVJfEwfFBKZP+elOn5HefIWltbuQxvdx3jqOl8lqmFIjGoCkypN0kUqlVBFpKzOw77h05gjGxptU/SvAFMiNT5hdvoO9t0/B5PbhENUEdWjValUDNOo12PU5GC1noTSzlNvCwnUXFOkHqTIHm+8qVuZ0hwDqQAM4HA44nU4sziqwzy9DGKuAHfwiRemwvZVTLwulncOk04qLrlF8iMzPceprXF9fZ8VisSeae1c6uLC6Cd1IgQC/KZH9t3ndURd2v2SQexNJcoOe88dHCxUmKwJTGLWv/GOs56F6xrb/AFceRXFTtLBJAAAAAElFTkSuQmCC');
INSERT INTO journalentries(entry_id,journal_id,entry_title,entry,entry_time,entry_date,mins_ran,miles_ran,route) VALUES (3,'ubr-995','tortor risus dapibus','massa volutpat convallis morbi odio','8:33 AM','5/29/2022',29.16,4.64,'data:image/png;base64,iVBORw0KGgoAAAANSUhEUgAAABAAAAAQCAYAAAAf8/9hAAAABGdBTUEAAK/INwWK6QAAABl0RVh0U29mdHdhcmUAQWRvYmUgSW1hZ2VSZWFkeXHJZTwAAAIBSURBVDjLlZPNTxNBGIeLV/8FNUYisaIRqOHswat3DfHgzXhUIwQIQWKUgyFq2pgm6oHgxcKBiJ76YRcS8CJJNVFoqZSaXbof3e3H7s52qz9nRoZIkRQneTKT7LzPvL/JTgBAgI5jlBClvw0nKUdYjSCwIwgRQizf9382m038C/od4XD4aatECPpZcb1eh23bu1QqFZimiVKpxCWKoiASieyRsNHBBGyD67rwPI/PjFqtBsuyoKoqFziOA3ZINBrlkn0CVixgAlZQrVahadq+SDt30rFHQGPsbmBrlltE0XWddyLL8sGCVoSkXFzE1sooDG0LhmEcXsBjuVUUlu7AyMYgZ17ySP8l0NfeQPs6A7+ew9rbAZjK58MLHGsT6wvXQbQFEHkK5Y13yKfG4DdIe4HfaKC4/Jh2MAtSnIA0GULDmMXqq8swcqn2Aqv4Ed8TI/DUaTi5G5Ae9cItDMLKv0fm9TUETxy9dKCAtfht/iZMenHu5l3Y61f/kKVx5CcopJ9h+nYw2ir4JQTbmTkUpCl428/56XZ2gEbo47OTvwVHmUdy/Fw5fb/7rHgLF+nfZ9Ni/pg+vbgCR9+AV06AqPQO1NhfzMGvfcGPlRkkR7piQnCcScSzlSZ7LelhD0k/uEA+TJwnqfFukhwLkuToGZIY7iLxodMkPtjpxu+dWvwNhj+uekyCXgUAAAAASUVORK5CYII=');
INSERT INTO journalentries(entry_id,journal_id,entry_title,entry,entry_time,entry_date,mins_ran,miles_ran,route) VALUES (4,'SSe-901','at','ipsum dolor sit amet consectetuer adipiscing','1:42 PM','7/25/2021',76.31,8.05,'data:image/png;base64,iVBORw0KGgoAAAANSUhEUgAAABAAAAAQCAYAAAAf8/9hAAAABGdBTUEAAK/INwWK6QAAABl0RVh0U29mdHdhcmUAQWRvYmUgSW1hZ2VSZWFkeXHJZTwAAAJzSURBVBgZBcFdaJVlAADg532/75zN/XSstrM1YVBUpEmtycigG4sQu7FBl0VE5GUdooiuRj/3RRdddBNE94FgFkJqehPBQLLInEMHbXZmDvd7vr/z9Twhe8v+5rQFqQ6AiAiACAAoseqLfMXHaXPagseOdUwcIWkQU0IgBkIkBmJAQkBAXbH6W6f5w2mpVMfEEbKEyTkSdP/kziIxkkREEoRIXTMyRnuW9ulOCpIGcZBn5gHzFDtcP8fSGaptBOoagY3bDD5In6iPkLK7xu/fs3yZnXUawxx6hRNfMnUUECgKegVlTk4qIgZ217j6HTGQRsZmmHmN1jTPvsvi1yydIyvJM4qKHlFExOQcr37LC5/y6Ek2l/n5Q1Z+AWZPMTFDltErKUpyUn1ICGgMM36Q8YMcmufyZy7dLHT/uW47GzDQeFNr9g3HL7wuFhU9UhEBd69w9h3ah3linuFxl8ZO2SyGPD01Im0kuvdyG1uZi49/4FjvJ3KiiBipI3tdVs5z/iNuXXB7e8AjE0M2smBts1KGxIH2qG7rSfKKnFQfAknN0fdpjLBykcVvbLc+0Ww2lFmpX5OVtcE0UdYpZUVOCmLN+GGm5oC65OpZQ+2GvKgUFWW/BnVgd2eHsiYnAoG9dYpdYP0GWebA3jVbe5XRfamhwdR9Qw1rdwv1f9esbt2jJJWjLlHx43s0WqxcISs99cdXljZPuvHQi/o1Wzs9xb9/eX68a3WzqWi1hPptn3v5REd7jhJVQVFRVBQVeUVRUVZU3NrccmffoAcenvH3r2fKkB23vzlpwaSOPkr0kCNHDyVylMi5ef+o5edeKqu6n/4PaywNA5LOKLcAAAAASUVORK5CYII=');
INSERT INTO journalentries(entry_id,journal_id,entry_title,entry,entry_time,entry_date,mins_ran,miles_ran,route) VALUES (5,'ysG-086','rhoncus sed vestibulum sit','quam sollicitudin vitae consectetuer','6:46 PM','11/1/2022',140.68,7.29,'data:image/png;base64,iVBORw0KGgoAAAANSUhEUgAAABAAAAAQCAYAAAAf8/9hAAAABGdBTUEAAK/INwWK6QAAABl0RVh0U29mdHdhcmUAQWRvYmUgSW1hZ2VSZWFkeXHJZTwAAAE3SURBVDjLY/j//z8DJZhh6BgQMuWBQumq5xdaNr/84Nt1t4FkA5LnPd4A1Kjg1XaroWH98/9keyFx1sMLKfMePcAwoLy8/EBxcfGB3NzcA2lpaQfi4+MVwsPDD/j5+R1wdXU9AFJjX3GtIWzSvQvmOZcMMAwAag4Aav6QkpLyH6h5AkgMqLkBqHmBjY2NgnXRlQCn6msLTDIuCBgmX3DQiz+rgOEFoM0OQM3/IyMj/wM1F8BsBmHv1psH0uc+/J8868H/sIl3P+AMA6CzJwQGBv53c3P7D7RZgORoBNosANLs4uLy38jIaALJBoCcDbS5wNra+r+BgcF/BQUFB6IMANkMDbACEF9TU3MC0AX/JSQkPggKChoQNABq8wGQs4GaDYA2HwBqPgDUfICLi+sACwuLweDMTAA2jKFj5WHetwAAAABJRU5ErkJggg==');
INSERT INTO journalentries(entry_id,journal_id,entry_title,entry,entry_time,entry_date,mins_ran,miles_ran,route) VALUES (6,'Uid-985','in quam fringilla rhoncus','nunc vestibulum ante','6:43 PM','10/16/2021',25.38,4.91,'data:image/png;base64,iVBORw0KGgoAAAANSUhEUgAAABAAAAAQCAYAAAAf8/9hAAAABGdBTUEAAK/INwWK6QAAABl0RVh0U29mdHdhcmUAQWRvYmUgSW1hZ2VSZWFkeXHJZTwAAAJGSURBVDjLpZNLbMxxEMc//+42Sh/b7cOjEVXV165UDw7iSkIEFxcuEpc2JOJxQkIkHnFz4+Ikri6kRBsbKhLR6ksvJEokdotVVbZLdx4OW0pajcRcJvkl8/3N9zMzgbvzPxGe7/Hs4IkRM42rmqvq7fMbL+34m0DB3OLjFRjxppImGsoaAlHduFAHcwROtV0cn5bpTM5zZKYziMjwQgKBu3Nu6KSbKaqG5rO3RJsDMWEoNfxZRFVVC0SEq7uuR+cwUFMaixswN8wdxwI1wx1i1bGIuuJuPBl9Oj9EVUXdMDeSX98w8W0CccHcKQhCmDn1kQZE5C8CooykRygrjLCsuIYPU2nUNW/Hv6OmCEplSSW7r+10EUFE6WzvCoLf9+BIosNj1TFGPg6iZpgr4oa6UlYYYWXpKswcx0j0PeDugUTwxx6IKOqKaD7rTLGa0vjsJWsH7hBKjZGNljJZE521cPheu4so5UXlqBk5z+WZmCJmtD1LsSldQPPeoyyqi5Md7mLpw266txQeCv/8Ob6sBcV5NTlKrKL110TMjfreBE37T1P08j70nGNJpJw1tbX0P/ejYYCcCIIy+L6fdVXrGR17RTKdQlWpilSx4VOGouV1sP3YLP0zKwhZsDrfQU5QM+KVrYgayXSKG/tuBQDbrmz2bHkJU4OdFN88yPfsGFPAl8kQGiI5Y0HofdGHqDIzom+zYMUGVtcEVY97gtqKxYRDhXz5ILx+F6jjl4N/PedHe1Ydz4wnO0Ia1GrI3zpc2dolF34Ah+h1f9LfEqAAAAAASUVORK5CYII=');
INSERT INTO journalentries(entry_id,journal_id,entry_title,entry,entry_time,entry_date,mins_ran,miles_ran,route) VALUES (7,'xsT-424','tincidunt nulla mollis molestie','faucibus orci luctus et ultrices posuere','6:22 AM','10/3/2021',69.92,3.74,'data:image/png;base64,iVBORw0KGgoAAAANSUhEUgAAABAAAAAQCAYAAAAf8/9hAAAABGdBTUEAAK/INwWK6QAAABl0RVh0U29mdHdhcmUAQWRvYmUgSW1hZ2VSZWFkeXHJZTwAAAEXSURBVDjLY/j//z8DJZhhmBpg2POQn2wDDDof8HvOe3osYtXzDzCxuM2vP3gvfn4MJIfXAP22e0Ies58eK9r2+r//3Kf3YOIhq17eK9v95j9ITrv2jhBWA/Ra7kVEr375vXDrq/9+s57eUy+4IY0kJx2w6Nk9kFzE0uffgXIRKAboNtxlC1/+/GPljjdABc9+q+ZcM0Z3qmb5LWOQXOmml/8DZz7+qJB0hQ3FBerFNyNC5z/9nrXqxX+Pvgf35OMuSSPJSXtPfXQPJBc089F3oFwE1jBQTLkiZNtw51jq4qf/XVvuwsPAa9Kjexkrnv8HyclFXxTCGwsyERf4LctvHvPuvAePBf8pDz/Y1N45BpIbKUmZFAwAR3nW32nUrY0AAAAASUVORK5CYII=');
INSERT INTO journalentries(entry_id,journal_id,entry_title,entry,entry_time,entry_date,mins_ran,miles_ran,route) VALUES (8,'WQY-956','eget nunc','ipsum praesent blandit','10:36 AM','7/27/2022',21.04,5.39,'data:image/png;base64,iVBORw0KGgoAAAANSUhEUgAAABAAAAAQCAYAAAAf8/9hAAAABGdBTUEAAK/INwWK6QAAABl0RVh0U29mdHdhcmUAQWRvYmUgSW1hZ2VSZWFkeXHJZTwAAAIUSURBVDjLpZO/T1NhFIafQss1aaSpUmgbCxpriE3q6Ayjk5oYpf6ILk5d9S9wwsRRDVFXN22ijg6YaBxMiUPjUBqCLe2l9goxcpHC/c5x6C20KRtneofzPnnfk+8LqCpHmSGOOMGuePLB3o8iqihgDKCgIoiCkY42Ao9uTgb6AADJ6AiKogIKqCiioD0QEVhpbg8mMKqo+gYBVUXVT+ODRBQRxewdUsGYTkRUEfGNXS39kD0jgwA10llUEBFU8A2yb+wCPe8QgCcgRhF/qbPc1XKQREE8HQSIJxjR/Z7a01n9St0k3mEAzwNjhN12m83qEqHtFeLjJ1ld+8Wx1CzD1ihu5R2nT8XY+eeQz68+LJVKzw4AxrC3C8vf3pMeV27cu4PrupxdW+PTl8/sMELu+hVGQkFs26ZYtB5Xq9VYoPuUH7xc0cDmdwK/i+Ru51h49YZ6pUgiESebzWLbNo7jYNvrHE9cIH/3EoVC4U9PAmXj5w/OxcMAnLl4i+XSV+bm5ohGo2xtbdFqtXj6fIHRyWuASyQSsXpuIPw1Eep2BYCljy9ADPPz84TDHajruqgIu5XXMHuZer2+E+j9jZlM5nw6nX47MzMTT6VSEgwGTzSbTcrlMpZlMTU1xcTEBJ7nbdRqtaHFxcX1PsD09PRwIpHIhsPhQjKZjFmWNQwMOY5zH6iPjY0VgFC73TaNRqPluu7V/620dUeTJTHnAAAAAElFTkSuQmCC');
INSERT INTO journalentries(entry_id,journal_id,entry_title,entry,entry_time,entry_date,mins_ran,miles_ran,route) VALUES (9,'y9I-479','mi','ut tellus nulla ut erat','10:40 AM','7/30/2021',110.59,6.07,'data:image/png;base64,iVBORw0KGgoAAAANSUhEUgAAABAAAAAQCAYAAAAf8/9hAAAABGdBTUEAAK/INwWK6QAAABl0RVh0U29mdHdhcmUAQWRvYmUgSW1hZ2VSZWFkeXHJZTwAAAHlSURBVDjLpVPLShxBFD3T3WOUUUGYByhkI+50o6Bmo3ErAVG3Qvb5giyThets8gmC+DYQzEaGBMUnBhQRJAEXQuZJ8Mlodz28t6rbGY2b4IXqU1XcOvfc01UxrTWeEx5/ptbOssQzILVylVKQChCMkucagrA6JKTQtK+uJyc6Gg2B0npwvLfJ+Z/KH2Z+J+4VEJs5nFh4B3BLUhCrBILAzv1bmvvAbWD2rt9nCSRqCCIfCFtTdFjYoUVIwgQ0BJEc5UxmIGoJuGkTMeBPiQ4qq4R8MEpkhJSSyZhMPyQA/4XP33L6qhLoKGbW8wZnNwoG5zftennLYum8ot9+2uWpVRBQBTISc5tFsBmu62BxqwjPBb7sFNFQ52DlZwnxOOFeAe3pevihB07UArvguTGMv0rDo92x/jQoHyO9aZM43J2y2GNbEEJVCVgBt80Hv+5RJdLFFR0nZpAjwqXtQmh3LQGxcT9xkvymJ/WwIiEridajfVZB4oVXJeBbx+FSxdX98oOK2YMyAoV/lER/zrP9COsB0Q11JfH9sIzXnUn8IBwkfBzHp+dUrOYtGA+ohc6Xjcj9raA904CT/BXaWupM8lOhwssXXiR98XH6V7NPRHzDeEjyJTCPRzxJcHZ5kzdX77nP+Q6ZHT+VaotBJwAAAABJRU5ErkJggg==');
INSERT INTO journalentries(entry_id,journal_id,entry_title,entry,entry_time,entry_date,mins_ran,miles_ran,route) VALUES (10,'8wQ-023','in blandit ultrices enim','turpis integer aliquet','6:40 AM','1/9/2021',34.73,3.76,'data:image/png;base64,iVBORw0KGgoAAAANSUhEUgAAABAAAAAQCAYAAAAf8/9hAAAABGdBTUEAAK/INwWK6QAAABl0RVh0U29mdHdhcmUAQWRvYmUgSW1hZ2VSZWFkeXHJZTwAAAMPSURBVDjLpZPba5tlAMZ/75cvadOmzdI2jTNp03TDJM457fAwmYeLyUBU2EBRmBfzwgvFK/0DBBF2oxc68MKK4EAKiqBUGV60qY4yWbVh2cza0nXFmqQ5NS1pvuP7fl50ThG88vkDngM/HuF5Hv9H+un3vtuXGArN9fcEEngCPIX0PKTjYFkOjuNgmxaWZeEaFtI0sA2TVm2rtF68eUJPDvcVjh0aSaRiAwCo242k8lDK2zOTCqk8pJRI5eFIya/53wZy1k5Rjw/2JqI9PpbXK7hS8kvhFo8ezXBlcZkH7hvFdRSL126RzY5x6VKBkbFhpFTckwgTvWt/RBdiL9XvEzTbio4r6Eg/zY7DzOUVpFQoT8MmiCUCNOo7JBMRXKUQQiDeuTDvaa6BpjyE5uPYRJotO4BU6vYMcKXCVYqknCVRmcYXOsxufY4vF+PoP19ffyUT9c4Nhnt90Wgi5gsERWmlSKnSwHYlriuRUpHuX+RQWhI8fIZw6kFaa2lO1ie3xV8Y3/hg+otH7k+9nBlPEg71kB7W7qDqlL/HaF6hLzxBc3WJ8OABAn3DFGc/N3WAF979ZjQbD5+KRQexJYS6/uZs1n/Eal4mMn4SqzxFoEewnr+BY9oN02g/pj311pQwmq2vMqlYN0IHodHfLfaSN3MYlYuEDzyDWfoE4d/CH+rD61T48Ifg1ENvfr2s5d5/yctkU0cj+yKUWw5SKYJ+QaX4LTu/XyR88HnMPz5G8zvYO2OU5vLMhl5nxUgdB9ABTFtp5XqL1fIupjVEfmaSE2Mlsk8+h12ZxBfwMLeTlOYW+Mw8i7QFmrajA2gAruPgSIXtumwuXODpZA1JnHLhIxQmu804a7mrnN86w8ZuD7om0AOBg/9oYGMYNiNDXeyv57j3+KcsTb3N8k/zdI0eYbdRphB9jaG7h4koRadt4No2dwzW8tdudKq1jL+7l0ytin19mtSRx9muNVhdWGIm8CrV1Rp4myilMNttqhsb5wHEv+/84hMDxsR4TH84m8LzW/NGtXb22XNXb/7Xnf8EvI+SIusIR2cAAAAASUVORK5CYII=');
INSERT INTO journalentries(entry_id,journal_id,entry_title,entry,entry_time,entry_date,mins_ran,miles_ran,route) VALUES (11,'ysG-086','ante ipsum primis in','auctor sed tristique in','8:31 PM','6/13/2021',7.76,0.37,'data:image/png;base64,iVBORw0KGgoAAAANSUhEUgAAABAAAAAQCAYAAAAf8/9hAAAABGdBTUEAAK/INwWK6QAAABl0RVh0U29mdHdhcmUAQWRvYmUgSW1hZ2VSZWFkeXHJZTwAAAJsSURBVDjLfZO9a5RBEIefvfcuucRUanGiJkYjiNoEET9II0gUsRC0sbASO1G0MVhIiCL+BdoJYmOnjYWJQsA0QRBRYkBUJESJ+dJLzvfe3Z3dsXiTS6LowDKzC7+H3ww7RlUBCJcuKrv3IkNDqAgaAtF74lIuHT+OPh9m3YtnhlVRXC5Wi3SVMIrkdxHUef6MFYAXVIRoLVEkB4k06uI/AIUGwHnUWujoIFhLtJZgLSHLMF1dxLSOOvcfB84PmLnxG837a7QcaoJisvRukDTDvRojOD/wT0DTyYlJpFDze8612aZ2QiigkmEkpVSfoFx4VDOHw+SfAKOq6MODB8A8cd3XK9Y1E9OfSPYL9RkqDkxCc9nQ+uHeFF5PlS6Pja6dQZA+2XW+YqWFkFYJLheqd8QsRaqzpPNVsvbTlbgY+v4aokbp8eu2E+uLuVAciCd6i4oj+jqyMEddWsGGnr9nEHV91AT1GVEcGjxRcnFwea5+GqP6Ypxsempj6C1OAHd7B+XO0hA1/0TiG9YbJziqn8eJUmPfuSs0d+6h/nZw6/uXQ7eGjpZ+LbWg88bXIIa11sWi3jEzNsrOI2cofxrGPDhL6+fHbOvYkKjRK7mD4EeK1fFTrriZGNwa6yqOWKtRrnTCiasrvfdvIolmW+6gHu8UX9+fKpmUQqkMMaIh3wlUMW2tpG+eQv8m7DXDj2uGhe8zhES/meVtdDe7LiAMuO7TlaxpM0EialPwKdV3wyzMTrNlg1AsTLI4I3z5ngSf6Y0GACDr23Eg1qQPH3uimvUEUDXzURj5KHybm/16IgmmIyT6VeHesUG5/Rt5eNFI8xvNdAAAAABJRU5ErkJggg==');
INSERT INTO journalentries(entry_id,journal_id,entry_title,entry,entry_time,entry_date,mins_ran,miles_ran,route) VALUES (12,'k6v-031','nibh in quis justo','odio in hac','8:50 AM','4/17/2022',56.93,7.52,'data:image/png;base64,iVBORw0KGgoAAAANSUhEUgAAABAAAAAQCAYAAAAf8/9hAAAABGdBTUEAAK/INwWK6QAAABl0RVh0U29mdHdhcmUAQWRvYmUgSW1hZ2VSZWFkeXHJZTwAAAHpSURBVDjLhZNbbxJhEIb3T/RWw78g2fjLvLE2ppe1TYNtvGuNRo6BcA4kIBBOgXCU3QXploCAmNQE/VY55PWbj7CWcPBibuab95l3ZmelZrOJRqOBWq2GarWKSqWCcrmMUqmEYrF4BEA6FFK9XsdyudyKfr8vILlc7iBEos4k6PV6orOu6yaEctwF0un0XohElqmYulGiUCiUptMp5vO5yBMwm80ikUjshEjUdV3IxX+45Z5hGPj29RcykbF463a7SKVSiMfjWxCJOq8tLxYLkPj72MCbEw3nz1WkwytIp9MhF4hEIhsQic/IJpOJKJrNZqKz7aWGm7Mu3l/quDppmxBN08gFAoGACZHy+fwzPiMbj1dFSvVBdL49v8PHq/stiKqq5AJer1dABCWTych8RjYajURRu/EDtmMV7y7+QWzHGj4FV++tVotcwO12H5mzJJNJmc/IhsPhFuSDTcfb0w6uTz/zr7MQLkKhEJxO59ONjfL55FgsxgaDgQm5fKHg+lUbtxdt/Jwaj8UWc4THEY1G5XA4zOgSxeLqD7h5/QW/jbkpdjgcFnOJu44jGAzKfr+f0SWuPzGJeX5DvBdA4fP5rHzTjA5MUZSd4oMACo/HY3W5XIzEdrvdsvOU//e78q5WLn6y7/0viZYv/mL7AwwAAAAASUVORK5CYII=');
INSERT INTO journalentries(entry_id,journal_id,entry_title,entry,entry_time,entry_date,mins_ran,miles_ran,route) VALUES (13,'IyW-774','ut','hac habitasse platea','5:54 PM','1/27/2021',75.4,7.24,'data:image/png;base64,iVBORw0KGgoAAAANSUhEUgAAABAAAAAQCAYAAAAf8/9hAAAABGdBTUEAAK/INwWK6QAAABl0RVh0U29mdHdhcmUAQWRvYmUgSW1hZ2VSZWFkeXHJZTwAAAK4SURBVBgZBcFfaFV1AADg7/zO2Zy7A3fVebdEQ2yCoeVfmmhQGlRgmCg0sEAoeivvWy/BiigYvoi9hPYgEfQYKGVgiIhaaJPSVlC6hU7v9Pon166755577+n7ovRtvZ3LjUiUAQQEAAQAQBO3HWrc8HHSudyIwRfLShuJOwgJUUSIiAIhIkSIiRAhb3H7Urnz++MSibLSRtKY/s3EuPsH9y4TAnFAIEYUyHN6FrNkA0uOlxMQdxC6WL8bsJusxt+nuPYdrVlE5DkiHk7TtYg2QRtRwuMKV79l4hy1Kh0Fnn6dVw/zxBAgIsuoZzQbNEgEhIjHFX7/mhCRBBavY92bLFjOcwe4fIRrp0ibNFKyFnWCgID+zez9iu2f8NQuZiY4/QE3zgIb3qW0jjSl3iRr0iBoQ0yEjgJ9q3l2H68cpncFY1/wzxlgywHyedQzshZ1goAID37j5PuMHaFWpaObbR/Ss5Szh5idprOHNTupN8naNEgEhEAemLurfv20cxfGXElXKi7qc/9en709tyz88XNfTixSLBY99JJnJqu2pbFEGyLiXLap7JsT5/2Xd9r31htqtZqpqSnHf0p136l6bd9+cRyrVCrGxsbcbKySgJDTt8aFyYbrlX/tGR527NP3nJ+c0z8wYO3atSYezbl48KDp6WlbV5Zs27vfyckdEiBi7q5fxy8pFAqgvHrGmT8bhoeHFYtFs7OzqtWqo0ePKj8/6BcUehdKNJA30TJw/5yfHw2A0cvztNoNo6OjCoUCqNVq8mZm9MRFO97ZqnrrpvijQb365w8pDpo/v9vZ8WnpXGrV+i02DW21bNkyrVZLqVQyNDTkhe3bDawY9Nf4VdfGrzyI0pf1dvYb0a/cajE52+Oz25t1L3lSx7wu7Zw9d36wMJtzbOkurSjI0rp7lamZBTMPdv4PY0MOogadRGMAAAAASUVORK5CYII=');
INSERT INTO journalentries(entry_id,journal_id,entry_title,entry,entry_time,entry_date,mins_ran,miles_ran,route) VALUES (14,'Tzz-115','orci nullam','augue vel accumsan tellus nisi eu','9:43 PM','1/17/2022',130.01,3.25,'data:image/png;base64,iVBORw0KGgoAAAANSUhEUgAAABAAAAAQCAQAAAC1+jfqAAAABGdBTUEAAK/INwWK6QAAABl0RVh0U29mdHdhcmUAQWRvYmUgSW1hZ2VSZWFkeXHJZTwAAAD9SURBVBgZBcFLLkNRAADQc1/fU6qkhFRMMNIQn8TUQCJWYBE2YBkWYQWMJIZmNuAXCSoGFUGIInJf33VOSAAAAIAcgLOFt3079flaEdTS50M6nT7YeggJwPFle6nhAoVhc370rnaXcwBSp62GTdxoGdPrkAPQD5OSbRFr6oLvjByA53CqY9YUvjy68YQcgELTuTd/khENbQk5ANGqFUSFnq6WW2QA5Op4VuhreJVEZACUAKiJkogMgIEKANFARAZAKQKolColMgA+f7vVkBkRSeYjvf6QAfB1cnnXNWTUhHHrXuLoESEBYO/aYjNUSqX3snk/2DjshwQAAAD4B9GUWR0G4scKAAAAAElFTkSuQmCC');
INSERT INTO journalentries(entry_id,journal_id,entry_title,entry,entry_time,entry_date,mins_ran,miles_ran,route) VALUES (15,'PoL-555','nulla','elementum ligula vehicula','11:18 AM','6/9/2021',100.53,6.84,'data:image/png;base64,iVBORw0KGgoAAAANSUhEUgAAABAAAAAQCAYAAAAf8/9hAAAABGdBTUEAAK/INwWK6QAAABl0RVh0U29mdHdhcmUAQWRvYmUgSW1hZ2VSZWFkeXHJZTwAAAInSURBVDjLpZPLS1RhFMB/M/eOr0YzH2mjghPjwoWGInWTMDCkmVZB/QPVrty1GXAVtHATLRIXtWgRBGGB2iKxIEgbopJhTMse9Jrpjoz4zuudx/d9LWxGh1oIHjicc+B8v/PgOw6lFHsRJ3uUPQP0eDweBM4DSClRSiGlzFMhxD/2r95zmKaZqaqq0gB27iPr/89m/UgkInSllOZyubg5JUhZ6yx/fIFKb+Csbuagt4Uz7i/4fD6C4ytYdgprM4Vlp3lw0YcQQtN3Vm2fu0XGfMOPaJTvCxaqbxqAdDrNtZPFSFmYGwtACIGeDQDSNW10tdbRXaDz8u0MEU3LJU5MTOQtz+/3bwGEEFuPM5LXCQ+6voy7rIyp1DGWlmxwbwEMw8hVz3ad18FK9BPV3sM80ttZ+pmiqKKA2o1fucT7Y3f4ujLDb3sNO7mJ/+g5ykXDdgd1+9aYXSxHVpRzoKYAe82mVC4AxTwND7PomqO7y6C+oonns8OMTA9QK9q3AVcCx3PzWZZFMplEygaklIyNDnE2cBrhFBw51MOz90MYLZ08HHmyDYhGoyQSCSorK2lsbKSkpCQHXFidx+VwE2i+BMDVU7d5/G6QjBxFF0J8CIfDzUIIOjo6HKFQSMVisbxft7q+zKwZImJOEuy5S//4BYq0QjSnrhy7uUaj13O93ru/r7P1BE21bXyeDxOaniT2bfWGY7fnbPR6+oHLQCmwDgy+GjCDfwBGL0x8usOKBQAAAABJRU5ErkJggg==');
INSERT INTO journalentries(entry_id,journal_id,entry_title,entry,entry_time,entry_date,mins_ran,miles_ran,route) VALUES (16,'rmi-746','in lacus','tortor risus dapibus augue vel','4:58 PM','12/16/2021',146.52,9.6,'data:image/png;base64,iVBORw0KGgoAAAANSUhEUgAAABAAAAAQCAYAAAAf8/9hAAAABGdBTUEAAK/INwWK6QAAABl0RVh0U29mdHdhcmUAQWRvYmUgSW1hZ2VSZWFkeXHJZTwAAABzSURBVDjLY/j//z9Dzqzj0UB8E8puA+KnBNgVQNwEYoM4WSRqBrEfQdmeIOIhiZph7BYg3sZApmY4myLNIFcwUKAZzB5wL7SNeoFKXiinIDlXgohUpLRNiuZakOUwL3gB8TEcGh5D2TVAfAnKLgbiDhAbAJ0nqHy8Qq7oAAAAAElFTkSuQmCC');
INSERT INTO journalentries(entry_id,journal_id,entry_title,entry,entry_time,entry_date,mins_ran,miles_ran,route) VALUES (17,'TRf-332','lacus','amet diam in magna','2:01 PM','3/18/2021',132.23,6.8,'data:image/png;base64,iVBORw0KGgoAAAANSUhEUgAAABAAAAAQCAYAAAAf8/9hAAAABGdBTUEAAK/INwWK6QAAABl0RVh0U29mdHdhcmUAQWRvYmUgSW1hZ2VSZWFkeXHJZTwAAADVSURBVDjLY/z//z8DJYCJgUIw8AawgIj58+c7A6lWIDYnUt89IC5MTEzcxAIVmKyvr6kpLi4C5jAygkkoG0FD2IwMr1+/VTp9+uJUIAdugIiQED/Do0cvGX7//gvxGxMTXBMIw/gsLCwM0tLCYD1wL0AAIwMzMzPD37//4YqRDUEYwAxkM6OGAcxGZmYWoAIGFA3oNDMziGbCNAAkCJL8/58Fp+0QS1ANYJw3b95/BQVZBj09bXjgIQIMxkelQeD8+UsM9+49gLjgwYPHYEwOYBzNCwwAGT0uf+Tb34kAAAAASUVORK5CYII=');
INSERT INTO journalentries(entry_id,journal_id,entry_title,entry,entry_time,entry_date,mins_ran,miles_ran,route) VALUES (18,'diG-810','cubilia','eleifend pede libero quis orci nullam','6:15 AM','9/21/2021',45.43,6.44,'data:image/png;base64,iVBORw0KGgoAAAANSUhEUgAAABAAAAAQCAYAAAAf8/9hAAAABGdBTUEAAK/INwWK6QAAABl0RVh0U29mdHdhcmUAQWRvYmUgSW1hZ2VSZWFkeXHJZTwAAAJ6SURBVDjLpZNZSNRRGMV//2XGsjFrMg2z0so2K21xIFpepYUiAsGIICLffI8eWiBBeg3qQV+KwBYKLB8qpHUmrahcKLc0QsxldNSxdPz/79LD1ChBUXTh8sG93POdc75zDa01/7NsgGvPR09rzQmpVZZSCqlAKIWUCqk0QqoZWyKFRir1uvxIbsAGUFqXHQqkpP1L57M3Pm5MMJBKpQHUdF9BKIGQAlcJXOlOVykSdye3leO6MmkGQNyHw+uO/1X3bzGBK+S0B1IqAKqDg3986HeCZPffwvJtoNT7lOZLvUdtAPEDAKBkRzo3QwMUb89InN1uGGD3spdE214xe8MRUnM2MfppNW0Pqy7YAK5UKK2xLbhdP4hlmdxpGMQwwQT8ziNiI534c7cT6WrFazikzF2Eb8HS1IQEDdiWwcHAQmpehTkQSAcgNvSMiYFW5uUUMdV3HW+ywefGNqITJsbUUL75k4FWYJtQ+yaMZcXrk1ANk/33mbdiD7EvlRieETy+FJLkMFcjRRSW3emIAwiF1hqPBfu2LGSWbbA1uZ41SfWkrtxPrPcypsfFiWYzFGzGKTjFV28WEJeIUHETLdOgrmkI1VdHpCdEet5enP4qLK9mKrqMgedv6cyrAP+qxOTiUxAi7oEJi8frELoFoTLpa7nI/HQvscgSRt+0kV1SSW7qYtp7xrBMphm4Mi5h/VIfTcEq1u0oJaknSEdNiMYHET7UvcMpPEN31Ed7zxgASmk1I0g6dK66s8CRak5mVxjnfS05+TsZCw/T9baTx1nnGb47DrQksjE6HrsHYPz6nYt3+Sc3L8+wA2tz0J6pF5OD4WP7Kpq7f5fO79DfSxjdtCtDAAAAAElFTkSuQmCC');
INSERT INTO journalentries(entry_id,journal_id,entry_title,entry,entry_time,entry_date,mins_ran,miles_ran,route) VALUES (19,'79w-479','proin eu mi nulla','ligula sit amet','12:47 PM','3/8/2022',141.11,4.33,'data:image/png;base64,iVBORw0KGgoAAAANSUhEUgAAABAAAAAQCAYAAAAf8/9hAAAABGdBTUEAAK/INwWK6QAAABl0RVh0U29mdHdhcmUAQWRvYmUgSW1hZ2VSZWFkeXHJZTwAAADzSURBVDjLY/z//z8DJYCJgUJAsQEsMEZ5efn/f//+Mfz58weOf//+Dce/fv2C0yC8d+9eRpA+RkrDAO6Czi3vrpT7COnA+LGxsdeRbUTHZ86c0UQx4MfvvwyZi55cvXX7a8jeZvXrQEWKuDSDMAyAvdCy+cV/EW42hk/ffzOcvvP1zMNbX+JOTdW7TowX4GGQs/jFlVfvvzPdvfop+OxM/euenp5XYLb9/PkTbjPMWw8fPtRB8cK3n/8YVuUpasG99OOHCrqzkWMDwwUUx4K3t/d/fIGGnCZA+PPnz1ROB7a2tv+xBRayrR8+fGDEGQsDlpkACSYJhTJIjokAAAAASUVORK5CYII=');
INSERT INTO journalentries(entry_id,journal_id,entry_title,entry,entry_time,entry_date,mins_ran,miles_ran,route) VALUES (20,'U5o-961','ac nibh fusce lacus','quam nec dui luctus','8:57 AM','8/24/2022',102.08,7.72,'data:image/png;base64,iVBORw0KGgoAAAANSUhEUgAAABAAAAAQCAYAAAAf8/9hAAAABGdBTUEAAK/INwWK6QAAABl0RVh0U29mdHdhcmUAQWRvYmUgSW1hZ2VSZWFkeXHJZTwAAAKGSURBVDjLpZNPSFRhFMV/33vfzDjOvBmlRkuz0THKIjGN2qSrFkFEBUFBG1fhtkW7aB1UUNDCyIJaRC3aRAXWxkroHxpCRGaY2uS/GWfUGUfffPPe+1poUbvCs77n3HPvuVdorVkP5P8Ujz3ae0IVtj80w80U5l4i7MlO8a8OfvQmTsvAyXvBjR1EG1pZGHvD8PNbs/JCz7u+snKrdS5fCi3ZjuFp8NC4nsbTGldrmq234kx7p4hWtJEd/YxfKKzIJsoq4zEZq4zWdR3bHimWtCgLmH91FYDKvEKlM0QThyhOP8BfLpgYGsb1/Fwe25c0UjknoRxP3OubJjmnKBQ1ExmPZNYjOdaHSvUSbTyMPdWD8M3jC1tgz2Hu7WK5YvdWo1B0RcBnULs5wvPBFAtLJaojgpXxx5QvPCO67Sj2ZDeGr4TK1TP1YoiB6vPE6psAhFy2HQASm8IIDb0DKdo3DOLLvaaq/Qhq5hamX2Mvxpnp/8DgtmtsrGtE6FWeUbDd1TxNSNSEiWaeYWbfo9wapj9ex8OmkK0l2f+JgcQVahsaCf4RviysrCoJAU7JwTd9n13Hb/PlwTlG+l8T2NqCPZ9mvu0ivnAMQztIn/y9ZWO56KIBpRxms3lGvqVRn57Q0NJBKLSDyaFR9IFLNDXvoX6zRXYhj+c4aA1ogVwuOtr1tEhl8tTFLO58TXH1Zjf7dzbgj7fQfOou/sgWPDSy3I+ssphK51ipCIL2tCxkJ8eLyok3bQmKcNAQN54mMdZGEkKsOfUQvw4DSbzS8sZn8iqX/jEl1VJ64uDZ3sqAFQrJgCmkNDFMgWmAYQgMucpb00KAdh2lVhbnM+nR5Hex3m80WCd+AqUYHPPwkaN5AAAAAElFTkSuQmCC');
INSERT INTO journalentries(entry_id,journal_id,entry_title,entry,entry_time,entry_date,mins_ran,miles_ran,route) VALUES (21,'Uid-985','phasellus','montes nascetur ridiculus','9:39 PM','4/21/2021',70.75,4.64,'data:image/png;base64,iVBORw0KGgoAAAANSUhEUgAAABAAAAAQCAYAAAAf8/9hAAAABGdBTUEAAK/INwWK6QAAABl0RVh0U29mdHdhcmUAQWRvYmUgSW1hZ2VSZWFkeXHJZTwAAAIySURBVDjLpdNdTFJhGAdw120X3XXR5kU33fQxS0+5Yl24lFnQKsvl2nJLM0fmXLNASceKgAv8yBGgJPEhkcIShEEYKuKU1IxcTm0WUDiJ1Fpbm1tZ/855186oLS/k4r/34n2e355z9rwZADLSyX8vCm+WU6fqT38+21S4ztPy1rmK4lXF5Ry//Hwm6LjoHN8QOGOgUOe9iGByCJ7FJ5BMX0ORiosfa1/wTHqQIAQ4VCHbwpXL53iWHPAe7QefJAvq4G2MLY9gcnUcQ0kf/AkvAm4DPvhl6Lq+jwEuESD7inLrCWXJ10BygC56SgpHlofxfGUMjvhjDH7sR1e0Hfq3VmiqKSwOt6CldCcD7CDA3qrOXfRo37tjRojC5SRt81KYIxp4lxx0+mCOaqEON8NeR2Ght5ppBvsTT9Yqai60F/y0vTehPlyBW+FKAliiOvQnPGQKY+Q+TOOdCCjzEPU2/A1wxIaH3a8N0C20ouGVAI3TVVC9kcEa0yO0MgrfkptM0mprwqypGKG2AgaYYYEsqfGFI94D4csy1E6VonlWgt64Fb6EG7aYGTdGK1ETEv6yu+wEcDQeZoA7LHBEJfxkiejQQxczccZtEE8JwHNRKLMK1rRzng6R3xU8kLkdM/oidAh2M8BRFsi7W/Iu38wBty8bXCcdSy6OyfjfUneCbjj34OoeMkHq92+4SP8A95wSTlrA/ISGnxZAmgeV+ewKbwqwi3MZQLQZQP3nFTLnttS73y9CuFIqo/imAAAAAElFTkSuQmCC');
INSERT INTO journalentries(entry_id,journal_id,entry_title,entry,entry_time,entry_date,mins_ran,miles_ran,route) VALUES (22,'I6K-988','justo maecenas rhoncus aliquam','nullam molestie nibh in lectus','7:18 PM','10/8/2022',49.75,8.43,'data:image/png;base64,iVBORw0KGgoAAAANSUhEUgAAABAAAAAQCAYAAAAf8/9hAAAABGdBTUEAAK/INwWK6QAAABl0RVh0U29mdHdhcmUAQWRvYmUgSW1hZ2VSZWFkeXHJZTwAAAHtSURBVDjLjZM9T9tQFIYpQ5eOMBKlW6eWIQipa8RfQKQghEAKqZgKFQgmFn5AWyVDCipVQZC2EqBWlEqdO2RCpAssQBRsx1+1ndix8wFvfW6wcUhQsfTI0j33PD7n+N4uAF2E+/S5RFwG/8Njl24/LyCIOI6j1+v1y0ajgU64cSSTybdBSVAwSMmmacKyLB/DMKBpGkRRZBJBEJBKpXyJl/yABLTBtm1Uq1X2JsrlMnRdhyRJTFCpVEAfSafTTUlQoFs1luxBAkoolUqQZbmtJTYTT/AoHInOfpcwtVtkwcSBgrkDGYph+60oisIq4Xm+VfB0+U/P0Lvj3NwPGfHPTcHMvoyFXwpe7UmQtAqTUCU0D1VVbwTPVk5jY19Fe3ZfQny7CE51WJDXqpjeEUHr45ki9rIqa4dmQiJfMLItGEs/FcQ2ucbRmdnSYy5vYWyLx/w3EaMfLmBaDpMQvuDJ65PY8Dpnz3wpYmLtApzcrIAqmfrEgdZH1grY/a36w6Xz0DKD8ES25/niYS6+wWE8mWfByY8cXmYEJFYLkHUHtVqNQcltAvoLD3v7o/FUHsNvzlnwxfsCEukC/ho3yUHaBN5Buo17Ojtyl+DqrnvQgUtfcC0ZcAdkUeA+ye7eMru9AUGIJPe4zh509UP/AAfNypi8oj/mAAAAAElFTkSuQmCC');
INSERT INTO journalentries(entry_id,journal_id,entry_title,entry,entry_time,entry_date,mins_ran,miles_ran,route) VALUES (23,'Han-708','ligula suspendisse ornare','donec dapibus duis','10:54 AM','5/10/2021',72.49,5.87,'data:image/png;base64,iVBORw0KGgoAAAANSUhEUgAAABAAAAAQCAYAAAAf8/9hAAAABGdBTUEAAK/INwWK6QAAABl0RVh0U29mdHdhcmUAQWRvYmUgSW1hZ2VSZWFkeXHJZTwAAAKvSURBVDjLpZJdSFNhGMcnIX4GhglGKHlRemHhYBoSiEkgZhgaIjqwNaqBGuxiF5FFhDOHzRmZlGBdhI5SopQInZOJtXkTKGYyN+fm5s7mOW7HtjHHhv17zynLqDDowMN7znOe/+/5egUABP9jewY4VlePOp3OG3a7/YnVaq32er37/hlgXlq65fF6wbIsb263G2azmZqdnU3fE/Bhbq7d7fEgGo0iEokgGAwiHA7D7/eDAFjjzEziXwEGo/Gu3eXixaFQiM/OMAzW19d5kNVmw3uTSfFHgMFgUFpIACfmgrmMnJj0zrfAGbOxAcP0tO83gHVgoI3S6xElgkAgAJ/Px4s9pJW1tTU4HA7YCJzzj01O4heAp7W1LTg0hNjUFLY6O7FpMICmaVAUBRdph2wBy8vLPJBsBi9HR5d+AKz19TK2vx8xQt1SqRBsacFnqRT04CDICrGysgKyQqwSITeHsfFxPNNqs3iAMTs7wdbUhBhxhpVKBMj7pkQCf10dmKoquNRqWCwWvJh4CsXji7iqOY8G5elwxfUTN3nAWE7OMbtcjujwMAIyGTYbG+GrrQVTWQlvWRmo4mJou67hzvAlvFnoxRylQ/dEE+q6j+Nk8yG14Hlm5pFFki3S1wdWLIavpgZ0RQW8paWgiopAE4C0/QxGPt7HyOIDbnBQ66+gWy/jAFuCntTUuNd5efOMXP4lpFCALi+Hp6QEbpEINAGwhYU41yrE24V+7H5G53s5wLcN9KSlHTSJRE5GLI6GGhpAE0CAVOAXCvEpPx+nmg9H7+mk6NBJeHHHuORnBTtr1KSkHBjIyHi1WFDAuoXCbVtu7va7rKyYNj39LAlUXlDnoUt3mc/Mndw3P4PdF+l2fHycJjFR9Cg5WfEwKalak5Cwf+cfCVYRC3Blfz9VnP8rovbZoQ8oWiIAAAAASUVORK5CYII=');
INSERT INTO journalentries(entry_id,journal_id,entry_title,entry,entry_time,entry_date,mins_ran,miles_ran,route) VALUES (24,'Tzz-115','in','nisl venenatis lacinia','6:19 PM','6/22/2022',114.85,2.59,'data:image/png;base64,iVBORw0KGgoAAAANSUhEUgAAABAAAAAQCAYAAAAf8/9hAAAABGdBTUEAAK/INwWK6QAAABl0RVh0U29mdHdhcmUAQWRvYmUgSW1hZ2VSZWFkeXHJZTwAAAIkSURBVDjLjZPLaxpRGMWzsHQTpLvusgiF7rvuqn9L/4Muu/UxvlAUFa0SUWsU32+jg0iLi1KIohhREWnxTdU4aG2E5vS7AxHSWJvFwJ3H79xzzv3mCMDRoSudTksTiUQ+Fotx4XBY8vf7x8CFaDS6CoVCQiAQ4Hw+n+RRAqlUShqPxxm8Ho/HWK1WIPjG4/FwLpfr6UGBOzgSiayHwyFoDYoAQRBwdnb22+FwJG0225O9AslkUkof83cwA8/Pz0FxsFgsRCcECxaLhTOZTJK9MJW1HgwGIPvMNsgRLjsD6NMNxL5+g9lsvjUajSW9Xv9sB1NZUgJ4KkuEyQG8Xi9IFLPZDOaLJt5++IJ3nkt87w9BsKDVal/vhckBqCwx+3Q6RalUwo/ZHO8DFQQ+NZHgP0Oj0Ww5jnsjCtBufDAY3E4mE5AI3G63mJ3BJI5isYher4dGq4uPcZ7BNwS/2pVIcN7v99/2+310Oh3k83kRZg4ymQy63S4ajQayuQuo1eqNUqk8vXeM1LJQq9VwfX2NdruNVqslOmDNX11doVqtIpvNQqVS/ST45MEgUVmjcrksfjSfz9FsNkURtmulUhFdMFihUJzsHWWarOdOp3NbKBTEo2OtL5dL1Ot18DwPyvtLLpef7hu63cJutx9brdYp240dIcudy+UYvCH45b9G/t4NTdaxwWAYsfysQMq7kclkLw79cA8e6HS6Y2p6RLDwP5hdfwD40PFHzWBC4QAAAABJRU5ErkJggg==');
INSERT INTO journalentries(entry_id,journal_id,entry_title,entry,entry_time,entry_date,mins_ran,miles_ran,route) VALUES (25,'pOO-016','odio odio elementum','odio consequat varius','9:03 PM','9/25/2021',70.61,1.41,'data:image/png;base64,iVBORw0KGgoAAAANSUhEUgAAABAAAAAQCAYAAAAf8/9hAAAABGdBTUEAAK/INwWK6QAAABl0RVh0U29mdHdhcmUAQWRvYmUgSW1hZ2VSZWFkeXHJZTwAAAJZSURBVDjLhZJLSFRxFMZ/995xXpYzaRn0AsloEUlQLSwqS5ShhGjTwtpZ0Toogly0iB4uWrWIVkLgvsVEi4wKsUULIwQxLGyU8TE6vmbm3v+9/0cLnXA06ducA+c7P74DxzLGUKHB3sPALZQ6h5HHkBKM/Ib2PyH8V3Q8GF1vtyoAg713UOoRsWSMSBQsB4wCtwD+EsxlXEzQzZVnzysBg71hjHlDtDpFVQSWcuAug6XAF6B9cCIQr4FCHhYm3iHEZW689m0AlOohVp0CIDeu8BZa8d04bXctLnVbiGKchalWJocVSkF4ewpRfLKa4OPLo6CHiO90WJ5QlLyDWHIe6d/HBBfWEnxAeE9Rfh2B+El9o0NmSKGDphDK7yKadCjOgldqRwuJkd+JJRso5MGxIVTTTDHfiRBnUH47s2P91O13mB7pslHe6t2FOQjcLwSl24RriuR+9bE000I+28L0jz7iu4rI0nWUO8jitCS6DdxSKoRwG8BAUAJfiJE9bTlL6/HF2vMdWutOpRRaa8JefkbUttW3DD0WBH4BnCTa3xtCuiAFuEVQXqhQtePqseMnT7NZu/v73zfheTaOsbA0WMYJUVzJMDXaiFdwkZ4h8E4A9LydrNi+d3EftrdyCktaGLPM768JIBPi2otD641iYCBS7s8eqQdgfN4HwLUicR4OS+BA2RPamFMp9bcfm/UqZlLKTXdtApRNN5urgVVY+d3Xw8uyt0pg2zbZbJZsNott21sC/pVgEUgmEgkSicRG+OJ/AUqpdDqdblNK1Zd/YK0WtNafN/r/AJRSSvzM+v9SAAAAAElFTkSuQmCC');
INSERT INTO journalentries(entry_id,journal_id,entry_title,entry,entry_time,entry_date,mins_ran,miles_ran,route) VALUES (26,'ysG-086','blandit ultrices','hac habitasse platea dictumst','4:42 PM','9/5/2021',126.47,9.45,'data:image/png;base64,iVBORw0KGgoAAAANSUhEUgAAABAAAAAQCAYAAAAf8/9hAAAABGdBTUEAAK/INwWK6QAAABl0RVh0U29mdHdhcmUAQWRvYmUgSW1hZ2VSZWFkeXHJZTwAAAJwSURBVDjLpVNNaxNRFD2TzOSTpFgZCg0JJPEDCaK48wNaEzS4cOlCsIgEXHWrCC3FRQXBP+BWCrpyKcZImhZmYdwVUaolIWXSGGPJpLHNJJnJjPdNnTBFXDlwuPe9eefcc98HZ5om/ufj7aRcLhdHo1Fa13VQBItOaJrmzFdzuVyG8TjmgMgzfr9/LZFIYDgc/lXF6VIQBJRKJciynJmfn1+1HJDq0uTkJJrNJrxe75jkJLK8Xq8jHA4jmUyiWq0u0PQqJ0nSTCAQWIvFYuh2u5YDG8wuI3IcB7fbbVUPhUIIBoMoFouo1WoZnvpZEkXR6pEt8vl8FuzqTicsGoaBfr+PVCqFra2tBZ5VUVUV7XYbg8FgvIhtJIv22J5jY57nMTExYTlkAmlWWVEU9Hq9I4R/CbAWIpEIc53m7eMpFApHBJyWnTmLjMxOzHaAr419tKayWLw7i82WjoDHhV/tH/jwZQf13X1cPR/FyUQc7Z6BM1MCll+UIFV6loCLOagpJu5lU2h0DfSGJrw8Z5GvnRLw4LqI9Q0Zfg+HgW5iW9GxNHcR8h7GAvnKdh0+Dw9tdLjbLg6YPRfF+28anhV+YoZydXj4TxsBfc1Eq9Vie5K3buLtp+/uXElNr1y+cBq6YWI67IZfcEFwgxwZ2Gho6Kq0kaQRPcbThZLxWqo8Jr0nrj8X7a30uZGX6zs4cZy3yCMSPqCqHdWEcmAg7HNR/zw6u01G/kicl68eZXXOviTkIk5hmXDr/o2UcDYuQvAIGJDd74qKzl4Xz9980lkxwkMib44fk/2RiEDhEmGOcJMgsjUEmbBOWCGsEXn84n4DYCewx+p/CvMAAAAASUVORK5CYII=');
INSERT INTO journalentries(entry_id,journal_id,entry_title,entry,entry_time,entry_date,mins_ran,miles_ran,route) VALUES (27,'TRf-332','felis sed','nec nisi vulputate nonummy maecenas','5:47 PM','5/10/2022',59.7,2.42,'data:image/png;base64,iVBORw0KGgoAAAANSUhEUgAAABAAAAAQCAYAAAAf8/9hAAAABGdBTUEAAK/INwWK6QAAABl0RVh0U29mdHdhcmUAQWRvYmUgSW1hZ2VSZWFkeXHJZTwAAAKtSURBVDjLpZPrT5JRHMfdetn/4evet3QrhGayZathrbwNppMU8ckFONEhoiGFeMNL4o3yBoi37lQQ89rYypaLIitTQVSUWKC9+Haeg5P5svXi+5zf7/t8f59zzrM9SQCS/kf0MeAKKfudodWe19vofhlE54sg2p4F0Px4A43T69BN/ET92A+oLd9QPexD5YMvUAx4F44Afc6dYCT6B/+iW73LsSOA6dUWNWEWAQNCoDcXMN0AOrKAtstAIx9o4AHqs0DVGZqVdH3AEaDLETwEkGGHHHheDjyVAk+KgclCwJ4HjF4DBgms8jTNFhnfJQDt5L7HTtCfD/SRoZ4coPs60EmG2wVAKwG0XKJZYbMnAWghH4s1H74JsCaG3X66jszEe8tsvLfPxdfgXhQ5+sUEQD+1hvDvAzpgYTW7CetsALb5AOxEUvtNlIwVodhaiOm3fnzdCOOqdi4B0I2vYo8AbPOb8Z0O18nF+AmYcQla39+DZExM+89re7iimUkA6mzfsRs5wMTiJmwzq2CaS6GuV8NkMqFGcweMWQJmVIKKGgX1tFodsuVdSElJOUkBqpEVhH7tY2phnQYMBgP8fj98Ph+cTifqG/QwtnfC6/VSz+1200xGRoaWApRDPgpo7JnAbZkCnqUl5DO5JHABIpEITU1NkMvltObz+VDXaiiEYZhdClCYP2GHAMoq6qDRaCggFoshjcuDw+GAx+OBy+WC1WoFj3cega0wBahUqigFlPctYzscw/1eMySSUgqQVSjB4XDA5XKRmZlJxdYcThqUVdUUUFBQEKKAMtNHd0nHUiRb/QgXs/KgvWuAecgCm80Go9EIqVQKmUxGa9YzD1qg1ekPyHWWj/2aycnJJ1JTU0+lp6evCIXCiFgsjhLtCwSCbKJzpA6zHvuOzbDZv+ti+O9p0FSiAAAAAElFTkSuQmCC');
INSERT INTO journalentries(entry_id,journal_id,entry_title,entry,entry_time,entry_date,mins_ran,miles_ran,route) VALUES (28,'XT5-942','eget rutrum at lorem','lobortis est phasellus sit amet','6:58 PM','9/24/2022',34.56,5.29,'data:image/png;base64,iVBORw0KGgoAAAANSUhEUgAAABAAAAAQCAYAAAAf8/9hAAAABGdBTUEAAK/INwWK6QAAABl0RVh0U29mdHdhcmUAQWRvYmUgSW1hZ2VSZWFkeXHJZTwAAAL+SURBVBgZBcFNaJtlAMDx//ORjzZbs7TJkmowbJcdZqr1oNavCiIIMraBh0IY7uZx8+OiVw9SQZgXp3gR3A5OtIigcxMcylyqVPADh0WNpO2bpk2bvm3e5P163sffT1hrATj/2drDwKXjR7JzwyhhGCVEScIoTlzgAOgBBugDO8DHwA0NAJDE8SMPVA7NvTpfAgAAwAuT/DBM8n3fVMMIDgLDf70BX//jPQtc1AAASRyXJ9ICgLU9Q0oItAClIZOS3JeRKClJKZitjnFPPjf54U/OOxIAwETRRE5DnMBBKHAj2AvA9cH1YWcEWwMDwOtX28wdy3F/MVXSAAAmiiYPpyVeAJ5vkFKgAaVAKlAIlIAEEGaf5r99fmm7jgYAMGFYzo8p3FHMMLBIaVESpBEoCQqLUoBVdPcD3r359z5wXgMAxGFYK0+kcH1LDGBBGYG0gAGFRVtJYsGkDHEYH/vi5cd3JQCACYNaJZ/BCy1CghICCUhAAADCgrUQBwEmDAyABnjuzetjWsl0JiUJjUFiAYsFDAIAAUgJkTEMvGEM7ANogDgIS7lcFinAD3xav/2Iu/4npakCTneHk0+d4dDhSW5f/4jfiwUek1uy67Rfm59/6z0NYMJgXOfSWBOxfONT8tLjxXMNPM9jfX2dZvMrVCrL2dOn0FrR6XTkysrK2+12uySeuHClCFw+Mz/7wvHsFs3vv2WhscDVT77kr1/vMF2pUK/X6XQ69Ho9OpubpI9Ut155qXF0aWnJ1SYMnwGeX7nb4k77Z2aq4wD0y6cYDG+xsLBAoVBgMBiwvb3N5fc/YHf8wW+Ac/l8PqNNFD10+umZsTcaj3Ltmkez2QSgtvs5a9KyuLhILpcDwPM8bJIwtXv7STjJxsaGr00UtTZ7Lldu3iXU0/TdAT98d4v6zAz1ep1ut8vq6iqZTIZarUa5XMYPo6PLy8t7juNsitnGpSJwEahhk6KK9qpToz9O3Fsp6kw6LYSA1qhEdnyCaVpYm9go8H3Hcbqe5539H/YvZvvl5HpaAAAAAElFTkSuQmCC');
INSERT INTO journalentries(entry_id,journal_id,entry_title,entry,entry_time,entry_date,mins_ran,miles_ran,route) VALUES (29,'mdX-317','consectetuer eget','ullamcorper augue a suscipit nulla','3:04 PM','6/7/2021',24.53,2.93,'data:image/png;base64,iVBORw0KGgoAAAANSUhEUgAAABAAAAAQCAYAAAAf8/9hAAAABGdBTUEAAK/INwWK6QAAABl0RVh0U29mdHdhcmUAQWRvYmUgSW1hZ2VSZWFkeXHJZTwAAAIxSURBVDjLfZLPi1JRFMffPzGLNkW7Ni1aJUitI4IWLVpm0RTUohazqkVU0GhjGcGU1NA6dFQ0FX09QVHxVzr+eE9RRMw0NVslPcmn8517nulkOj44XO6953y+33Pf4SRJgiiKyOfzyOVyyGazyGQySKfTSKVSawC4VcEVCgWMx+OFaDabKiQej6+EcKRMBY1GQ1Wu1+szCJ0xF4hEIkdCOLJMyaRGB8lkMt3v96EoinpOwFgshmAwuBTCkeo0kRX/YZYbg8EAnb6CwLeJk1qthnA4jEAgsADhSHlqeTQagYp//B7j+d4+nn4BhMbkrlqtkgv4/f45CMd6lHu9npo0HA7RZsqGzD7eiMA7CdjaO4RUKhVyAY/HM4NwiUTiHOtR7na7alKhp6jKZgb4UALeF+ch5XKZXMDpdKoQlRKNRrWsR7nT6ahJxZ8K9OkxzNIhxJAB+K8TSKlUIhew2+1rs15CoZCW9Si32+0FyA4DPPpkx/23Otx6eRk6/QU8MW9gd3f3xNyLsv60giDIrVZrBnnGIA8cH/HYeh1ucRvZ7zxMn+/gquk0zt49Zlz4rzzPa30+n0yTSBCJQa4ZLsJZeAVn8TXNCozCOkzCbQIMlk6X1+vVut1umSaRIJcenoFX3MG/nyu/TYCjZ9zlcmnYS8s0YOfvncQWfwObvE4t3vTrVjuYhsPh0NhsNnnDtI4rxlN4wd9UlWml/dI3+D+sVqvGYrEcZ8l6Fr/I9t9VT/cHUXogzRNu46kAAAAASUVORK5CYII=');
INSERT INTO journalentries(entry_id,journal_id,entry_title,entry,entry_time,entry_date,mins_ran,miles_ran,route) VALUES (30,'U5o-961','vestibulum quam sapien','ultricies eu nibh quisque id','6:43 PM','8/30/2022',146.2,3.14,'data:image/png;base64,iVBORw0KGgoAAAANSUhEUgAAABAAAAAQCAYAAAAf8/9hAAAABGdBTUEAAK/INwWK6QAAABl0RVh0U29mdHdhcmUAQWRvYmUgSW1hZ2VSZWFkeXHJZTwAAAITSURBVDjLpVNLaBNRFD2TjIq/TdGM0OJGXPhBFENq0aUrtQYJCJaC4GdZxI1IF1XBdiEuXSooBNKKisXfTkGtFqsIdmOxdaEUaSIlTtp05v2u902aTgIuKr3wuOfdee/c88685xARVhJu/k25jznOazJtxhhoAyibtcUExTkeGloR181Yf/f2TERgiHpymY2b/qfr1aHJPUsKmC3aPPz9HndW3EVBcpZaxplr9W+XO/ohpV7TQFDzoGvn2WV1nw+YVOnYA3tWG4W3xWURHE+3QDQSqEUCG6cOpXB/ZAYnD3pLtYejM8gdiOe//aBZgWQCNhJukhe/LyKZTODRaBFOAkgsLhr+wOp4zSoX2NG6DkLGBAl7BOuCm3SQ60jB5V13P3fjRCaFLA8bNmfbPRzZ79V+rTLNCojnduPTTyXc/tgFJVSEH09fgBQSD/ISYRAiXBAIqiECxulLgmzNlcxmb2NnejOO3TqMLS0eS5S48bwTSipcPzPAXTWqsoo5OYdK6KMifMbzGMwPwekbnKKLR9swNuXDYUkDL7LcVeFK9hnujJ9r7lytYVsTgYzUoTc/QbOVkF5+KZGNV+Mlau/dR/VgY6kxvv4o0+mb7yyMlNc8YLB76wb8ml3ANm8tCj2vMTntR4btal2NiZ9/mu6CMWQaLhKNXCt82yu0WW//rx2afZHR41H/vEzlSvCkjp2VPue/lFt5YsuGFGsAAAAASUVORK5CYII=');
INSERT INTO journalentries(entry_id,journal_id,entry_title,entry,entry_time,entry_date,mins_ran,miles_ran,route) VALUES (31,'TRf-332','dignissim vestibulum vestibulum','est phasellus sit amet erat','11:54 AM','4/16/2021',107.25,9.82,'data:image/png;base64,iVBORw0KGgoAAAANSUhEUgAAABAAAAAQCAYAAAAf8/9hAAAABGdBTUEAAK/INwWK6QAAABl0RVh0U29mdHdhcmUAQWRvYmUgSW1hZ2VSZWFkeXHJZTwAAAJwSURBVDjLjVNdSJNhFH62fWbNWboGKtmipVksf6AsN2dE0K833ZQwiu6CbgLpxgg0QiS6NKG6SMJCyAujCCz7UyhRySgixLT8W9NtLpkuN9/vfc/pwtZFzvKBw4GX5zw87/kxMDOSIdy138SKPzLRLBEfyDrSo5LxjFgBrLhxTfYx55qsox5WdA4rEpmXReiFxxrodM8pEWEx+5n9j0vDvoe7rcm4SR2QopZ1dm+6wWiElmaFeavXyorqV+Ug8MxdMt1Rplgt8mKgiUWomUnM8PiDYjnWWljyXwdMdN+yo9pIMoqvnW0YeXoXpE8jo+iiiRTd+GcTAx0ub0qmy5m25QRik9VgBpiBuO8a0vMqkZpd4Rm5U+BNKhDocFmIqNHsqALJMEC/q5lBpKOm/SSu+PpAiq4P3dxmWSZAiprN9lMbUzMd0GfaATDWZpgTH0Ncn0OubSdqWdsk4/rlRJ2BmTH1ZF8eEw3mHH+tqdgH6MHbuNQ3DrAOQRJCSuRk5qMo14P+sVf45OvF1YjcvrduZlhbWhpqtRSc15iiUPO9ABMkCRxynoVigiIFAsMfmURhbjmiIoYL8e6hhXqjSfM/Kq00bSgqTc+vgpzvhvo5AACISwHFhPHwMHSSkKRDVzrmFudRsrkCUX3B0D/6Rmik1K2MvNMAAM3ihmZxLQl0l0Mqiaz1dkhSUEyYikzAasnG+8m3+B4cRVPQ9M0w0VbcQorOsCKQIiRyjZSICwFBAnEp4LA5UeY4jHcTPRgefI66H0aYpLpnWOka/8auemNoj/2grevLywFBcPsbWPyZwmrgqDWEFJlsMVIpwQaWifdfoJOVMsp2n0QAAAAASUVORK5CYII=');
INSERT INTO journalentries(entry_id,journal_id,entry_title,entry,entry_time,entry_date,mins_ran,miles_ran,route) VALUES (32,'kvN-170','viverra pede ac','lacus morbi sem mauris laoreet','9:09 PM','3/15/2022',15.36,0.14,'data:image/png;base64,iVBORw0KGgoAAAANSUhEUgAAABAAAAAQCAYAAAAf8/9hAAAABGdBTUEAAK/INwWK6QAAABl0RVh0U29mdHdhcmUAQWRvYmUgSW1hZ2VSZWFkeXHJZTwAAALISURBVDjLpZNpMNRhHMc31ExNmjRTDdVMsxXLkntnTcmxJTKFMK6JnK1KcheKDDZXubbSoRdlNFFNGFTIbeiNsyjHnzI0ZrFk/621+21bx6wx9caLz/Pi+T3fz/Ob56AAoKwH2WAU2QyP+wNO6xKY3WgOsMseKJQvTrm6p0ohplzcuqR4/lsQ0QQmhzA0SxkUW6QPbv47xz9t3zBjd3ZeStu0g+OAFJGUESnUtYLwRqjHjyhqxxFCvVtE+dwxC84vc5ZklmV1dHnhrJUNlW9ty588ZS+wzSHiVwkMwxpAPRm/b0/kcOqF82/m5wyYpIBhwpXfyTCOyAjKLJT0Frji29sktD+xQgeX7ikrGoTVY3nhhJaJZFj/hFA+vD+YeMFOe7QwVhOF6c4yYHYUU53FaEm3Hl8UhNbKBKJdagVC1b0i0zPvyS3eRLayz7Didp+hSteb+fMT3XELwu8lGKtNg6DrNRaIRnQ9DSBlAr2QGsTo2euKlVUkC9t2JFNciUSKCwEFF0LMCi2S8LpjJWJBIwQDl8FrC8KXZ77oyXZDW7aD+qIguBrYsNEOCpv65VsPiE3Kn+y6DjHZgrl+L5AjHpj5HI2hPPPxKeNDH1cOUffKBwgpSk4iitLu5fDd9IOcsU9RS2FPkMPu4HfHoI9rSfalM4yk3aqtCA4HvcPjnTTz5XBkskZlZ0UIxIJ6kEO++D1yDtPSTnq5LJFjlh5/zTvQuVQBk3BtVWYEPc/7qjqvpzwaHRWZ+NHqjLkhD/Dar+FrrsXPqjSGJjNBe5CRSM9ZLbhYDgO2pp0+W8PqZQoLmCHQ+9AJNdFqaHpgg7oEo9E7/keOy24sWEON5q7NNg6jbV0R0APLQGeXQotdggR/HQhbciFszUJrkgWe+x0AK/AeaH6vligGzbdIxopAHmdTFZLjRRNV37YRVWVY1pVG6VD/9xv/AJGzmhVs7+fUAAAAAElFTkSuQmCC');
INSERT INTO journalentries(entry_id,journal_id,entry_title,entry,entry_time,entry_date,mins_ran,miles_ran,route) VALUES (33,'KRx-378','pede justo eu','pretium quis lectus suspendisse potenti in','2:56 PM','6/16/2022',43.42,2.73,'data:image/png;base64,iVBORw0KGgoAAAANSUhEUgAAABAAAAAQCAYAAAAf8/9hAAAABGdBTUEAAK/INwWK6QAAABl0RVh0U29mdHdhcmUAQWRvYmUgSW1hZ2VSZWFkeXHJZTwAAAIqSURBVDjLjZPNi1JRGMan/ooWDbSKNq2sgZqh0UgqKVoOU7OooEWLgZi+JIaYGolaRAS60JXuxJWoIC6E0KAgAzGbCqpFmua393qv9+PoPJ33THPHcYy68HDPvee8v/e8zznvFIApEn8Octm4Zv6hQ1z7rbgRgE3X9S5jbDgYDDBJfB5er/flKGQUMEPBiqJAVVVLkiSh0+mgVqsJSLVahc/nsyDbwfsIQAs0TYNhGNDevIX29BnUxx50u13U63UB6Pf7oCR+v38LMg6gYCOdhnb1GgaeVajnL0CWZTQajT0lCU/GAea379AWFsHu3kJ/4TLUO/etUprNpthJpVL5C4Ax6I/WwVbvoe9+AMazMvrHzSMI7YT8aLVakwHs8xdoS1eguC7CeJUBa3fEwkKhgEwmI+pP8/Ly+fxkgP78BZj7NgYP3ZDn7FDXPGJhKpVCuVwW/tA7HA7vBawdPrJEmZl7hQc7IJ2YtwCxWEyUIgzmCgaDuwF157kDlVOnC+bKMmS7E8a79zA3PsEs/0Q8Hkc2m4VpmkLkB5URjUa3AMpZ1+uew/lVmnMw/cZ1qOtPrGOirKVSCclk0gKQQqGQOFYB6NnPKPKsfdNYvgnJdQnsV23XWRMkkUig3W6LMSkQCOyUIJ+ch3R8Fj+O2j6YHzc2J/VAsVgUEBpHIhHkcjkaDy0P/hh5jBuk0sQ4gO4AXSIa09b595Cv7YnuHQFME+Q/2nlb1PrTvwGo2K3gWVH3FgAAAABJRU5ErkJggg==');
INSERT INTO journalentries(entry_id,journal_id,entry_title,entry,entry_time,entry_date,mins_ran,miles_ran,route) VALUES (34,'PGq-296','feugiat non','eros suspendisse accumsan tortor quis','10:54 AM','1/30/2021',52.96,9.7,'data:image/png;base64,iVBORw0KGgoAAAANSUhEUgAAABAAAAAQCAYAAAAf8/9hAAAABGdBTUEAAK/INwWK6QAAABl0RVh0U29mdHdhcmUAQWRvYmUgSW1hZ2VSZWFkeXHJZTwAAAFrSURBVDjLpZO/SmNREMZ/uVxFCGy7L+AjpAgoIUW4hZjCCDZCbCQgVlY+gaDNLghibbmy2EgQTCOp8gaWYmFrpbE4Z+azuPe6UVE2ZGBgzoHz/Zk5U5HELFFZ2/uzu9ysHT2OVZUAd+SOuSEXLkdmuITMMHd+zIfn29uH/YtfGydpbal2PLdQTX4uTEVcfR7bMXCSjoOS8ePT1NJfghKAVCYONhenBtg+vCcHkAOwcwOnTRiNRkjCzHD3TwmQZRnmlgNQTOG0mSPX6/V3TJNTmqw9FgAl0tY1nGUwHA4xM2KMbyom1Uii0+ng5oUFz1HPshy50Wh8yTp59tJCWaxfwt9VMRgMiDG+y48Kut3uWz/SGAKQP5ZEq9X6lrmMGGJhofCyclGhvyb6/T4hBEIIxBgJIXyaQq/XQ6WC8vJqHSCh3W7/1z/wQlH6cHd/vvM7bLgZbv86biWzhNyQFXvhTsF5DlCZdRsTZoxXOgYqlSAcLRcAAAAASUVORK5CYII=');
INSERT INTO journalentries(entry_id,journal_id,entry_title,entry,entry_time,entry_date,mins_ran,miles_ran,route) VALUES (35,'M0u-575','ante ipsum','potenti in eleifend quam a','3:58 PM','10/31/2022',115.02,2.69,'data:image/png;base64,iVBORw0KGgoAAAANSUhEUgAAABAAAAAQCAYAAAAf8/9hAAAABGdBTUEAAK/INwWK6QAAABl0RVh0U29mdHdhcmUAQWRvYmUgSW1hZ2VSZWFkeXHJZTwAAAK2SURBVBgZBcHLjxN1AADg79eZttvddttll+WxIGrAV4QYTbxoYsSLgjc5arx68qCGf8G7J+NBEg8e9GqURDEmEiOJAWNUwIi8sryWDbSdmc60Mx2/Lxw78caZ1fXVo1EUAYAAACAIgICymrt/7/6P8er66tHPPzklNIJyPgNAENRqAWSzBEFdN9TzWq3y0ckPj8ZRFKmUwuxL6fcXrJzJbJ18xFKv6/LlX1xMP3Nra6jXW3Z3eyiKm0Zp7t1jtWYcaQAMh9uGT7eMkkR2+m9JcluSJEJxQTEZm2Rj00liMkmUeSqEOYI4APr9ndQzi+/v4OPz2m+tWd+zV2d2xaQ8pDfoaUUNcbMlyXIhFAgaQDAcDiXJ2MP1ymilNPn6X6q5OvvZrEhk49SsyBR5alpkQqhBDNDvr1PPDPrLhu89Y+XTbeUre7TXCo9MtzW7+y22I81W0zibYkSgQQB5XkiTzHA0NF6qPHiC/Iv/1FWuMf1WPklMi1SeJubTVABBHACdzkB3OdVfXgbNtx/V+eCsuDpg7+pf8s7ERvcP7daW6eSaqPGOgDgAxsNUkhRI/bZ5x41Zw66DlSdPXbZ5PLUr+kYx+slg8Yj2uW1hNRPQEIKA5cFuFgZ+z0rXpk2DwU53XjtgX7xisrXXoDuycX1B54dLbrQqdbMFYqjr2rmbV13YvKTb7cnzXJKkkqLw61MNh7+6Ijl/3eZK0+3nHzdqBvtbbRAHZGVqq5ppt7qWOn15MdVd6Or/ed2+W5lWkwfPHnbzsZZ2e8HStKCuQUwQQkPPsknItKuOxdC16+I9rc2Jqy8dURxMvHz2oX/27xa1m5irZqWAuCwrVVXZ2PGcjVUCCMIhvMpaCCC8OPdCNBMttESNSDWvlFUlvHni+Hc719dej5oxggAIAAAIAIGyrGzd3Tr9P5JrNp8Zt4rCAAAAAElFTkSuQmCC');
INSERT INTO journalentries(entry_id,journal_id,entry_title,entry,entry_time,entry_date,mins_ran,miles_ran,route) VALUES (36,'mdX-317','ultrices','ridiculus mus vivamus vestibulum sagittis','1:37 PM','2/16/2021',18.41,2.3,'data:image/png;base64,iVBORw0KGgoAAAANSUhEUgAAABAAAAAQCAYAAAAf8/9hAAAABGdBTUEAAK/INwWK6QAAABl0RVh0U29mdHdhcmUAQWRvYmUgSW1hZ2VSZWFkeXHJZTwAAAHhSURBVDjLpZI9SJVxFMZ/r2YFflw/kcQsiJt5b1ije0tDtbQ3GtFQYwVNFbQ1ujRFa1MUJKQ4VhYqd7K4gopK3UIly+57nnMaXjHjqotnOfDnnOd/nt85SURwkDi02+ODqbsldxUlD0mvHw09ubSXQF1t8512nGJ/Uz/5lnxi0tB+E9QI3D//+EfVqhtppGxUNzCzmf0Ekojg4fS9cBeSoyzHQNuZxNyYXp5ZM5Mk1ZkZT688b6thIBenG/N4OB5B4InciYBCVyGnEBHO+/LH3SFKQuF4OEs/51ndXMXC8Ajqknrcg1O5PGa2h4CJUqVES0OO7sYevv2qoFBmJ/4gF4boaOrg6rPLYWaYiVfDo0my8w5uj12PQleB0vcp5I6HsHAUoqUhR29zH+5B4IxNTvDmxljy3x2YCYUwZVlbzXJh9UKeQY6t2m0Lt94Oh5loPdqK3EkjzZi4MM/Y9Db3MTv/mYWVxaqkw9IOATNR7B5ABHPrZQrtg9sb8XDKa1+QOwsri4zeHD9SAzE1wxBTXz9xtvMc5ZU5lirLSKIz18nJnhOZjb22YKkhd4odg5icpcoyL669TAAujlyIvmPHSWXY1ti1AmZ8mJ3ElP1ips1/YM3H300g+W+51nc95YPEX8fEbdA2ReVYAAAAAElFTkSuQmCC');
INSERT INTO journalentries(entry_id,journal_id,entry_title,entry,entry_time,entry_date,mins_ran,miles_ran,route) VALUES (37,'atO-182','turpis','ligula nec sem duis aliquam','1:45 PM','1/14/2022',116.3,2.67,'data:image/png;base64,iVBORw0KGgoAAAANSUhEUgAAABAAAAAQCAYAAAAf8/9hAAAABGdBTUEAAK/INwWK6QAAABl0RVh0U29mdHdhcmUAQWRvYmUgSW1hZ2VSZWFkeXHJZTwAAAMLSURBVDjLXZNbSBRRHMaHSHrpKehCYTch06AoTEiyy0MPEVFIUbYkqOFmgoZZBK2uli3VlrHeVitzUzPqoTT00VoqLe1CIomL3XPD3dnZ2ZnZcXac2fk6M+VY/eF3OPzP//vgfIdDAaCivdQcQiVhmDBEmKf3/4b0Fv85HyQkz/Qp9iGVQLgSfW2ZmA49hfgqOyDcXP1CLS7yKkWFjGItYKbz87x8/fJn4puC0NSojSHzg4REwyBwjzrHDR71y5O94F9Y2PCNpYLorAbffB1sRxPYdje4xqvgL5Qh5F4gRt/bROH9qSDRvSUkUD88VDk/bGPCXgsbaFimcLfrwHd1QnY5oJUWQis+htjlcnD374BpOo1gx8a49P2+OtmV4iPaZOpTM5X52Z3gm3AtErnbtRAfeBBtv4XYxHco8jTUmAzp21cIrhqILXWYbDiEieak2Oe6ue+INvl3QKeOOKNOO/hHdxFtaYReqqqCpmnMlBaPg3NcRKT9JkKluWC3b7loZKAvalGhl2uqQcxRjqmPX0xRa2srZFk29n19fWDfDUM6kQ/GUQUuLcNrGuhJs21uaHnZiE8rpoHdbkd3dzcqKiowNDQEgWGh7cgA7b6OyIZ0xjQgz8SwdxqhHdoHRYoZYkmS4HQ6DfHIyIjR4yZpaJlpCDaSF0rdNGsg5+R4I7WXESs5jvDbYWNYURQMDAxAEAQzk8CTfkiHs0BX2RBes372CrHsI5V8+VkwnR6wZ8oQV+P4v/QeY7XiZ2sLQrm5YFalVpoG0oGDaVP7sz6Ea68g7LpmmERHx6BpmkF0zIdwaQmClxygHeeJOOVDKHFNmmmgI+7Zaw2UnRFplxM/OzyQ8rOh7c6AtisdkiULPzwe+Otd8B+wiERsNf/CzIbcd6ce1mDfEzVUUoxQtR3BhhoD2m6Dv+QkXj5/rg3092tkdts/Bj09PQsJwvj4OHofP2Yi6VurIus3e/WkSVgMs3qdl1mxtpKc8T6fD2RWISSZBm1tbfMJYwSZsO7/rzwDOVtJiBD8hCV67xfvC+0h/fUq5wAAAABJRU5ErkJggg==');
INSERT INTO journalentries(entry_id,journal_id,entry_title,entry,entry_time,entry_date,mins_ran,miles_ran,route) VALUES (38,'7O9-157','nec','quis libero nullam','4:41 PM','2/10/2021',18.74,0.35,'data:image/png;base64,iVBORw0KGgoAAAANSUhEUgAAABAAAAAQCAYAAAAf8/9hAAAABGdBTUEAAK/INwWK6QAAABl0RVh0U29mdHdhcmUAQWRvYmUgSW1hZ2VSZWFkeXHJZTwAAAKKSURBVDjLjZJLaFNBFIa/ufcmJjHa1tYoiCIiPhCfoNKVoCIuFAWFLqS+QKXo1qUg4lLBhYIgNiiCBBRBxbe0Iqjgo7WgFsWmtmbRhlhNSczNnTnj4ta0xY0Dszhwzj/f+f9R1lq6u7u3jj65cF8XcuihLFvSvev5vzOsurq6VhhjXkhQmepiyF88zObLH/5r2vO89V4mk+ltbm4+Fvt4L51sBCwEQTCpUUSw1k6q4/F4KNLS0rLEGHNeUq24aIrPOv55yXEcRKRWK6VqgjWCaM+99LSUBQkbAE7dHEIELIQDAgKc3N00vkaNYGYrrtL8etpZExCBZXPjYwLhfd9fAsAYA4Db0NAwUldXN1h5eWOnU+yhku1n4a6jHG//QkxVGRj6hV/x+fS1QG64SMyt0tEzws3n3/lW0C8nEOzFVZqRJyHB73KFjesWs2NNkruvvnNiz9JJvlztzCPS1u5kMpneXC53LP/wCqW318BarLWU/YAfoxqAx2+GaoMVDUUf8j+rKCUTPdiHi2bkUceY8wrXQmCEs21rELFYwMWS8MD3fYql6ngKzus76ekpi5jQ8VjEoeIHnM704yjQRhAj44lYSEQmEezHQVO434FSCi0W32hcJwJYFCbMXyzWCloHVKt6AsGr2+lkSiBMh9FyQER5tG2bhpYq4IAFq4SYF+XM9QEKxdIEgu0HQoK7nbiuixGLSwThN+3vjtCUmIfCIV8e5NDaczjEKPtjHmitl6/+9KAvMSOOtZDNZvE8l/mzYVZylE0r11EfnQMO/KzMITVVk4iCpxTq758+sKhxw7xkdGOuFAxe/lzoWXXw1qUlC5pW1E+pJ+ZNR0uAEkFZg6gyvQN9DBcD/gCIAXUVRPlHKwAAAABJRU5ErkJggg==');
INSERT INTO journalentries(entry_id,journal_id,entry_title,entry,entry_time,entry_date,mins_ran,miles_ran,route) VALUES (39,'8wQ-023','praesent lectus vestibulum quam','cras mi pede malesuada in','6:08 PM','4/1/2022',34.33,8.1,'data:image/png;base64,iVBORw0KGgoAAAANSUhEUgAAABAAAAAQCAYAAAAf8/9hAAAABGdBTUEAAK/INwWK6QAAABl0RVh0U29mdHdhcmUAQWRvYmUgSW1hZ2VSZWFkeXHJZTwAAAIpSURBVDjLjZNPSFRRFMZ/9707o0SOOshM0x/JFtUmisKBooVEEUThsgi3KS0CN0G2lagWEYkSUdsRWgSFG9sVFAW1EIwQqRZiiDOZY804b967954249hUpB98y/PjO5zzKREBQCm1E0gDPv9XHpgTEQeAiFCDHAmCoBhFkTXGyL8cBIGMjo7eA3YDnog0ALJRFNlSqSTlcrnulZUVWV5elsXFRTHGyMLCgoyNjdUhanCyV9ayOSeIdTgnOCtY43DWYY3j9ulxkskkYRjinCOXy40MDAzcZXCyVzZS38MeKRQKf60EZPXSXInL9y+wLZMkCMs0RR28mJ2grSWJEo+lH9/IpNPE43GKxSLOOYwxpFIpAPTWjiaOtZ+gLdFKlJlD8u00xWP8lO/M5+e5efEB18b70VqjlMJai++vH8qLqoa+nn4+fJmiNNPCvMzQnIjzZuo1V88Ns3/HAcKKwfd9tNZorYnFYuuAMLDMfJ3m+fQznr7L0Vk9zGpLmezB4zx++YggqhAFEZ7n4ft+HVQHVMoB5++cJNWaRrQwMjHM9qCLTFcnJJq59WSIMLAopQDwfR/P8+oAbaqWK2eGSGxpxVrDnvQ+3s++4tPnj4SewYscUdUgIiilcM41/uXZG9kNz9h9aa+EYdjg+hnDwHDq+iGsaXwcZ6XhsdZW+FOqFk0B3caYt4Bic3Ja66NerVACOGttBXCbGbbWrgJW/VbnXbU6e5tMYIH8L54Xq0cq018+AAAAAElFTkSuQmCC');
INSERT INTO journalentries(entry_id,journal_id,entry_title,entry,entry_time,entry_date,mins_ran,miles_ran,route) VALUES (40,'rPx-316','vulputate elementum','nam congue risus','10:53 AM','6/28/2021',80.04,7.87,'data:image/png;base64,iVBORw0KGgoAAAANSUhEUgAAABAAAAAQCAYAAAAf8/9hAAAABGdBTUEAAK/INwWK6QAAABl0RVh0U29mdHdhcmUAQWRvYmUgSW1hZ2VSZWFkeXHJZTwAAAK2SURBVBgZBcHLjxN1AADg79eZttvddttll+WxIGrAV4QYTbxoYsSLgjc5arx68qCGf8G7J+NBEg8e9GqURDEmEiOJAWNUwIi8sryWDbSdmc60Mx2/Lxw78caZ1fXVo1EUAYAAACAIgICymrt/7/6P8er66tHPPzklNIJyPgNAENRqAWSzBEFdN9TzWq3y0ckPj8ZRFKmUwuxL6fcXrJzJbJ18xFKv6/LlX1xMP3Nra6jXW3Z3eyiKm0Zp7t1jtWYcaQAMh9uGT7eMkkR2+m9JcluSJEJxQTEZm2Rj00liMkmUeSqEOYI4APr9ndQzi+/v4OPz2m+tWd+zV2d2xaQ8pDfoaUUNcbMlyXIhFAgaQDAcDiXJ2MP1ymilNPn6X6q5OvvZrEhk49SsyBR5alpkQqhBDNDvr1PPDPrLhu89Y+XTbeUre7TXCo9MtzW7+y22I81W0zibYkSgQQB5XkiTzHA0NF6qPHiC/Iv/1FWuMf1WPklMi1SeJubTVABBHACdzkB3OdVfXgbNtx/V+eCsuDpg7+pf8s7ERvcP7daW6eSaqPGOgDgAxsNUkhRI/bZ5x41Zw66DlSdPXbZ5PLUr+kYx+slg8Yj2uW1hNRPQEIKA5cFuFgZ+z0rXpk2DwU53XjtgX7xisrXXoDuycX1B54dLbrQqdbMFYqjr2rmbV13YvKTb7cnzXJKkkqLw61MNh7+6Ijl/3eZK0+3nHzdqBvtbbRAHZGVqq5ppt7qWOn15MdVd6Or/ed2+W5lWkwfPHnbzsZZ2e8HStKCuQUwQQkPPsknItKuOxdC16+I9rc2Jqy8dURxMvHz2oX/27xa1m5irZqWAuCwrVVXZ2PGcjVUCCMIhvMpaCCC8OPdCNBMttESNSDWvlFUlvHni+Hc719dej5oxggAIAAAIAIGyrGzd3Tr9P5JrNp8Zt4rCAAAAAElFTkSuQmCC');
INSERT INTO journalentries(entry_id,journal_id,entry_title,entry,entry_time,entry_date,mins_ran,miles_ran,route) VALUES (41,'ysG-086','nec','sit amet justo morbi ut','6:04 AM','9/2/2022',75.77,9.21,'data:image/png;base64,iVBORw0KGgoAAAANSUhEUgAAABAAAAAQCAYAAAAf8/9hAAAABGdBTUEAAK/INwWK6QAAABl0RVh0U29mdHdhcmUAQWRvYmUgSW1hZ2VSZWFkeXHJZTwAAAJpSURBVDjLpZNNSJRhEMd/z7vr9m7t2oopZl/UoVWpQ0RC0EFL6FAQ4a0OXbrVLaJDEdStjhEUFQVBHaIuSocIomtWJvYFRhb51eqaH7vu7vu8zzvTQbENvDkwDAzMj+E//zGqymrCY5URBxh6vm/Ar21rM6aapwSF7yORm90PBP9NGQAWskc/ujiAUa9ly4EHNcYY0MVhjMFV8jtyA1dGdKkLEEvUqkbhZHHi1XngSRwApxXErgl+3yKyMfBqMSaN33yI5vZrCVQBARVAMV6q6VvPgcv/AKHxVCyRTaCiSPkX4UKO4uRravyNoCGIRdUBjnTLhQQq25Y1wKgvrowtgdoFwsI86ZZT+PWtgKGU72du5CWNbWeJJVKYeAYiL/4PEHrEk41kWk8vraoogtgxwj8vmP7+gVTzEfKDl0jXCf7mixAoVQBVjSpIaRCN5tCogLpZJJxh/vcwaxu7qN24h+Evj0nEF/A1gLDaBwGq4pBwCrFTiM0hNoctjjE7kSO9IUM030PDrtPMTIRIFCwfdhFgVQ0R6v6gbhoN86ibZnZ0jPrsCaj00/fwEalMmULeY378E7gqgFqZcaXpubCYEFdK44IGivkk4u0kXVdCgh+gQlR8y/aOc4y960Ws2GUNtBJcH759vB2lC0MaYwjq6hJbO896UnqDSpm93VnEjuOvGyKz7SBTE/e/Lh5whWfqv9NxZkPrsZtNO5NExT5ULe+ffWVvdysmth6Sh3l379KkinSuCOi7sX9098lHm2LeT9TNUOVkwCOWzJL7PMBQ79Wn8ZU+zAXW77/bXVZRVKQqdbkigqo2/QXSf1oX6zFeUgAAAABJRU5ErkJggg==');
INSERT INTO journalentries(entry_id,journal_id,entry_title,entry,entry_time,entry_date,mins_ran,miles_ran,route) VALUES (42,'M0u-575','vestibulum ac est lacinia','quis lectus suspendisse potenti in','9:25 AM','2/19/2021',95.12,4.21,'data:image/png;base64,iVBORw0KGgoAAAANSUhEUgAAABAAAAAQCAYAAAAf8/9hAAAABGdBTUEAAK/INwWK6QAAABl0RVh0U29mdHdhcmUAQWRvYmUgSW1hZ2VSZWFkeXHJZTwAAALpSURBVDjLdZNrSFNhGMf/Z9uZnjldy+lKKF2ThsqULgZdLAIrKTHKMLvYhS4fgiKLoi/Rx6LID0aIaRAUpQSFEcIMiS6mhoFmN0duVpo6azd1m+852+lZSeSlF36fHv7/532e//ty5eXl7yKRSCrhqqysNGOWU1xc/EEURbMkSY7GxsaMf2sqEqaHw+HbxOHS0lJ5NgMSR6kgCqbXVCSMIbaTu5h0qEKKVcSASTJYBDiSdB0LtEDZyVYVidcRmdMNFCR8S1QR9tf8DWFc8AkKjUGQBYPgRLagE4YExthn4hbRNeMGJEwg1hGSju/Ei/EOLFdehSJsgc29DV1eKxg7IFH3nYRuNgORcFLRaowBchO18LJjGAtkw+3bCPtoUnT+COFcnRU299zdJSu1Voz/eAYuNLA/OhubNMjaZDRDzWkgwYRx3QiQcgcRTsRNxrAnPxC3d/O2+YIhDzrTEnidFnxqqr0cNUggthqNxhzbmYFZMlBgZUYwY/++kmydfgXcvR+pCUN8wjxoExfqogZ+osHpdEqWCw3LBEpBDAOMAj1kqEaK3AellK7WmwswMVgHtYbDl85PEEPsZyg4tkpBm1UTJkLZNnER/rADkXA0e2BkxA1e4qBPL0Toew043gNeG4/YQO+w6B/Mzz3+wB414CcNuD8pnIBX7MG84UewxvqgSy9CaKAKCl4E86fB9bRtlI0GCpeeetL5e0C6vo+oJ/hoCkX0csxiGXbMeY7krC1gQ7VQqmVM+FPR39wakYKB7MWn2zv+xkidc0i8m0hbb0iVld3fkavawElcMga7r0GfrEbIvQBfm1tCJRVdsfZ+b9+UFZOBSNTwPK9pOjfMaT56uMw1RxHz7SXsDS3otLnx4p4NVx72nu1zBbwzMiKxg6j2eDxv6urquJ7PQxJ7/ximnDzExVkw0NE9dr7e+eV+u6uS/szP6QacLE/9gCVr5waXLjKqVmSYIPMTr4KukYOFl9468J/zC7f3tq13JhENAAAAAElFTkSuQmCC');
INSERT INTO journalentries(entry_id,journal_id,entry_title,entry,entry_time,entry_date,mins_ran,miles_ran,route) VALUES (43,'xsT-424','turpis eget elit sodales','etiam faucibus cursus urna ut tellus','11:23 AM','6/30/2021',33.53,2.64,'data:image/png;base64,iVBORw0KGgoAAAANSUhEUgAAABAAAAAQCAYAAAAf8/9hAAAABGdBTUEAAK/INwWK6QAAABl0RVh0U29mdHdhcmUAQWRvYmUgSW1hZ2VSZWFkeXHJZTwAAAGeSURBVDjLxVNNS0JRED3qA0MRoqCFouBGN9Yia9HGRa3b9x/6M62jf9CuTS0EV0arXASG0gcUYWIgmvi6792P7sz1WUI7Fw0Mc70z59wz88aYMQbLWBxL2tIEXrN5+mcPWkvrBsZQVNYDSKmglLTZ0J4lwjCER8XZ7OYcSDMxRs/cEdCZSKKoNeUU7u/rjoBMiE8GuKQrcCA1A0XuFK2sZKwC3xE4Zo1UahX5/Dam0yH6/Q4KhV17H+Lu7gKVyiESCQ/dbgPD4QvfSykQlzKcMxP4+fnGJr4seAdPT01MJh8oFve4uNOp20fWQBilQqvAEtBQqE+6IBuPe3h8bML3hyiX95FOr6HXayOT2UCpdIDR6I1r6VF6KK61z5N1ROAkvdBuX+H6+oznksttodE4wevrLbdC8h1GwCMZJF+pgIdSrR6xtCCYWLnrnBuP31GrHfN5MHhgcDRUj3pzbAFarfOFSUf++4tEA3dRwhNCsKRkMv2r+Oe7R7+jvbArNotu/6wC3/Z7yX3TdhkjbDS8eUTi5EoGuLhosX//N34Dm6aVPfzbYjIAAAAASUVORK5CYII=');
INSERT INTO journalentries(entry_id,journal_id,entry_title,entry,entry_time,entry_date,mins_ran,miles_ran,route) VALUES (44,'cBk-941','in','sit amet justo morbi','9:36 AM','3/22/2021',122.55,6.62,'data:image/png;base64,iVBORw0KGgoAAAANSUhEUgAAABAAAAAQCAYAAAAf8/9hAAAABGdBTUEAAK/INwWK6QAAABl0RVh0U29mdHdhcmUAQWRvYmUgSW1hZ2VSZWFkeXHJZTwAAALRSURBVDjLfVNbSJNhGP6li24C6UIiDHWah83UdJv7d7R5oiiPWGp5yIUHNNF0acNjrmWe5gx1Ujmd+pubW8upaSWZRilZdhN00WVBEAgalSK5p18hczm7eOF7eb/neZ/n/d6PAEDsFWETAoSN8aWbZ/EDXqLIFLr67x27RPpU6LUzl1hJiC08a7461lNo4GYLBjnf/ktwYrPjOF/+JxeZeWtCY+hSTk00FX9TsCroZttSrggb9iSQjJLL4hFybUuyiVwRDHHBpzjg6zmoni3B7CcLrjVnIiY75KpDAtqnVDQcComBXD5tioL5vQ6THwagfqFCQKsfMifiYJzXIrjlGI43+CNQxaK7jpArtM9t77RPWxjFx9CiBjcey1BhTUGZ9SIkWhIBDUzIBpIRGe/zcVsB7XOd9gnBfW6fhCK/njPHg3rTgtrxDJSa45DeH45UYwIMC3fQMa1GoJIJYaq3xc4Cf4AzR+rZIHVsmN61o3osDSWmWKTrpUgejEXXjAoF/SSye4IRVMMCS+HznVnmXWg3A/Ieey3VkIjmqUIUG2OQ1hOOpL4z6JxWorA/AZd6QnB99DySu/zAlB+1+RZ7weey598B8jpCfuSZZWh7Vo703kgUUWIaSCKXVpbVHYRKy1kYF9ogH45DVOuhDXHTwQNeOR6V2wSC29z6kOYA1I2XI0kXQ0vm4eFiJ8xv27eAQwsaaKbk0M81Io+KBrd+/0aA0snZ7hnZ9UEzXnIPdD9vpyUHb4HVT4rQMFkA1aMc1I5m0Q1y0TWrRFqvCN41xK9d+x9YwZoJVLBw4S4ThtcaUPMt0L9qhO7lLZokH9rZOuRQJ8GoIpZcFcRxh5/Iv9RHn6Bl4FSbKyJaXSBsckZGjwCdM7WQ9UfDvYr4clhBsHZtoqPwzHKfY2S4wV/p9DNTHwH3CuIzDfZ1uMp7hXvqkXVGpZPNrWIfXBQEY2ftN8xTb5GsXWfEAAAAAElFTkSuQmCC');
INSERT INTO journalentries(entry_id,journal_id,entry_title,entry,entry_time,entry_date,mins_ran,miles_ran,route) VALUES (45,'CTc-262','molestie sed','vestibulum sed magna at nunc commodo','7:41 PM','7/18/2021',137.31,0.48,'data:image/png;base64,iVBORw0KGgoAAAANSUhEUgAAABAAAAAQCAYAAAAf8/9hAAAABGdBTUEAAK/INwWK6QAAABl0RVh0U29mdHdhcmUAQWRvYmUgSW1hZ2VSZWFkeXHJZTwAAAIRSURBVDjLjZO9a1NhFMabozgIgqjgYkGwY7dKRScXBf8C/QfUycnBDpk6dHATkiGziEtFcBGkaZrmQ5M2sWlD0zbahgSS5t6ENLm5Nx837eM5r016k7boC8/ynvf5nXMeeMcAjIn43GJNsab/odssGvgcgKl2u31g2/Zhr9fDWeI6PB7POyfECZgWc7PZhGmaA9XrddRqNZTLZQUplUrwer0DSN/sEoA8aLVa6HQ6SDcaeJ7L4dH2FkoM0DRNASzLgjTx+Xx/IaMAMX/QddxMb4CSSdxY+4ly/QA6342upDIZBaSYfm09xeYE7m9u4v3+Php8J6tUKhU1SbFYPB/wbPc3KLGKh1sZWLYNzkWFJ3k0eC3Jo1qtDgNoJT7pcrtfzHPhCne+uBLHR11DgB9/5bsFlkBkf8MwFGgYkEzMS1cGgeIxPEinMZPbA0XCoHAIV6MRdLtdlY9ARMOAeOw1+f2rFPsB+h7F20IBc/k8JgS4HMQdvpdVBCCSaU5l4PJ6ZsV8mZU1m+rB49QaaCmAl5mMmkAk5iEAdyUe9QkFl3QZ91U2C5uLs3u7uBBYxCVWmDPoA/o6AUQjXxhwJOZ7HKDG9De/sqCAH7S4gJmdbTX+qE4A4VCeQssGff70rWBZR1J4urGO68Eg3DyNddztDB0OMjjO4S4HZErhvM/kNPNbQ/1eB2BcIP/xnfuSrz/+BzfCswvzr5lXAAAAAElFTkSuQmCC');
INSERT INTO journalentries(entry_id,journal_id,entry_title,entry,entry_time,entry_date,mins_ran,miles_ran,route) VALUES (46,'PGq-296','eu massa donec','nunc nisl duis bibendum felis','8:30 AM','5/13/2021',57.46,6.51,'data:image/png;base64,iVBORw0KGgoAAAANSUhEUgAAABAAAAAQCAYAAAAf8/9hAAAABGdBTUEAAK/INwWK6QAAABl0RVh0U29mdHdhcmUAQWRvYmUgSW1hZ2VSZWFkeXHJZTwAAAFzSURBVDjLY/j//z8DPlxYWFgAxA9ANDZ5BiIMeASlH5BswPz58+uampo2kuUCkGYgPg/EQvgsweZk5rlz5zYSoxnDAKBmprq6umONjY1vsmdeamvd9Pzc1N2vv/Zse/k0a/6jZWGT7hWGTLhrEdR7hwOrAfPmzWtob29/XlRc9qdjw8P76fMeTU2c9WBi5LQH7UB6ftS0B9MDe+7k+XfeCvRpu6Xr1XJTEMPP2TMvlkzZ8fhn9JSb+ujO9e+6ZebbcSvMu/Wmm2fzDSv3hmuGsHh+BAptkJ9Llj3e2LDu2SVcfvZqucHm0XhD163+mplLzVVtjHgGar7asO75bUKB51R9Vdih4ooqRkprXPfsXsfm558JGQDCtqWXmDAEi5Y+PjNhx4v/QL8aE2MIhkD8zAcbJ+189d+z5UYOWQZ4t9xsnLjj5f/A3ltLyDIAGDXe7Zue/89b/OiZY8UVNpINAEaNUOWqp38qVj3+DwykQEIGAABS5b0Ghvs3EQAAAABJRU5ErkJggg==');
INSERT INTO journalentries(entry_id,journal_id,entry_title,entry,entry_time,entry_date,mins_ran,miles_ran,route) VALUES (47,'EKX-973','vel','in est risus','1:03 PM','10/22/2021',54.67,4.72,'data:image/png;base64,iVBORw0KGgoAAAANSUhEUgAAABAAAAAQCAYAAAAf8/9hAAAABGdBTUEAAK/INwWK6QAAABl0RVh0U29mdHdhcmUAQWRvYmUgSW1hZ2VSZWFkeXHJZTwAAAGsSURBVDjLpZIxixNRFIW/kVHQQlwEQdgUdkkgTX6BkMIi/yJY5geE/ISAZIuUSb9lgnYWNsraaOkkTSSz6MLWJhmY9+7ZIm8mCUYLvfDg8d49h3POvZEk/qdigMFgkEqqSEp6vV79b4But/shz/OXzrlkMpnU4/BeabfbzGaz2pt3NzIJAd4DAplhAm+w3W7pdDqMRqNaqcB7/3U6nTbjR095fnYfGQiQCRPogOT2yTnD4RDn3CeAqMhg8Panzs8e7AAGkpDApJLITJiJ5U3GoPMiKhUQ5HoDJMwCsLjbMUnu7ThEAHnbNQrMDBkBYCWwIHTuBIEzMC8sNO2ai7vtlQjM6XcCc4Y3lT514FnBUqHEnSJwDry30v8xyV6RBM5OWfAe7+OQegAqjPIgQEl4f1LB7qOUa2DB++E4FbIqKpJEq9VK8zyvPHz8jFedi6PED6VL4vLiNd+Tz3jvkyzL6vcAsiyr9Pt9bn8sWVyvWVxvmKdrFqtfzNM189WGZLUmSTcsv10xHo9xztV285doNptfGo2GVavVK4UF+tOJ4/h9FEUCPkrar/K/1h35Nbw8S+DdbwAAAABJRU5ErkJggg==');
INSERT INTO journalentries(entry_id,journal_id,entry_title,entry,entry_time,entry_date,mins_ran,miles_ran,route) VALUES (48,'Bwt-060','felis','convallis duis consequat dui nec','9:09 PM','9/12/2021',109.74,6.63,'data:image/png;base64,iVBORw0KGgoAAAANSUhEUgAAABAAAAAQCAYAAAAf8/9hAAAABGdBTUEAAK/INwWK6QAAABl0RVh0U29mdHdhcmUAQWRvYmUgSW1hZ2VSZWFkeXHJZTwAAAKsSURBVDjLhZJfSFNxFMcHPUUP0aP0EoSEVEaY5QixFzMTRtLDCH1QqIbEKBCzTEyxPwotsbLUETSHmTUTm86mrk03N9eW253Oua2pW8OcS6Z3d7uzWd/uZi0qaQfOww/O93N+53wPCwDr7yyoJ0oqRG61oM9P3u3xkUUCQp3C7SnZqnZLsUDqXzK6wpjxrGPKHcHYDAVei3NpW86TkqSAcqZzTOz8vI4PLhp6ZxjmBRpycxAZZXJ1UkBjr4+c9myKJxw0NLYQlNMUxmcpFDZayaSAum4fScxHMGEPQx0XhzBMUBhlxsivI5IDCutNaqU1CNM8jRELhUFTrHsIL3Wr2J7XmXyEnQVdNUUCKz06E4LUSOK1fg1ygpmfPxpl7eI3/xdwmK/j8oUum/jtHERDC2iQeHHrhQePemfR2mNBToV6hZVyu2ZLwH6e4tClNqdVwyzL5o3AOEfD8DEMLfN96ZtevOuqhk7WAKXkJoRVJ+1VnPTcPwDZFTqhbHINVg/N+B6C0RUD0Bjol8KqbYduahEq8wqGDH7I9XY8rT0VOp994EQCUNpkd4zbg1BaSIxZKbxnuusdYfQ/vYIxsxerwa+4U1mNWCwGIuge1OAa56AqAeAL3bTBEYJ42AcV47uOsTG2fZnoKmSG5bjwFyC6sYEOlRvNl9mrCQCvxRXR2kPoVCxDYQlu3sAUhVcPStGtWcT3n4BYfmMeDwdmcY+XGUgAcq+bXGKlH31afxygYm5BbiZxv/wcOmUqfApE45BYzH+J4nHHM5SxUxW/7Tgmzd/B1beWNdsxwgjHbRSzTBIdXQo08dkQSSR4PkRAPDCJdlEbqjhpgTOZaex/Dmk3d3gpg2/w5t0gAjmVRDT1gi6653Rr8OzxPLq2+OhGfXF64GLWXjnnyL6sWP0PKd/8SStdk8YAAAAASUVORK5CYII=');
INSERT INTO journalentries(entry_id,journal_id,entry_title,entry,entry_time,entry_date,mins_ran,miles_ran,route) VALUES (49,'Xf8-521','rutrum neque aenean auctor','vestibulum ante ipsum','9:43 AM','5/15/2021',41.87,1.17,'data:image/png;base64,iVBORw0KGgoAAAANSUhEUgAAABAAAAAQCAYAAAAf8/9hAAAABGdBTUEAAK/INwWK6QAAABl0RVh0U29mdHdhcmUAQWRvYmUgSW1hZ2VSZWFkeXHJZTwAAAJZSURBVDjLjZNfTFJRHMdBmX/m1Pln+qDTNjcmD77oo62trYd667H10nNPvrbWIy+u0FFAOhrMzWZKXaYE8YAx4+Ll8kfL/NPoIuBdmAVjCQQb1LdzLkg2wzrb5557zu/8Pud3/xwZABmFNLlKpbqi1Wr9SqXyKhkr6FwFxejo6EWj0cjRNXSumkcvAuk4QsBuRyKRAG+zSWOhAr3fcDqlWMjhqMYqG8vkdLDV2IhdloUoitgh/dv6eqTq6iQ25XLser1SjK7ZrAgq1ZUF4ZYWMHNziMViYMxmbHR3I97ZiXhbG4LNzWBMpnKM9Ht/E3xtb8fq8DBm+vvhGhxEZGAA0b4+7Pf0YI+I7K2teNjUhJcNDUiQis4IMl1dOBofx+exMRyOjEAksvjQEKJEFCEiobcXH0lVQkcHUgrFnwKe51EqlWpSLBaRz+claKNzNKemIJfLIRAIIJVK4smSA48ZN6YtPPTWEGYsr1HIZ88X0GSr1YoF+xosngjCiSyiyQL4yDFWeBHzK2/g8/nOCmipJxKGYaBn/NgRj+GPfcf6fg5ewtanPHRL3tqCE6hAs+iD8KWA9UgWrJDF6ocMQgcFPHoRBMdx/xbonvPYFjNYC5eTKUGxgPvzrPSY1V+ZCkjSj9MCyuIrDq7QAYKxHLhYHgGyu+1dBtOzC7A/1f0WuFwupNPpb1Ry+mUmjpJwsu9JJRwM5AtonvGYmrUgsGyAffIm7l2/cEMS6PV6uN1ueDyec2HJOWBMU3BobmF7+QGME5dykkCtVrPkGON/mbx7G+Y7134aJi7jF1A6sIfsK39SAAAAAElFTkSuQmCC');
INSERT INTO journalentries(entry_id,journal_id,entry_title,entry,entry_time,entry_date,mins_ran,miles_ran,route) VALUES (50,'0bC-169','orci mauris lacinia sapien','vel est donec odio justo','12:51 PM','4/13/2022',53.2,7.31,'data:image/png;base64,iVBORw0KGgoAAAANSUhEUgAAABAAAAAQCAYAAAAf8/9hAAAABGdBTUEAAK/INwWK6QAAABl0RVh0U29mdHdhcmUAQWRvYmUgSW1hZ2VSZWFkeXHJZTwAAAI3SURBVDjLpZNNSJRxEMaf1XVVyA/8iH1fKdEKIzwpSIeCLmkRUaaXSsE6tB3qYLIQeTUMCwqEKNI6hJHRNamwEDSXCENKoaKNNjLCd9PDRuX7f2b+HUSzcLs4t2Hm+Q0zPBOw1mItkbEy6RiP9LSPnuhK19x6r6nn8MDBrlUBHc8iveFsN+rkOJ2nnhy78q+4ZbCp180ri7qFbmfjjb3L9UDH+MlMq9oXznHaNuVvgYjg3dwbJOYT/UKJkAIx0ucUlLVVOVWgJabiU4jPxPtpJBJU1bMqWpuFEFQVFhakgEbqhBKlkUyStUJCrEBVEQxmwfisEyPRgLUWp58e3xgKhBJ1znaoKh6/fYRbjYOBlSscuN5g62vrQSsYjg0j9T1VPnIu9ikDAISyOFUEtITS4sidxtCy+FpDSI2CSlAJYwj68ueIQoEYQixBEYTzwqBh9xLA+Ox2SlwYXazTX4QAQBAASJlZMP6cl/KK8nMLUF5agR+/fp7Zf3V3tVDgFLv1lRsqQCVmkx5SqdQcKTMAEFgyUsvdQ82kDFSUVIbcYhcKC2/egwhRWFAEqkH84wdMTU/7Qjk6cfHV/b8AANB8c99mGukk2bq1fFvm+uJSqAo+f/2CickJEcptGjn/8tLr98s+WM3Key7v2rEuN2+0proGYhWx5zF4yeTOFxcmx/5r5aV42D4y5n1LLvhi4NNg1vMWVhOnBQAAfWarVSgUNJKdri+YFmCIB0NDECMQStpvDKz1nX8D4+Fd1+gIFK0AAAAASUVORK5CYII=');
INSERT INTO journalentries(entry_id,journal_id,entry_title,entry,entry_time,entry_date,mins_ran,miles_ran,route) VALUES (51,'euF-792','vitae ipsum','ultricies eu nibh quisque id justo','10:27 AM','4/11/2022',87.55,9.17,'data:image/png;base64,iVBORw0KGgoAAAANSUhEUgAAABAAAAAQCAYAAAAf8/9hAAAABGdBTUEAAK/INwWK6QAAABl0RVh0U29mdHdhcmUAQWRvYmUgSW1hZ2VSZWFkeXHJZTwAAAIdSURBVDjLpVNLa1NREP7uzb2hkSR2Yc2jxtKg2BYExY2C2RTBRXHfPyAu/ANZunYjLt24ElToShddiC1dSNWVSCE1bSJqsOTRxvTmvs/DOSdaQVexA8PMuWfuN/N9wzGklDiOmTimWb+Ter1+J47jB+QhmRcEgeP7fpf8g+d5HYoDijvkr6rVKvsHgAoe0o8gr1YqlUdjTzAcDm3qukpAz8ehYGw02TeKZ9yddRAAJhdugnMBpp0jZhws5ogoxrE6Mx2jUd5SADJnOUeIaitqMUK5kPrMKapcfeNC6JzwsVE7+LOFc8UMWh0X56ez+NJ2MFfK4vP3AQa+h2avj609H439GP0gxkIppSeMIgZjfTeiCYZodV2NrC5UR0Zumgx26iQuFNOw7AQ6gwh9J4QtfXBm4PXHLkzGRiMtXi7gxpUicRVYulpCGBFHM41y7gT6oYG9Q9LCSGD6dAZdZ6SR0sPSIlkSLze/gjHVWeDpWoMKJAI/QjJpg4VM8w/pfsJKgEmLhGZUz38BUNdb187i2VoTy4vlI0FX3rZHanNoSlpkA/BcF+lMUk9hRTEh2QLvtnuYyWfwZqutFRY0SRIcjs+RSSUR0kSWSVQOYsj9TzAdh2pmYIUR69Vceeqv/epcibnbDjBbyGoKh24I1q7h+lQHPxqbyDnzjjHua3xxb+l2vpC/PzV7aXL7/apn/M9zfnJ3brlQvvhYCJb6CQyniQeOtrI4AAAAAElFTkSuQmCC');
INSERT INTO journalentries(entry_id,journal_id,entry_title,entry,entry_time,entry_date,mins_ran,miles_ran,route) VALUES (52,'evo-958','a suscipit nulla','tristique tortor eu','6:42 AM','6/6/2022',1.74,2.27,'data:image/png;base64,iVBORw0KGgoAAAANSUhEUgAAABAAAAAQCAYAAAAf8/9hAAAABGdBTUEAAK/INwWK6QAAABl0RVh0U29mdHdhcmUAQWRvYmUgSW1hZ2VSZWFkeXHJZTwAAANTSURBVDjLTZJtTFNXGMdvlpgl27Jvi5/2meyLWZbFGBdBBqJpi0njEtzEJUZa7LBGrARwTkvZFFpqodmKMC0CCrG1jSJqfCktl65YkUKtIFVKl6KzlVZa2vJShP/OOXHNbvK7ee5znv/v3HtyOQBc6hb3AUFJ8BIeET6k/f9Dehvfr7sJOf/1uXkrt4GgTo3se5mJ2pEYKY24+4qdxx9kHITYexwP+8T8wpgsujh5Mkbm3YTPmSDSy/2ccO9/tRK+hbnhA/OPTVuTDc4ofh+J4OL4awatz/EzGDd9lY776tLJccUbkhslbOBmL3G/LHhPxsJDB+Zdl7eu6odDuOr9Bz383zBYJ6A3T+CSbQY9Yy9hHLTjWd/OtcVZ87vw9S/8JJvDBdq4bVPtH/n/urAprbbPoNcdgtUexPRsAtFEEnOJFPyhBLrvTcM4FMTVG03w9mxZnmz/1EOyOewgjl+8qam2+NDuDMJEdqPX23gcz1+9xhKpKcl14Hz/NAyOFzhl4vFTh+s3dgb0tq9t1FF1zYfzd/yYJDunV9eRTKfxh7EDESJaWF6G5e4A+OdxnDU9AZ2lmazgu2Y+VtnjQeMVLyKLGbxdXsMKWahV1uGy9QaqT9fhnssNXzyDYwY36CzNZAW7z96JSS+4oewYQyiZIZI1zMYX8GuTloX5sSeYWwUeRzOQNw+DztJMVrDr1DXHXp0ddd2juP80DMvt+9CQsNFoREOjGqOBIJ6GE6hv0LCe6kwjflA0BnJzcz9mgvyqTqVAeR1H2oZwqFqLlpYWhMNhBAIBDA4OQkeeDe1/YnLKz3pOp5PNiEQiNRN8Izd8TZjYLtVAUVUDj8+HE6frUVxcDIlEAr1ej9raWlYLRSKI9x9KUolCoYhn//XNkqZy4V5JRqmqZ4KjzTbkF+yAzWaDx+MBz/OwWCzI/7YQWw6ekVOBSqVaygpcLle+TqfDYbmcCQTfy8hwAYqKiiAWixm0LiwsRGlp6SMqKC8vn2fh/v7+zwjJgYEBuvhOrWla6r7Su2q1WtHa2orKykrU1NSwmvbMZjO0Wm2CfOIzJujq6vqEMNXZ2bkik8n2CASCYFlZWaqiomKJsFJSUvIjoYDUKTl5Q6lUui4UCkN5eXlf/gvG8MXqEEqGrAAAAABJRU5ErkJggg==');
INSERT INTO journalentries(entry_id,journal_id,entry_title,entry,entry_time,entry_date,mins_ran,miles_ran,route) VALUES (53,'pr2-962','curae','libero rutrum ac lobortis vel','2:06 PM','6/14/2022',88.76,6.68,'data:image/png;base64,iVBORw0KGgoAAAANSUhEUgAAABAAAAAQCAYAAAAf8/9hAAAABGdBTUEAAK/INwWK6QAAABl0RVh0U29mdHdhcmUAQWRvYmUgSW1hZ2VSZWFkeXHJZTwAAAJhSURBVDjLdZPda85hGMc/v+f5Pc8e2wE2QtiMyZh5K4RSpCkHxJnkSElOxJFy4kDyF3DopR15yUst2pRpJw4cSJLETCTb0mxre57f775eHPyevdBcdXfV3X19ru/36rojd+fwuZtt7n7PYQRnt+O4A+5kyaePaSAko19e3rm0GiAme3DaobV9Q2M0NDyK+1QRZDDDDX6PTlBOHPO4mWpkANjbvmFltG/TShqXteMZAXPLulrWffGCWmpLMXuOnOEvAO4L29uaePr6EyMjk7gZADalwh035/fYJJUkZXZULRDFxZi1G5toWVKPKrgbZo6qo2aIOeVK4O793rkAjqrxdWiMYq5ApVIhJCli2b2QJy4UWVRXg7nPAQBMDdFAkiQc3dGSyc/U4e7cevGBUCrwT/2MgqCGBkE0R2fve5IgiDoqhhBRKBZJJRvqnAARIw2B1MBzNUSFAuQciwwzI9WIVP8LgCCKVIQkKKJGUKvmDL5+4BFrPj5g29AAv4olujviix3dcm1GgRohCSRBMzvqpFVIa/9jdiV9tJ48Q01zG+W33bzv67nSc6AwkZttIaQZIBWjHJQ0KIkYy991sm7fMUqfe4luH6e2/yGrmhryHvn5eGphUlEkEZJgBDNUnGBKCM788UFKS5vh0IUZ75eXkbdo1fQMVB1NNbNghogh4og4Y7UNTL7pou7JWZLyTyaB8bE8mufH9AzI5di+cxMeRag6oo5V8+iWE7x71UVj/TzifIHxYWFgMFLHr08Bep51vTqV/bxZ+4+Dw3NfwX7byuZvPTSkYPncd8dvHOyWq38AFgvYQWlFsCQAAAAASUVORK5CYII=');
INSERT INTO journalentries(entry_id,journal_id,entry_title,entry,entry_time,entry_date,mins_ran,miles_ran,route) VALUES (54,'0pf-754','pellentesque quisque porta','luctus et ultrices posuere cubilia','8:54 AM','11/25/2021',20.67,0.83,'data:image/png;base64,iVBORw0KGgoAAAANSUhEUgAAABAAAAAQCAYAAAAf8/9hAAAABGdBTUEAAK/INwWK6QAAABl0RVh0U29mdHdhcmUAQWRvYmUgSW1hZ2VSZWFkeXHJZTwAAAIaSURBVDjLY/j//z8DLqyaNVPLrnr5PMnESay41DDgM8Cuellm+7rTT0RiJ3Aii4snTGIiygDnupV5c/dc/QF0AT9MTCl9hq5P67qtRBng3ri6ZN2Je/9lU6bKgfgSCZPVJ2+7+CR9+u5tRBng07K2+sCVZ//lUqepCMX0y87cefnO9B2XH4rGTZQgyoCA9vUt5+69/a+QNj25f/O504evPf+jkDbNmuhADOna1Hn50cf/fZvPf7vz8ut/87JFOUTFAq9tHDiUI/u3dd8Fatxy9tH/xCk7FxCMRiGXNCmjzLmrneo2XtLJmLckffqesxcefPgfP3HbUcHgRha8Bgg5p0kANd5OWHXnf8i8C59TN7/6P3PXjf8PX//4H965bg+vZbgjXgOMsuasiVt67a+Ub4GdhHeef8LaJ/9n773zf+nZ9//Tt7//H7vsxn9Zz7QUnAZ4de375Fi3Ahy/RnnTpqdteP6/ZNGpf+kbn/7XjZty0Ld3x2XrgvVfuA08ObAa4NK09XnUkmsvHJvWHU3b9ua/Wd7yG+Y5a14HTj3yGSSvHlZW5lCx/b+QRZA0VgPkgsvDAqcffxO17MY/s5xlp7lMAyVMM1Y8DF9w8RenlqOcWVbfHPvSLX94jX0FcMaCiGu6hJhHlgKMrx83/1jypuf//Sftf5q0+u5/o6RFN0jKjTyGXuyGiQuu25dt+26SuuQBj5G3CLoaAMk4ntedg7qJAAAAAElFTkSuQmCC');
INSERT INTO journalentries(entry_id,journal_id,entry_title,entry,entry_time,entry_date,mins_ran,miles_ran,route) VALUES (55,'yIr-767','leo pellentesque ultrices mattis','sollicitudin ut suscipit','9:03 PM','6/19/2021',93.53,5.04,'data:image/png;base64,iVBORw0KGgoAAAANSUhEUgAAABAAAAAQCAYAAAAf8/9hAAAABGdBTUEAAK/INwWK6QAAABl0RVh0U29mdHdhcmUAQWRvYmUgSW1hZ2VSZWFkeXHJZTwAAAHrSURBVDjLjZOxaxNhGIcTtRkUJ/8AB9FBHBT8U3ToLAouxkUQLEIVnRxcKiithIjBBsSgRLgMGlNjvSOh4XJ4XLhwIRwpd+a4L1xMjEMfhy+aS6W2w2/4Pngefry8bwJI7EoSOAykaHdOTt+JvTL/UY+SNAYXML1POO4OnS5YLTCtMYb5FcO8j26cR7MX0OyFeYE2OkQjuESrBWEI4wmMxjAcgRiAH4Bu7GBaUDcFm5YzL9gcnaHdAUUBVQXPk4JoCCKSklDI+AG8Lv2YF5QbJepbEgiFBIYjGMTgQEAQQj+A/BtmAk2k0JoTKhtQrYJtQxTJhH/gEPpT2O9DLh8TbHQu0zRkZSHAdiQsdsF+AF4fPB9e5GKCiv6ZwluoVOTUe9sSjlf2+xJ2t8GyYTUTE+i2J4EQnA7UahKIV/Z8KS8W4eG6zlJGnQm+OB+wTDl5MeCvLF65aUC2AFfyadL5s9wpnJ4JitYpsrW7vKyqFNTvKLUh7rRy14V3H2EpMyG9tsj1anKvTUwCR2gExylZy1jfwO1BuQy3159xtXh0/1WGBO+7F6lqv3B70NDhwast0qVzB7sFxTmGYj3HNOWkH61G3MovHvyYFP0EiuZgt+Hx05/cyC7/D/5XkLNSrKg3ufcErq2t7AcDid88lUyCVhHVfwAAAABJRU5ErkJggg==');
INSERT INTO journalentries(entry_id,journal_id,entry_title,entry,entry_time,entry_date,mins_ran,miles_ran,route) VALUES (56,'ubr-995','sodales sed','consequat in consequat ut nulla sed','5:37 PM','9/14/2021',19.86,6.24,'data:image/png;base64,iVBORw0KGgoAAAANSUhEUgAAABAAAAAQCAYAAAAf8/9hAAAABGdBTUEAAK/INwWK6QAAABl0RVh0U29mdHdhcmUAQWRvYmUgSW1hZ2VSZWFkeXHJZTwAAAJ/SURBVDjLbVJBaxNBGH2bpEkTmxi1NTRKTZtoQUHEWz0Igj2I4kG9eVNQhEBO7bEHc+yv8JAiHnr2B4gFqVrQRhObljQolBSTJqZJdnZmfbNr2rU68DEz33zfm/fejGHbNrxjaWlpRCk1J6WcYZxkgPGTsWJZ1mIul/vlrTe8AIVC4Qqbl5PJ5GQsFoPP5wP36PV6qNfr2OIg0L35+fm1fwDYPMLDj+l0OmOaJmq1Gjqdjr4dgUAAiUTCqSsWixvMXV5YWOjqvW+AxOSz8fHxjBAC5XJ5s91up7gO6tDrUqn0QwOTXYZSsoO+wGDB5EwkEkGlUgGb7mSz2apHajWfz9+sVqvFVCrl1P4PYExr5m16vYUjQ+c0O11DtmN/ebD95pG9UpnGzl7Y0Xz30ir8toAtLdiWG0JIvFi76piaGG7g9plVTD/5YLgMCPLg/g0YtMTwhznfApRBfsP6kAYJSKuN57Md5oXTsvHy7aEEfZMutHZfIRAahWGMsHAICMeZVsD+HmTrG8zudyhrH+HJLGyz7wEgRSh9k4nm+nvqPIb4xWuovV5k/2lMXJ9F8+s6ARqIpk6QsIQtTC+AcGTYpBqfvgBfcJTuKMi+xKfdMCZgIp6eRK8TYu2+w2oA4PwDm+5qVK218XmNLN7xxILqKfS7pGqTWekLmuVtV65STs8hA73RqJQQP5+CP3KKACamHj7FlGBDawfH00kEW0MuA8o9AmA6qMrSHqwTIAoM08hAkHkN0ES3UYfotBGdiNFu5cr2AmgJobOPET7nhxEMuU/o40soSjO7iHbbVNgnUen6pY0/AOCTbC7PuV44H0f8Cetg5g9zP5aU7loDcfwGcrKyzYdvwUUAAAAASUVORK5CYII=');
INSERT INTO journalentries(entry_id,journal_id,entry_title,entry,entry_time,entry_date,mins_ran,miles_ran,route) VALUES (57,'WQY-956','posuere cubilia','sapien quis libero nullam','2:31 PM','4/7/2022',91.61,4.3,'data:image/png;base64,iVBORw0KGgoAAAANSUhEUgAAABAAAAAQCAYAAAAf8/9hAAAABGdBTUEAAK/INwWK6QAAABl0RVh0U29mdHdhcmUAQWRvYmUgSW1hZ2VSZWFkeXHJZTwAAAMfSURBVDjLpVNJaFNRFD0v/ydpM5imSZom/Ro7YNJqRVScQQV14wCtFRvRpYK4Edy4FIpgEetCRF0LDiCIoihCxWqtQ+mAsY2kDk0wP4lJrMQ0yZ99/VZRXPrhcd5/7w7n3nMf0TQN//Oxnafv13Bu28ACi4mDRgBNhUKDKpIEQZAgURQrAt0LkMsClEoZYrmCb9kZPh79uI0N1Nkj65cu5Bq9tXpEdZ6RompQ6dKDKar+ryiKjhLF0fHJ2idCIco2uKycx8IgFk9DphcjkWmsWxXC8FgMK5YtgiypGHs7jdbWxRgcjGDh4jo94BLOAU+9z8kS8jOrkSH4WlRRkglKihFfSxIev5zSjVXNABHVEIgJ+VwBAc4JWVVBqDM5dXVIM8hlGCg1YmCwfmUQM6KJUlXnywBlpuoOC9gS+vuHIRTzkEUJ2WQB7KuJ+KGQRzvjclgZj4fzMqZqwk9FwafzEGUFMl1zLCQF2L51DVramtQPE98jqe8F9X30dR/5JeOxvnvX1i5vDIeaAnDYLAjWGf6S68q9N6iyVCOby2BkOHL/+tmju+bOdat9PXcWuWpsHV6PCyLNZDP/q7e7xo538TycNS4Ybe4Nv+dgy4kbxKYKt0KbllSBsBBFEeMvXuDmZAROpxP5fB5dXV1wVNGGxftpRj+Cpi/O/eHjD9P82F5meugWRhOFy23NHEnOCJgYvIvyTBrhcBh+vx92ux0DAwPIJD+hc89ONDc3we2qBctUWpLJpJGdo1ERVUMq9w0vnw/BWZnG7oMHcLKnD9n4JPw+H9rb2/GFT+B83znwqRTcXBCHD3YgkUgc0QPIdFwl2unc5xgdFLtem7llB0rvxtDd3a2XUiwWkc1mceHiJbSGtug2DofDPM9ARLksor7eg3Q6rl+KUw9AoKG3txdWq1U/m52dhYFoSEUeAav3g5ZQ0WXcHO6Nev3ekCKVoKSGsHHtKvgbGmCpMiKTySAWi8FsNiMQCMDr9WK2JCDFfxaePXv6ifz5nIPBIOPz+dppxtu0gR7qxMxJncvlDlNMut3u2xSN9GUqPM9nKaOOH954iqSVHtHeAAAAAElFTkSuQmCC');
INSERT INTO journalentries(entry_id,journal_id,entry_title,entry,entry_time,entry_date,mins_ran,miles_ran,route) VALUES (58,'kvN-170','odio condimentum','lorem vitae mattis','8:04 PM','3/18/2021',124.63,2.57,'data:image/png;base64,iVBORw0KGgoAAAANSUhEUgAAABAAAAAQCAYAAAAf8/9hAAAABGdBTUEAAK/INwWK6QAAABl0RVh0U29mdHdhcmUAQWRvYmUgSW1hZ2VSZWFkeXHJZTwAAAF/SURBVDjLY/z//z8DJYCJgUIw8AawgIj58+c7A6lWIDYnUt89IC5MTEzcxAIVmKyvr6kpLi4C5jAygkkoG0FD2IwMr1+/VTp9+uJUIAdugIiQED/Do0cvGX7//gvxGxMTXBMIw/gsLCwM0tLCYD1wL0AAIwMzMzPD37//4YqRDUEYwAxkM6OGAcxGZmYWoAIGFA3oNDMziGbCNAAkCJL8/58Fq+2/jq9h+HZkOcOvZw8YXotKMPBKmwP1JjIwzps377+CgiyDnp42PPAQAQbhv9m1kOH72Y0MqvaBDOyK2gzfL+1iuHZkL8N9bl2IAYTiTHxTFYNjaikD590DDAxPjzAw8AswvGGRZzh97DoDAygvEMJ7nFj+/Tu77j8yeF8v8R8kzkJMqvnL/P/ptwtbZbg3ZTH8/P6C4RtQ7PMnYIwxMzwjKilzCYnPvXr80J/nPzgZPjGzMrx/x8hw5ykjMMIZpjESm52PRshVfH33LJ35L6M8yEVAXdPdd/1pAwD4EZ6cdwTiAgAAAABJRU5ErkJggg==');
INSERT INTO journalentries(entry_id,journal_id,entry_title,entry,entry_time,entry_date,mins_ran,miles_ran,route) VALUES (59,'9IC-913','volutpat quam','volutpat sapien arcu sed augue aliquam','9:34 AM','3/8/2021',139.27,6.25,'data:image/png;base64,iVBORw0KGgoAAAANSUhEUgAAABAAAAAQCAYAAAAf8/9hAAAABGdBTUEAAK/INwWK6QAAABl0RVh0U29mdHdhcmUAQWRvYmUgSW1hZ2VSZWFkeXHJZTwAAADrSURBVDjLY/z//z8DJYCJgUIwyAwoPZHJBsS7STGABY1/9e+fvzKkGMAIiwWgzRfF2ST0/vz5w/Dw/UOGXz9/M/z6AcK/GH4CMZj+jmCD5C70X2VkgWo+KcYqrqfArcTw598fBhluOTD9++9fIP7N8PsfEP/9AxUD0b8ZVq9ci/AC0Nm//zD+Yfj19xdY0R+got9gxb8RNNQAkNyf/0CxX39QvZC5M+68MJuIAQczJ8PDlw8ZXr9/g9XZIK+BNP/5/Yfh/sJHjIzIKTF2VchNoEI5oAbHDWk7TpAcjUDNukDNB4nVjOKFEZwXAOOhu7x6WtPJAAAAAElFTkSuQmCC');
INSERT INTO journalentries(entry_id,journal_id,entry_title,entry,entry_time,entry_date,mins_ran,miles_ran,route) VALUES (60,'IMA-643','interdum in ante','auctor sed tristique in','8:24 AM','7/20/2021',46.78,6.71,'data:image/png;base64,iVBORw0KGgoAAAANSUhEUgAAABAAAAAQCAYAAAAf8/9hAAAABGdBTUEAAK/INwWK6QAAABl0RVh0U29mdHdhcmUAQWRvYmUgSW1hZ2VSZWFkeXHJZTwAAAI4SURBVDjLhVPNaxNREJ8k2yxuDMGEkGi0QltREC9+HQQPKl5EkBz8D7xI/QDxIh4KpeA5lII3IbeAF6UKHjU5SS2op1JKTFiN5GOD6WY/s/t8M5u3bkvBWWZneJn3m99vdhJrNBqrjLEH3MH3fRBRuOd55NN8qVwuL0PU6vX6N13X2f+s3++zWq1WxwZRlxAZbf37CBiP/IzcxwL4l1+bZcRkvxGAG2DAscxMAIAPRaBXS3NIguu6VNdefHoPDPP97Ku1X1KAynXzwuGuBdudMSiHkmHnoxmJxwRdnEwm0L7/5HkK3BV9bGzwo0uBhKmeTEqGCwvyHimYDwcBgxPq7yKMjTe2Y68cjnsXf1y/s0gMEjEAj1e2h+4e/X5kHv6Xr3C+rS7ounHbNa3HcpJVYGw+JADsfuuMHGok6VNWaMmkDNrnFEx2deAMXpz88DrWvHyzApZ1WkJdwhzHgW63C5qmEeVsNgv5fJ4D8JkguGEBGxtBsWECs20gAPEp8bKqquFC8f2gPJ1Og692QHIdYIb1rHn2yqO0IsHoj70VFwywcDAYUCyVSuQI0uv1KMZuXIVP2SM7YJrrM75XYY4NYNmr8agE0VloF/MRM9mcP95hln1XTjAY/RxuzPW21iQcnJCAmpF2q9UKgfBMAGCzuebm0k7uVAecyVvaxCgDHBh25XtPF3K5HBSLxRBAfKX5wfbLcJXxEH9UFIW8UCjAQYY1B/4XOIOP1Wr1HDLBgmgUecTf7Qf4C2kj+HVimC2aAAAAAElFTkSuQmCC');
INSERT INTO journalentries(entry_id,journal_id,entry_title,entry,entry_time,entry_date,mins_ran,miles_ran,route) VALUES (61,'EKX-973','eu','at feugiat non pretium quis lectus','8:18 AM','3/31/2022',76.76,8.34,'data:image/png;base64,iVBORw0KGgoAAAANSUhEUgAAABAAAAAQCAYAAAAf8/9hAAAABGdBTUEAAK/INwWK6QAAABl0RVh0U29mdHdhcmUAQWRvYmUgSW1hZ2VSZWFkeXHJZTwAAAJ3SURBVBgZBcHPi5RlHADwz/POOzu7o21bIWVsiiAR1kYdJOwHdAgKO3QQDMqCTv4XdQikg1BCUnTQCIK6REVdOnWTClIRjAwNCdFy1t1xdnZm3nee59vnkyICAOSTJyu5HCsdR6PESju4fXG6vvFBOxzOVd7r7tn7Zju4vbF58dJnk7Y9VQMAaNu3PbTr03rtyR6hGqw/N/3u+6ct9mYrrx5+cXHfXpHLzqVffn3/2pnPl2oAgNJfPN5de7xnNGK8re733Xf0yCFtq2oKl/+UcO/aE1K3+1YNAJBTtdptC+sbRGHzrqruUDLDIaUw3mbnDlFKrwYAyFujmbZhe8w8kzOzGfM5udDMmGyjaPM86is/HrywuHzgQEoVWKh0ujf2WFjewfUb5DklyC2TGbMpqw+7c/6CzeHdH+oU1WOPPH+2m1IiyPtvWf/oQ/es7ra0Z5Wr19gYkVt6XQ486s6li37/+tvfxpPJido8pkrTm936RG46VMv6x9YMf7rhvzNn7T78soUqsT3R7Fzyx6mPjfdv5eF4/NqRweBmrU0VlHkfYevaOcPL5+nhFa6XL+mhB/TfqfWtdJ796spNqJWqo+oY/X1Fc+cfZbbtgYOvW3nqDUlS5q1mMKEU3fsX1Mv7/HX6GQC1OUnHrhfeJTJRkDWDb8hjZEkjTDSDic6OEwCg1kZEZM2/X6AQgUwUES3RijIhjykTAAC1JgqBIAqRRTTEnGhEmZK3lTwSeQsFANRmUaREFBFzoqXMRJkRU1GmooxF3qJMUAGAOtrSy+NN0oNSSuiITiXpgKRCIhJqeTICAHXMZj9fPf3SIYEEAAAACCSUcg7gf+9HV+4TlzZTAAAAAElFTkSuQmCC');
INSERT INTO journalentries(entry_id,journal_id,entry_title,entry,entry_time,entry_date,mins_ran,miles_ran,route) VALUES (62,'CUp-888','luctus et','posuere nonummy integer non','10:11 AM','3/30/2022',92.98,0.99,'data:image/png;base64,iVBORw0KGgoAAAANSUhEUgAAABAAAAAQCAYAAAAf8/9hAAAABGdBTUEAAK/INwWK6QAAABl0RVh0U29mdHdhcmUAQWRvYmUgSW1hZ2VSZWFkeXHJZTwAAAIwSURBVDjLhZHLaxNRGMUjaRDBjQtBxAdZFEQE/wEFUaurLm1FfEGzENwpturG6qIFrYUKXbUudOODNqIiTWqvFEwXKo1UUVRqS2NM0kmaZPKYPKbJ8XzTiUQxceDH3HvnO+e73xnH8X7fLjJInjbgEekiOwA4/sbBD0Ov5sIqY5SVXiO/Rpospw01HphXrOttZPBMxCkWJ3NltZItq3i2pOKZklrWi9Z5SMuKwf2GBtJVxJotiqWLKpIqqHCyYO3/Z/A8UyirBDtLcZTi6Y+RdxdHAsnTAy/NM0TerCuRlE2Y9El+YjCWoLBkViyxdL40OpNmLuBo0Gvk12AuYC5gLqB2XAw8A2NBFZzXVHm1YnHq1qQpYs4PjgbmAuYC5gLe0jrnWGLwzZqDi33ksSTunw3JvKZ0FbFmi5gLeDswF2v/h4Ftcm8yaIl9JMtcwFys4midOJQwEOX6ZyInBos18QYJk0yQVhJjLiiald/iTw+GMHN2N6YOuTB9YieCozfE4EvNYDO5Ttz2vn/Q+x5zC3EwEyw9GcaH7v0ovLiN6mcf8g8v4O35vRg+edTr+Ne/tU2OEV03SvB3uGFQjDvtQM8moM+N+M0D8B92LjQ0sE2+MhdMHXShOutF/ZO6toXnLdVm4o1yA1KYOLI+lrvbBVBU7HYgSZbOOeFvc4abGWwjXrLndefW3jeeVjPS44Z2xYXvnnVQ7S2rvjbn1aYj1BPo3H6ZHRfl2nz/ELGc/wJRo/MQHUFwBgAAAABJRU5ErkJggg==');
INSERT INTO journalentries(entry_id,journal_id,entry_title,entry,entry_time,entry_date,mins_ran,miles_ran,route) VALUES (63,'0pf-754','est risus auctor','lacinia nisi venenatis tristique','3:05 PM','6/13/2022',52.81,0.73,'data:image/png;base64,iVBORw0KGgoAAAANSUhEUgAAABAAAAAQCAYAAAAf8/9hAAAABGdBTUEAAK/INwWK6QAAABl0RVh0U29mdHdhcmUAQWRvYmUgSW1hZ2VSZWFkeXHJZTwAAAItSURBVDjLfVM7bBNBEH27d7alOKfYjsM3gFLjRCAgiAoFBAIhQUNJh0SLqGgpEQW2a6LQ8VGgAAqUBqWk4bAbDEgoNCALJNtJlKDzfZaZ2bNFUJI9zc7d7c57b3ZmlTEGuw3f9x9HUXQjDEOXPMiL9ft99s/UTgDNZnOMAuYLhcL1XG4EAQUhSSC7KaZYLGBp6S3c7YIbjcYlDi6Xywfz+TxWvv8AsyeJQWISAjKICSwIAritViuI4zhLJpsGMtl3u93/JaPT6RJQggsXL8s/l4MnJw+j11sVdsOPYZVGjD+IE6XiGN68foWjlePCzmuigFE5+O68T9sUlKLZTuLZ1tfW8ODWKWH86L8Hq91/5ZpVwFKZlTcWS+PQWkOR6dT4nQFMYhkrMyfl3aRnoFkBfROAhuM4W0ynngcfHjP+9law0KtJWqIgTMujtILjukN28ZwCeVs5y7jw5RE21iNRIQA88YFwCsw4tWdE8rdD4edqlCqwjHfG7yEpWUAmFwCd5sn27ev2HeloRwBsL9hKDRVkMi7u3zwm5QnDCJubgTBksxlKw0j3aWXXYo5MyygKKK+Hy8vvzg4ahXzJ87wprk673Q5IXY5T47jK9AyOHDogivbtnZBm23IX6vX6bQK5Onv6zDnPK+Dli6d/qOZP6Hxm6f/0v13KRmufhwC1Wm2CSvZrbu48Rj2PNsRwHU2g1Y1qtTq6020dXiaS3iH7sLj4/MSg/1PGT7td97+G8aA4FJOt1wAAAABJRU5ErkJggg==');
INSERT INTO journalentries(entry_id,journal_id,entry_title,entry,entry_time,entry_date,mins_ran,miles_ran,route) VALUES (64,'y9I-479','lorem id','quam sapien varius ut','11:37 AM','12/20/2021',115.07,2.63,'data:image/png;base64,iVBORw0KGgoAAAANSUhEUgAAABAAAAAQCAYAAAAf8/9hAAAABGdBTUEAAK/INwWK6QAAABl0RVh0U29mdHdhcmUAQWRvYmUgSW1hZ2VSZWFkeXHJZTwAAANCSURBVBgZBcHbT1t1AMDx72lPKS29UCiz0BUMQxwwJptMSIAZzRgu6oOJ+jKjkQdjTAx/gI9mezAmJkb3ppKYqHsxe9oMOh0ZODd3xYVtFOLK1dG0pYWensvv4udjaK0BAACYmp8cAz4GjgEtgAmUgeta6XNfjn33CwAAgKG1BmBqftIEpoE3X8+cCCZCLVSsBiwXhLQRPOHy1iUhhfxVCPn2N6d+2gMwtNZMzU8GgD8Gk30jJzMvUbGDOLgsVwzqdJCCpdDCJYTFlnOVm5s3F4Qnjv/w1oWyDwCYPtrcPTLaNkhRung+AyF81EQdFnUUnSDbdoj1coD2yAsMpp497DrejwD+0vjqKPDZ6e7X/PdllS1q1JRgz45QdAJUbMhu7FKuVgkmChjxLMPJg1xevNH5/fXpe/6hySNfTLQNHTL8IbZ8AvQ+WmWEW0/81Gwfixt7qPoSwY5HOLEseVXCLEkONWd8tx4/bDKBY5lYmrvWJvl6H73+AygEuW0X264RT2kqTTMsqx1wNI0iSDbvcOLpo3iO6DeB5rDZQM7aZNuxiIY72XGjlEqKeIvNvoRFXg6QvnMOaVfJZw5S3AkTCUXxXNHo01obhgbXqaCtVkxPcukvD6M+xNayydpqjDYnhPA0+5M9BJfv4Nk10BohhGFKoYoVt5Ju9jcSrX+O9byJ7QVoVR8RD0ucDY/dnCDd1EVPaohdu8rC+u8UqxNIocqm8MTtx8XVdFc4w2//zdMY7qLOn0Eol/G+95BaIZVEodksr9G/f4Q9t8YnFz4Euh/4PFd89fPDWdERacG0NigX/iSRcLCFi9SKXCHLv4UlVvKL7NQK5IorDGTGeCb1PLuBe6O+b189P+M63sWZxVleTA8Q9zeQiChsYSOk4KlYO6lYB63xTgL+EC3RNLfX5rm2csOyXGImgOd471zJ3p1zau7hiSPHebRt8o9wmL72Oa5ysYXLgWQvw50n+Ts3x5WlWScs23uWz2ZrhtYagFe+fjkqPHFeeHL83ZH3TWQKrcMYPoNkvMKnF0/T1zrM1aW53Qbd3rtwZmkdwNBaAwAAMHJm6A0p5AdSqn4lVQIAKO/47yeFIlBTMrB9VgsAgP8BON24AjtZfcoAAAAASUVORK5CYII=');
INSERT INTO journalentries(entry_id,journal_id,entry_title,entry,entry_time,entry_date,mins_ran,miles_ran,route) VALUES (65,'PGq-296','penatibus et','vulputate nonummy maecenas tincidunt lacus at','9:18 AM','6/22/2021',73.87,7.95,'data:image/png;base64,iVBORw0KGgoAAAANSUhEUgAAABAAAAAQCAYAAAAf8/9hAAAABGdBTUEAAK/INwWK6QAAABl0RVh0U29mdHdhcmUAQWRvYmUgSW1hZ2VSZWFkeXHJZTwAAAJ+SURBVBgZlcFLSBRhAAfw/858s860aygiptIp9NChoDzkxYNUYIcO0TUIOghFUNElvEad6lBkdEqCIugi3QQfLR2yQumBaPh+7Li7o/uanfmes1972IOEQv5+Ma01DuPRh+U+StlEhSsZUnElprXGQd6kdomUsoOJaiflojXk4mIM+pZjaXCp8GslTwkOMDLlOVyoCamiXhkpVCOJRDyGpG2CCYlsgSPvh4TgACGVt21L97Y0meBCg0kNyiW28wHiJrC8VYAo0wsE+3g1vtRdquYeHyXHUfAldkohKJcIuUSjbWI5XYKXLQ5/fnk1RbDHyJTnSKHeCbF6SbVMGCteH5pxAk7cQLbAQZmAGbOQccuQZTqGGoK615M5woX6aRPdZTkn4a+7kehMmdOzMmptaDOTNkEuzxE3gaAcQITMQ42BugpVHUzIrqRjwCJVOA3nzPLvMzKScujPxnK04RbRdIQgYBxhIYSs0DRqDNSFnHUKIUG5xKZXQTweg5Potmyde9hz/quZ9RbgukWsLWQQlvxFFQkXNQbqKgFvDRhHyCRCKrC27cOxYmhrPksyP5rQMzAPd3FJZVdzoyrip+cn7yvUENSVQnajvclCSAUqlIMyCa8oYVsmoPsxM/pJRVVxam7ywTz2IKi5+WLmXqNjXI4TA5lCgIRtwjI1GqwYhJBY39hFLt0+NPtxcB7/IIPPvt9N2MaTRNwAZQKWqbGeLmFnxwf1GZhPwXz+RXH2HPsgPuVP25qT0DrCZtbHpltEwQuGlRBjEedexFVaCenOjd9R2Acp+RQb2xFMaKS3iiju+v3Tb69N4T8RGtBjK/lSRoWKKsYGvr2/nsIh/AUG0IfiieuuUQAAAABJRU5ErkJggg==');
INSERT INTO journalentries(entry_id,journal_id,entry_title,entry,entry_time,entry_date,mins_ran,miles_ran,route) VALUES (66,'XzY-491','et ultrices posuere cubilia','et commodo vulputate justo','11:24 AM','5/15/2022',0.52,9.04,'data:image/png;base64,iVBORw0KGgoAAAANSUhEUgAAABAAAAAQCAYAAAAf8/9hAAAABGdBTUEAAK/INwWK6QAAABl0RVh0U29mdHdhcmUAQWRvYmUgSW1hZ2VSZWFkeXHJZTwAAALGSURBVDjLpZNdSNNRGMZ330V2GXXVRXVTICRd2IVIIFGSoJDWRUssRREJiswP1La16aab3x8tyoWl+T11tqmYmJbZh61pfvWFKZmoqZmp236dv1MxKrrowMP5n/95n+d5z3veIwNk/4PND1dz8z5nY2P0al1d0nJVVdhSebnXxt5cYeGO2ezsmGmtduyLUtnxOTn5+C8CLosl1tnQMONsseJsa2WlvpbF0lLHgtHoPVdQsHfWYLB/M91mtbuTH1YL0+lqxuLi7nyIitomkQOd5jrcQwMwMgQDDhgdZqW9jbn8/I8zen3/ktjHYYdHD0GISDEz+kzeyuVK2arZbHU/fwovn0FTI5jNUFMj1r24ertxdgpSbw/cugU3b0JREZSZcD59zHBo6Lhsubr6k3tkEKzNUCecagW5shLu3vUIPmgCo1GgBAoKBPIg24DrSRdvgoIWZKJYX9yD/VAvyBUVUH4PTCaPY8k6KU+QcnIEUQ8ZGaBR4+psp//YsTnZosk06nK8gmrhWnrbk+YGMTcXDAbQ6SA9HVQquJYG1xW4ujqw+/svyBZu3Cherr4PPV2e9La6abXCUQNKJaSmQnISXL4kjljGpEpBn69vsexrXt6emays90uSiFClpNDjJEFxTRBT1ohWVSSXc09zIesk51RH0YYd+v7Cx2fXWh9MqdUHJ1NTe+ezM3FJV1UjCphwFRITIP4KDSlnSas8R6Mjn74JG/qWaE7pD3A4ZqdusxMn4uO3j128qPgYHT0/byyGZnGdyUIkLpZwTQD1rw3UD4ijiaFrPY++NVISWPqtt9+Fhx8aOXPm8VSSILfboNXCiURvLA4jW4fZni8J/PmBDIWEeA0EBuY6AgLc4xFyjsTsdmpt4aht8jWy2ir/ewZbYffzCxaVjhOBymDdfjJtEWvO0iytf6nBvyCCNQLzUtrrs0b6/xNhTevE6BlD4wAAAABJRU5ErkJggg==');
INSERT INTO journalentries(entry_id,journal_id,entry_title,entry,entry_time,entry_date,mins_ran,miles_ran,route) VALUES (67,'evo-958','lacus','porttitor pede justo eu massa donec','6:29 AM','12/13/2021',28.38,8.15,'data:image/png;base64,iVBORw0KGgoAAAANSUhEUgAAABAAAAAQCAQAAAC1+jfqAAAABGdBTUEAAK/INwWK6QAAABl0RVh0U29mdHdhcmUAQWRvYmUgSW1hZ2VSZWFkeXHJZTwAAAE4SURBVCjPfZFNS4JBFIX9UfOfpl306XZ+QYhG9UJtiihq4cJNQdQsIulLKhs/CAlNy9JRX+slKel0nFdCjOJsLvc8c+6dmQgi/+unKIqCyuucNTarb9SVGAOKsmAaCNCn3lBHxlzIEYC23wPQQxc+3lkFOPXTcggw3AzsNlqwVBMNh2hzKByQV4NGClGneWoOK+yUkFIOyOmAsVFcurMveMYZZrlJC7vaAbe2jw6B0HxEDPeYYfWBLeuALIE2g8/ZrNKexhGBOjPWQ+Bad7lSEhNs7tGewiQWeZ8y1sIRGVXFF80nxtewSeAOFXziBF64ZFocmw63rlFVPGADRR6owDOeGD7Ugdz3m2y+uhyfp8vw/IQceeqk3DEZjgg4uwSNhInJsc/aFqtqWS/ZuI3pBRUXv37zL30Ddxx1NEzXzZIAAAAASUVORK5CYII=');
INSERT INTO journalentries(entry_id,journal_id,entry_title,entry,entry_time,entry_date,mins_ran,miles_ran,route) VALUES (68,'Xf8-521','adipiscing','molestie nibh in lectus','4:52 PM','10/21/2021',109.42,3.77,'data:image/png;base64,iVBORw0KGgoAAAANSUhEUgAAABAAAAAQCAYAAAAf8/9hAAAABGdBTUEAAK/INwWK6QAAABl0RVh0U29mdHdhcmUAQWRvYmUgSW1hZ2VSZWFkeXHJZTwAAAHTSURBVDjLY/j//z8DJRhMxE8+VwjEE4D4DBD/j5989l/8pLP/4yec+Z8IpJMnn/2fOPH0//i+0+9TJp063b3uxv/uNdf/Ixsw+z+JoHPVNRQDboB4c468hePZeDAIJPYc+4EwYOLZDzADDt76AsaHbmPHMAMiWg7+gxsQN+HML5DgbAI2I7sgvHEfwguxfaf/kRoGoXV7EAbE9JwCC4bU7/nvU7vrv1fNLjD/3tMPWDFYbc1OhAHRXSfAgg5l2/83L7v436J4G9yA1++/oWCYAcEV2xAGRHUcBwsa5235X7f0wn+9nE0oBjx78/X/moMr/5fMTPif1uf/P7HL679veRGSC9qOgjXopK//X7rg7H/tlLUoBizfu/h/4+rE/1uuTP1/4dmu//27s/6H9+v+N8+W7IG4oO0I3ICS+ZgGgGzceHnC/43XJoHFe/ak/u/fkw4y4DvYgIimQ/9gBoA0IxsAwj7Vhv+3XZmDEgubLk0FGQDJEKENB+7hizL7QqX/3buS/rfvSgDz23cmoLogtHZff0jN3q3B1XveBVfu+h9Yvu1/YNmW/wElG//7F63975wX/z+4R+N/764UsM0gGsSHhwExGKi4A4g/gZwNpTtA4gDRWxxGCQ/RXQAAAABJRU5ErkJggg==');
INSERT INTO journalentries(entry_id,journal_id,entry_title,entry,entry_time,entry_date,mins_ran,miles_ran,route) VALUES (69,'IyW-774','scelerisque mauris sit','tempus sit amet sem fusce consequat','6:58 PM','10/24/2021',35.36,9.85,'data:image/png;base64,iVBORw0KGgoAAAANSUhEUgAAABAAAAAQCAYAAAAf8/9hAAAABGdBTUEAAK/INwWK6QAAABl0RVh0U29mdHdhcmUAQWRvYmUgSW1hZ2VSZWFkeXHJZTwAAAJCSURBVDjLhVJLa1pREP7u9ao3PmLEBEy7sorFtkQUpIuWdlOwBOy+m+zzN7ovRejOZemm+9CsC6FYCIiI+CwUbUJoqVo1Pu7jdOZUxUKSfjDMvWdmvjMz54MQAmwEJZFIPMvn81/i8fhz+tf4bGFaOp1+XCgUPnMOny3r5EdbUcQPzjo6wu1UCp3TU9i5HHbwFxxzHx8jvLeH81IJ8/19GYsKoagKgZO8bje8gQAsy4IvGMSGw4GgqkrTKUX3+2VsY3MT+oKYa9XFN3RNQ63dlkn1ZhM2kYy2tjDy+WDpOmr1uozVGo0VAZYztgA7QLeXd3fRHI0Qo9sjNJpKBcIwMDNNfCXfJrtj20iTv6R4DFC19Q4ehEK47/VCzOcwKclmIzIXEd11OhEnr5C5h0NcEumqi2KxKEzTvNYMwxCTyUQag8+4hms1XIHZbIZqtYpoNIpWqyVnHwwGyGazyydfQb2KgIu73S78tPlkMolIJAKPxwO6eWVLon86kMKgJ0uxFjodLMVSqVRAAsKLNzWotPbDp0FsX9fBmjIl+v0+bNo87QEUwa2QC28/XqDUvWGEdTIeh6Qt92DPTLiow3DQjQ8nNp4cfnqpisV15Oz14hxJmUOZTAZeelruwpqaMOYGNFVgZ9sF3Yn3cgdDetcRwUdYVyfvw0E6YM8dWGMimFoY/57jrNGDObUOJEGdZEqJm5qm3TQRrImJYU/DeeMXHkYv8PrVwTtZ0ev1Tsrl8iP8B9b4Hr5XqTh2hrD/5zc++wOzk1RA9fA6WQAAAABJRU5ErkJggg==');
INSERT INTO journalentries(entry_id,journal_id,entry_title,entry,entry_time,entry_date,mins_ran,miles_ran,route) VALUES (70,'PoL-555','ante ipsum','convallis eget eleifend','7:18 PM','7/31/2021',136.26,6.44,'data:image/png;base64,iVBORw0KGgoAAAANSUhEUgAAABAAAAAQCAYAAAAf8/9hAAAABGdBTUEAAK/INwWK6QAAABl0RVh0U29mdHdhcmUAQWRvYmUgSW1hZ2VSZWFkeXHJZTwAAAJMSURBVDjLpVPPaxNBGH3ZJCQkVSEkJJja0MSCabHoSUEKerAgggRy0ZP9F4QeDAhepKeeBA8GPFQCEutdCMRSSYkimouIVqUkNW1iyJZN0mR/zvrNwtbUGjw48JiZb773vvfN7jhM08T/DNfwplgsekjwBuEWY+wMzVMEWrKPNH+j+QmhmEqlDJvjsB0QeZrWz0Kh0GwkEoHf74fP5wM/lyQJ3W4XtVoNrVarRLGb6XS6bhF5AkehUFirVqu8nDlqaJpmVioVM5/Pr9g8wbZCm5lwOPzPnqPRKKjItSN3QEFLsdlswuv1wuPxwO12W7F+vw9RFFGv15FIJKzckQIulwt7e3uQZdna67qOTqcDRVGsMx77q4Ddk9PptBzwZA7q2xJZrWYw0PaRmXwBwzj4CL/vwHbAkzmJgydy8JiiqxgPJpF5eR0aUxwjW7AJD98swGQaVKZDpf3JwBSSkQvoyvtY/XE/+HT57tjrRbF3RMCurjMVV2duwzAZDGaATrEjbePs+CX01AHe19al2QdC4JAAB6/OIZNlTq62v5JlipEbzdDQUbo4d2oOPa0vvN0qtQ8EuHX+qehPRKPRIAEZuqEjfHyCyIYltivVEBiL4MP2Bja+l1qqjvlhBwvlcvl5Mpn0x2IxDHQFK+VlugPVchMPTuNifB7vqiWsbRbbso7LO0vmJ8fwa8zlcpMkdI+QFgThBH8LvB3u7LF4xzw/MedY33y1qzDzCpG/HHpMf45sNnuMyKcJjC718yNpUTSY0zdgRvznkrll5/0CZpfQA8IRXj8AAAAASUVORK5CYII=');
INSERT INTO journalentries(entry_id,journal_id,entry_title,entry,entry_time,entry_date,mins_ran,miles_ran,route) VALUES (71,'79w-479','sit amet nunc viverra','turpis enim blandit','6:06 AM','1/29/2022',32.6,7.2,'data:image/png;base64,iVBORw0KGgoAAAANSUhEUgAAABAAAAAQCAYAAAAf8/9hAAAABGdBTUEAAK/INwWK6QAAABl0RVh0U29mdHdhcmUAQWRvYmUgSW1hZ2VSZWFkeXHJZTwAAAGdSURBVDjLlZNLSwJhFIa1Rb8iIWhRQUlluuoftDEtC5TKSgINily1CmoT0kJBqwlSaBGBLVxItGgZQQQVFe3bKN7wOjqO2tucwRGvqAMPMzDf+8w5ZzgyADLhGhJQCWi6MCwwQBkJWVWg4jguVSqVKuVyGe0Q3sPtdruaJZJAQ+FcLgeWZWuk02kkk0lEIhFREg6H4fF4GiR0yUlABwqFAorFongnstksUqkUotGoKMjn86CPMAwjSloEFJYgAQUymQxisVhLS9WZyBsEQhu1A/RMfUutxONxsZJQKNRZ0Ey9hCqheSQSid4F9RJqh2ZCor4EBM/z4lxIQvQtoCp2HtexfW+CObAM062uu4BCElSBJWjEzc8Vrr8Y6L3zvQsoTKz6F+H7PAPz7oLRp8eodmSjp7/geDqG2b8Me9CK8zcnXK8O7AWsmDtUF9UHUw/1gr+2O8BzsPm3YLvbhPPlBI7nI6xc6jC9P/Gr3B0flHZhVpgyKwQ6LpPFtwaTdwmGCy0MpwsVWsD6ZVKQpNs6z9iV35PWsY/q6iso+w9crJoc0rRwaAAAAABJRU5ErkJggg==');
INSERT INTO journalentries(entry_id,journal_id,entry_title,entry,entry_time,entry_date,mins_ran,miles_ran,route) VALUES (72,'ubr-995','non velit nec','natoque penatibus et magnis dis parturient','11:36 AM','2/4/2022',145.18,6.51,'data:image/png;base64,iVBORw0KGgoAAAANSUhEUgAAABAAAAAQCAYAAAAf8/9hAAAABGdBTUEAAK/INwWK6QAAABl0RVh0U29mdHdhcmUAQWRvYmUgSW1hZ2VSZWFkeXHJZTwAAAIsSURBVDjLpZNdSFNhGMfPKBKvomKECH5c2AcVNpgILUNmid40KaKstGzk/Eh2oQjDRrYRpSN3xkoXuWzpqW2iCdOokYYTa9uxliLVMItlWKR1YZNt6uHf2bkYGUtOdPHcvLy/3/99n+d9CQDE/xTvjZ+dmYlTdtk3r7GIcZOHMWHO/PihKyuJt8BvLcI7qgqhgAfhGRrem1K4NKJevukITj5AODCKyMwYV6GpQXhIGcMLDn8fQfiTFdO9FxD0UVxFBbTxaIgXvBJ0YNFfgZ8+JV6bizHdXQuPQYY1m7gKfn8WwTcHsfSjBbP9JfDrJVhzCvHgetsBnO8QrYLjCp6R2+Mm11jEuOw4ieOmHX8XPGnahoXZIQ5WUjlQdmWj8p4YcvNeXHx4DHbagLpuGQ7pty7n6DYJYgKTPC0tCgfoPrhtCi65ujMbfa9a0fPyBgdaaRLk0zpYXjSjgspH1tWE5T1agYATGGtSsBBwY+nLOAbUYozcEkHO3jcKtziVaHpcjSuPytHoKINmQAGTS4vTd/cj4xIRiQki7Ouat5fhqykXLoUQp27vhM1LgnJfh+V5M+6MXmMlVWhzaVBOFSBdTbxNVhGJnKBYuhmT7SVY9N3HvM+GYV0BjrSlo9CQzOTphYxEt5Ep7diH1uFGnOvMR6qaGE9SEQmxHpzI3YJSqRDtlRnor98Np07S8+d0dmkFc2cseUhtIMZYeMM//0b2yHMpDesgVBHrf1//BaVfyc6lPey4AAAAAElFTkSuQmCC');
INSERT INTO journalentries(entry_id,journal_id,entry_title,entry,entry_time,entry_date,mins_ran,miles_ran,route) VALUES (73,'UcE-352','eget eleifend','morbi porttitor lorem id ligula','10:47 AM','11/16/2022',119.78,7.52,'data:image/png;base64,iVBORw0KGgoAAAANSUhEUgAAABAAAAAQCAYAAAAf8/9hAAAABGdBTUEAAK/INwWK6QAAABl0RVh0U29mdHdhcmUAQWRvYmUgSW1hZ2VSZWFkeXHJZTwAAAJYSURBVDjLlZNdSFNhGMcH3nrl3ZAgyr4YoiPTNXJ30UVBUOTGXGVin6OLLrqQ6KIwJrm2KBUjE5xRaEnNpuZxpLCLpG7KHbfpprPmPt3a99r3v/cchxi5Wi/8eDnvOf/f85z3nJcDgLMd/pnGsnX9EdpHCQ2e94fLij3HKXaDhHvC9D2Evt6Fe7zh6n8JSLjCSwkjuXQY6eACXGOHAmtvDlaULPBOCXURSzfy2SjyaTdCRjUcr/m9JQlIuNYzKcghl0LK2430+gCR+PFtuCa7+qK69p8CEqZj9mGSD8A0JGLJxmmEzRqsDPEMfxV4JgTSwNwNIJ9CzHYOCxoRS2xRhnwmAOf0FVj790q3FZBwuUtX7//pm0Mu7UJs6SwWBhtZImYxstGPiDlmsfikas3Su6v8D4HrXf1IaF5JKvmQdHUTgQzL2mMFQRPiVhlyyRW4Z2+DVu1Q/CYg4Sqnti6Tz0SRiRiQsMlYQcLehvXPYkRMZ6CbbMLNvmZcUp3E+Q4RpO081abA+bbuU9j8jGycG0lnFxJWKRE0b77C6Ngp3Hl1ATq6B19cFNTT1yBWV6NBzlUy4eOemVbyzWPkpxlHfEnCErWQymYJqS5B6/2j0BofQmt6BGYo9Reh1l+GQM5NcRyjfEfc8YEV5DNBwo8NssENyNqJW3xM0P3YOsbme5gOwPk+UqNZfVkN+3MelgcPwDawD0tP92CxbzdMj3fCqKyE6HoluqhWKKgWNqyYamE7EMq52aKHaSukUsdp5X48oNrYyszMXLN7UIqgIOkkRJi2C3Mns/4Lp3nrFHdnUnEAAAAASUVORK5CYII=');
INSERT INTO journalentries(entry_id,journal_id,entry_title,entry,entry_time,entry_date,mins_ran,miles_ran,route) VALUES (74,'2vz-136','quam a','aenean auctor gravida sem praesent','2:47 PM','1/10/2022',136.25,2.08,'data:image/png;base64,iVBORw0KGgoAAAANSUhEUgAAABAAAAAQCAYAAAAf8/9hAAAABGdBTUEAAK/INwWK6QAAABl0RVh0U29mdHdhcmUAQWRvYmUgSW1hZ2VSZWFkeXHJZTwAAAGcSURBVDjLxVM7SEJRGP5vmVfpAWGFERJUONQWLtEQOUQRbUK09IDW1mp1KKPBsdGlWqKIqGiLoq0aggqxraFARMpX95535xxCNLouDh04cM7//3yvwzGEEFDPaoA6l6vyEj3MaDmcc0CMX23NdY9X9iPxlxijsHK8GmxxUMAh1O+BAb8bEKZVnZntVMyisFYiotnRgkU4UMaByC0Hy/XpzWQ80GGuTwy1GUULO1tQrIQJQBLIsriuTW4kE71d3qWg3wNM9gqIOYeoWDHlGuALYQhHn/cCPnNpsMeEjyIBW9bzP8B/KlCsSAJ4TQNyiI0M97WaPe1NkM4TyJco+FpcQC3irECxYsVuM/iyaBFTplltzHU+6sx/KagCKCDlX0A6R5TXp5O77NHl4wd43QYYoOwJEAg7A6iEEZHsMijpVbzuhCLPqdzBzcMnNHsadT7CZrUUMB2gjVnZ6/v+6GzqMbt7e5/V+fBaIaqEbfUKEqByMH0enu8cu+AE0QVBqDOAYk2cvUmfUiqrHsxcTy36QqcE3K7lyrrx77/xG/TSBY2ALCinAAAAAElFTkSuQmCC');
INSERT INTO journalentries(entry_id,journal_id,entry_title,entry,entry_time,entry_date,mins_ran,miles_ran,route) VALUES (75,'ysG-086','felis ut at dolor','justo eu massa','9:49 AM','1/9/2021',32.07,7.95,'data:image/png;base64,iVBORw0KGgoAAAANSUhEUgAAABAAAAAQCAYAAAAf8/9hAAAABGdBTUEAAK/INwWK6QAAABl0RVh0U29mdHdhcmUAQWRvYmUgSW1hZ2VSZWFkeXHJZTwAAAHiSURBVDjLpZPNaxNBGMb33/DWoxcPngr+B4pQggdL8WNbaxQbGtugkESE0IZEkiYhpC2GtJQatKW5pFYl2yrKCrZVrMYo2jbHfJElm/1IPJXHmdklbZGURBd+PPO++84zM+/ucAC4/4GzjC2PTKXzuvvZPlxPCcldOBd/4v7Cd9ybz8Exl8V4fAd3H3+GfeYjbLEtuOLvdTqPGXhT+YNopoxusUfeHTADuvK/YA28BTNwJffQbDa75obvtWHgfPILjUYDOkOHrutsLIpiWxqkhvcKpgFpmKqq6J/IttBITAvbPZqm4ZrnlWFAu11XFCh1glI3VTnRgL6/8vCFYUA/Va0mQ5Zlpgy5RrRGcoYeIht5wsCDVcPAkfgKSZJQNaFjqSr9de54KozxmauwhvrAPzoPi3PMMLDPfkKlUjnWAxofPcLzD0vwrAxiLTeNL0UB4fU7uBw+g96RU0FuNLaNUqlEKJtqcNRgKHAB6W8RpH9EWRzcuInwxi1q8JuzRTdRKBQJBRQJhRbFll50n8XLXOJYI1ez09QA9C4s3w6J7M8a9r/BoHcd1ycypMtrrFH97jTO2XoQEIbgE3g22ZfhD3fQyY0jhZOXgqcxJQyzlanSmPWg02tLiv0ElW7bVD/N/wGu4yJFlYuLaQAAAABJRU5ErkJggg==');
INSERT INTO journalentries(entry_id,journal_id,entry_title,entry,entry_time,entry_date,mins_ran,miles_ran,route) VALUES (76,'frO-305','rutrum rutrum neque','congue etiam justo','10:54 AM','1/8/2022',83.63,0.8,'data:image/png;base64,iVBORw0KGgoAAAANSUhEUgAAABAAAAAQCAYAAAAf8/9hAAAABGdBTUEAAK/INwWK6QAAABl0RVh0U29mdHdhcmUAQWRvYmUgSW1hZ2VSZWFkeXHJZTwAAAJISURBVDjLzZNdSBNQHMV98lHovfcSbS7NkshK0zSXKbqmtTHSLTUt1OVHEaUUis6H5kul4QeCIpig+IFFUEIo9jUttWJoyUAJbbvpcjrdfl3tpaAs6qUL5+XCOfec//9cP8DvX+D3fwj4LhVpJT5JiA14i03Ca8oX6xfyxNq5bOExGsSqXi9W0k8Jd6paLB9PWnAdPabbFJAEjYSL+wMwNARjY2CzweQk3sePWGhtxdHSwmJzM866euwWC/ZrZSwdPOJajIhM2hB4TsNd6OmBjg6YmIDRUejsxFtcjD0nh1mjEYfBwLxOx4vERN5WVWHLL0Ts3mffEAjxlZie+qorQb7GzAybZ3AQr1rNrErFx4QEPktMR0fzpqKCaWMWImTvnDNwt2ZzBjLvNpm331teBt3dMDcHVis+rZYFSXRKEWd8PFOVlbzPMCIUe6YcO5XKH7awlpMV4MnM7FsvLYXhYRgfxyeti9hYXHFxzJvNfJBkZ3DYlGOHYtdP17ii1QW4NWl9npLSbwJyBq6oKFZqajj/8AzZ/ToyutLQtafwyx4sn0gO+BKverB65Sq+9nbWqqtxFJg426ulbbKBltd1pDaq2LJIS4djti/uP2RbNRXhlmSZ163vUNP06hZ11lq0TanE1ERGbNlEERoRJPOO3LiZ6Na3pXgu9uZy+6WF2mdmCrpyOVAe7g6/rBz4bVVPtyX7S8u2vHsGLCNVmIeuk16fQliJ4p0iP9D/jzsvLY/pGk+iuZNMaFGw9a8+k7Q8oiwMevL93Ve6KsnKrbmJHAAAAABJRU5ErkJggg==');
INSERT INTO journalentries(entry_id,journal_id,entry_title,entry,entry_time,entry_date,mins_ran,miles_ran,route) VALUES (77,'PGq-296','gravida nisi','iaculis diam erat fermentum justo','6:14 AM','7/26/2021',147.74,1.89,'data:image/png;base64,iVBORw0KGgoAAAANSUhEUgAAABAAAAAQCAYAAAAf8/9hAAAABGdBTUEAAK/INwWK6QAAABl0RVh0U29mdHdhcmUAQWRvYmUgSW1hZ2VSZWFkeXHJZTwAAAJdSURBVDjLrVNLaFNBFB0XWYiusnPhwp0bCy6kumkWRVQQFF24kdqKH1QQQcWqq67S1mpaa1sFqeALLmqlbWgLxpY0/5BoXmrSkJT8P9IkbRKbRSC/49whQVERQQcOl5k359xz733DALB/AfuvAsFgsI1DCgQCkt/vl9bW1mZ9Pt+s1+uVVldXJY/HI7nd7rZfBNbX1zs4MR6JRLC5uYmtrS2BfD4vYi6XE8hkMuCicLlccafT2SEEOLmTkxuFQgG5dAIf56dgmBzGXP89vOu7KaAb6IXh1Qg+LU7zO0lks1k4HI6G3W7vJNsykavVqrioOX3oj9AN9qJUKgkRq9UqM25ne3l5GY1GAzUuon8+AO2dCxg/34mRM4cFJrqO4s3dHvEtJDtRLBZFSWaz+SvTarWpjY0NlMtl1Go1ESuVigA5+x142QiHwzCZTGE2Ojo6heYia7z7IMFW4whkl87i8Th48wSZTworKyvDTKVSHWsJ0EU+NoRCIcRiMUSjUdBkKKO08AK3J7pw5ckpdA8ch3ryAQwGw26mVCqPtLITmUjJZBKJREJkpP3rhXH0ve3BvG8Mni96aD5cxznNAbTf2DPEFApFO88g1+t1YZcI6XQaqVRKgIR6Bk9gzstH638qnA4tXYZm6SoJlBlfO0lkZmbGT1ZlWRb1ElpCJx8exKLvJX5cus9jJND8HRnbwbHLaDRO89k2qG4aVesvVN3ah0f6i1DruwVZ/b77u4OfH4fNZttrsVhqfMbggtQo3H92DWeH9uOx/pLITJH2ogd/++r45X6ObbLdjP10/g1HrwhirOEKWgAAAABJRU5ErkJggg==');
INSERT INTO journalentries(entry_id,journal_id,entry_title,entry,entry_time,entry_date,mins_ran,miles_ran,route) VALUES (78,'ylB-271','sit amet justo morbi','amet nulla quisque arcu libero rutrum','7:05 PM','8/24/2022',45.45,6.2,'data:image/png;base64,iVBORw0KGgoAAAANSUhEUgAAABAAAAAQCAYAAAAf8/9hAAAABGdBTUEAAK/INwWK6QAAABl0RVh0U29mdHdhcmUAQWRvYmUgSW1hZ2VSZWFkeXHJZTwAAAIMSURBVDjLpZLLaxpRFMZHCEIp/V/SfaGL/gXdZxMIpd0kgo6jINoH6iIIBd1kFRdmoZUOs4pVXDhKfJCA+AQfAz4QCQSf41tP77lwB2mTLtILZ2Zzft/3nXMvBwDcc0uW5XfPAtPptD4ej9skSeo/2lCpVF6VSiVXPp+/zWazEnF6s+f6+pqccDis+v3+v+FyufyCwLedTgcmkwn0+33I5XIQiUR+xWKx78RVqdVqkEqlwOPxXP3prC8WizetVgvw7HY7YKdarUIoFFJJAvB6vQ9ut/vUZrO9ZKCONHwoFAodRVFgvV7DdrulAljD4RBUVYVerwc+nw9cLteR2WzWI4uRdaR+ttttGhkBjI3Nq9UKME29XofpdEpFo9EoOJ1OnqXmyKI+s8gsNiZoNptAkkG324X5fE4LBXF+h8NxrQlkMpkURmRx0WWz2cBsNqNz4zIxPqZDYWIIVqs1rgkkEon75XKpgeiyWCyoIwojgH+EyZWCxWLZGI3Gt5pAUhTv0Q0bGMgcR6MRFWw0GiCKIgiCUCbw4f7NcbmLCxl3gO77ILqymcl13RH47LFHx9UF86V6fg6rZJIC4/GYFo6FQoFAAMiVvX/qWXOtk5ODxtnpzezbV7o0dB4MBkDeBASDQeB5/ovBYNA9KYAf5fj4oPjp46UkCPIVb3qw2+09sukfJpPp6F+wJvA/9RsZICZTCkof6AAAAABJRU5ErkJggg==');
INSERT INTO journalentries(entry_id,journal_id,entry_title,entry,entry_time,entry_date,mins_ran,miles_ran,route) VALUES (79,'mdX-317','cubilia','duis aliquam convallis nunc proin at','8:04 AM','4/29/2022',106.55,3.97,'data:image/png;base64,iVBORw0KGgoAAAANSUhEUgAAABAAAAAQCAYAAAAf8/9hAAAABGdBTUEAAK/INwWK6QAAABl0RVh0U29mdHdhcmUAQWRvYmUgSW1hZ2VSZWFkeXHJZTwAAAKoSURBVDjLnZPdS5NhGMYVRIjwnyiKPojSTiKCCP+EDoqyA0H6OrAI3VjOVso2STTLQUmUI/REVzbQXNqqvVu6LSvbJ+7L3k3Wmpturj37dFfP88aGlEc+cPOe3Nd1/e4L3ioAVTsdjuMadyScn5+v1ev1Uq1WG9l2weVy1TkcDsXi4uKCxWLR0qRTW1Lrp+nTaDRptVr9v9jpdO6i4oVQKIRUKoVIJAKr1QqdTvd2dnZ2gKYGPB4PTCYT+vr6Rv9NrrXb7XM8z4O9UqmE8nO73RgbG0tTAgwODsaVSmWrVCrdXRZW04XLNpstFAgEUCgUsLm5KRiwSSQSSKfTCIfDUKlUUCgUTSKRqJZpGXI1nVfBYFBAZgKGzZbz+TwYjc+mRcjSiXxmHTMzM5DL5e1l6ipa1N0ychmbEfj9flAyrAR94E23EPeO45dTDXa/TCabrhiYzWYTQyzjMvRisQhCiHD38pdnWHWPoPDbh6XJJny3TEEikegrBgaDIZrL5SpChp3NZpHJZBALu+DWXkB2dRLZcD/W/FPQPTlXui2+2VgxME5MRFkawy4LWWGpjQ0sm3oQW9IgG+oC13Mc+bgG3543lr4+PXO2YmAdGuJYByxdENIik8kkIl4DlvUdyEVfgPiawSnrkeHFSATewKo66bI8PFEnGHjFouF0by/yRqOAv0GTk4k1uF9fwTotLvOjDWnP+b/jvURPGQBveIRP9xvuCAZ8S0uN70brHOnuEkpjhfKfR8Fz/chFHgvpae9FekKD8CWB6yA/teC6j/wy3Dt8SLgj0NxcY792dVgrFnOj7W1x7sHpIon5kVvTIxulHUTHt8xLFFIOrJhH8L5j//i2PxPFi5mUx4hRfpTQJEKTyEfZQfKh8wChIqKX7CN68V7yTrTH+Aes5yJtFoFr+wAAAABJRU5ErkJggg==');
INSERT INTO journalentries(entry_id,journal_id,entry_title,entry,entry_time,entry_date,mins_ran,miles_ran,route) VALUES (80,'XT5-942','tortor id nulla','turpis nec euismod scelerisque quam','7:48 AM','8/15/2022',97.66,3.94,'data:image/png;base64,iVBORw0KGgoAAAANSUhEUgAAABAAAAAQCAYAAAAf8/9hAAAABGdBTUEAAK/INwWK6QAAABl0RVh0U29mdHdhcmUAQWRvYmUgSW1hZ2VSZWFkeXHJZTwAAAKKSURBVDjLjZJLaFNBFIa/ufcmJjHa1tYoiCIiPhCfoNKVoCIuFAWFLqS+QKXo1qUg4lLBhYIgNiiCBBRBxbe0Iqjgo7WgFsWmtmbRhlhNSczNnTnj4ta0xY0Dszhwzj/f+f9R1lq6u7u3jj65cF8XcuihLFvSvev5vzOsurq6VhhjXkhQmepiyF88zObLH/5r2vO89V4mk+ltbm4+Fvt4L51sBCwEQTCpUUSw1k6q4/F4KNLS0rLEGHNeUq24aIrPOv55yXEcRKRWK6VqgjWCaM+99LSUBQkbAE7dHEIELIQDAgKc3N00vkaNYGYrrtL8etpZExCBZXPjYwLhfd9fAsAYA4Db0NAwUldXN1h5eWOnU+yhku1n4a6jHG//QkxVGRj6hV/x+fS1QG64SMyt0tEzws3n3/lW0C8nEOzFVZqRJyHB73KFjesWs2NNkruvvnNiz9JJvlztzCPS1u5kMpneXC53LP/wCqW318BarLWU/YAfoxqAx2+GaoMVDUUf8j+rKCUTPdiHi2bkUceY8wrXQmCEs21rELFYwMWS8MD3fYql6ngKzus76ekpi5jQ8VjEoeIHnM704yjQRhAj44lYSEQmEezHQVO434FSCi0W32hcJwJYFCbMXyzWCloHVKt6AsGr2+lkSiBMh9FyQER5tG2bhpYq4IAFq4SYF+XM9QEKxdIEgu0HQoK7nbiuixGLSwThN+3vjtCUmIfCIV8e5NDaczjEKPtjHmitl6/+9KAvMSOOtZDNZvE8l/mzYVZylE0r11EfnQMO/KzMITVVk4iCpxTq758+sKhxw7xkdGOuFAxe/lzoWXXw1qUlC5pW1E+pJ+ZNR0uAEkFZg6gyvQN9DBcD/gCIAXUVRPlHKwAAAABJRU5ErkJggg==');
INSERT INTO journalentries(entry_id,journal_id,entry_title,entry,entry_time,entry_date,mins_ran,miles_ran,route) VALUES (81,'XT5-942','pede venenatis non sodales','imperdiet sapien urna pretium','7:18 AM','5/11/2021',63.16,3.05,'data:image/png;base64,iVBORw0KGgoAAAANSUhEUgAAABAAAAAQCAYAAAAf8/9hAAAABGdBTUEAAK/INwWK6QAAABl0RVh0U29mdHdhcmUAQWRvYmUgSW1hZ2VSZWFkeXHJZTwAAAEzSURBVDjLxdOxasJAHAZwwbfKkjlbJVMpJaYmxtSoNVoSsCLlekQSjcZNRUFFIUNxD5nqY7Rr+wiuX89M3a62lA4f3PL97n/HXQ5A7jfJ/Rng+/1LSsn72UAQ+HlWJp5Hj4Q8gguE4VAIw0GWwSAQWPl1sZhjv39Gr/fAB4bDAJNJhCgaYTweYbNZIY5jrNcruM49HwiCPg6HF6RpiiRJsFwuQQhhYAS7WecD7KzY7bbwPA+UUnS7Xdi2zdZPqNVMPnC6qPl8Cl3XoSgKZFmGJEkwTYOlzAc6HRez2RSu66DRqKNQuIAoigy7hmGU+EC73USr1WDlajayZZkZoqoKm0rlA807S6jeVoRKRRPK5RtB14tvJ8hxbGhaEWc/JLZrXisVKcvxR8AX6Irl4/8+03fzCbreyRfHFw9qAAAAAElFTkSuQmCC');
INSERT INTO journalentries(entry_id,journal_id,entry_title,entry,entry_time,entry_date,mins_ran,miles_ran,route) VALUES (82,'7O9-157','congue elementum','sit amet eros suspendisse','8:26 PM','1/3/2022',134.87,0.02,'data:image/png;base64,iVBORw0KGgoAAAANSUhEUgAAABAAAAAQCAYAAAAf8/9hAAAABGdBTUEAAK/INwWK6QAAABl0RVh0U29mdHdhcmUAQWRvYmUgSW1hZ2VSZWFkeXHJZTwAAAG9SURBVDjLpZO9apRREIafDVuIhMjGhPwJukashNjoNdgIqQQbG8U7ECy0i4UXIMQLEKxtrCwsRMRKbBSCoBhQwRjwZ3e/M/O+FufbTYRYZWA45wznnXk4Z6Zjm8PYFIe0LsDDG/1pm03jy5gpAzbIxga3q2wMv2Q/uPXo8wZAZ/P6qVmbrd7iyd7cUh86HWhFMvvcpKBE4fv2B358+7Rx+/H23a7Nq+PL/d7c8ipf3r+kjH6jhDSkTAjCRoISZmbhNDMLq4S4c+/K8rmu8fzahYu8fvaEwc+dKm5FIZMJIVMSIsXu1ltmhw1nzq6x8/XjeteG+ZVF1q/dRKMhVqBInElG4igoApXxPlEJpo4t8eaF6drgEIPdd6j5g0KoqCYpSRShkq0LlZps+ugJZOjWxxEuSQ6zVohETZIh1LTiNqYQGTVmtwQqiUZBjgKVICfVsj0Ll7GwpYvcI1AkOSyUYTkQN4twCjWB0jgryYTAjYhRkIPyH1zVilETOV19QlCSHAQ5bA7GTaEUDuFxZ9EmsCGLOLJyvv5AGmvvstVWlGt/7zNjOvevrjy1uST90+8Hz4HBVYkrwfPOYcf5L9lR/9+EMK8xAAAAAElFTkSuQmCC');
INSERT INTO journalentries(entry_id,journal_id,entry_title,entry,entry_time,entry_date,mins_ran,miles_ran,route) VALUES (83,'SSe-901','tortor duis','turpis eget elit','9:06 PM','1/16/2022',122.01,9.79,'data:image/png;base64,iVBORw0KGgoAAAANSUhEUgAAABAAAAAQCAQAAAC1+jfqAAAABGdBTUEAAK/INwWK6QAAABl0RVh0U29mdHdhcmUAQWRvYmUgSW1hZ2VSZWFkeXHJZTwAAABjSURBVCjPY/zPgB8wMVCqgAVElP//x/AHDH+D4S8w/sWwl5GBgfE/MSZAQNL/31CdMHiGaBNS/yPbjIC3SHSD+3+EXoh5z4k2wfs/qt2/ofAziW7Q+v8brhsSrn+IMYFgZAEAE0hMH/VkcbsAAAAASUVORK5CYII=');
INSERT INTO journalentries(entry_id,journal_id,entry_title,entry,entry_time,entry_date,mins_ran,miles_ran,route) VALUES (84,'Han-708','ut rhoncus aliquet pulvinar','tortor sollicitudin mi sit amet lobortis','3:53 PM','12/23/2021',118.2,5.37,'data:image/png;base64,iVBORw0KGgoAAAANSUhEUgAAABAAAAAQCAYAAAAf8/9hAAAABGdBTUEAAK/INwWK6QAAABl0RVh0U29mdHdhcmUAQWRvYmUgSW1hZ2VSZWFkeXHJZTwAAAJ0SURBVDjLlZPdT9JRGMe5qFu2Lrt1a63LWv9ATRdN5xvLsnLRipzZpIVpigjyIs3XAOUHgopoWkggP5QXSRJwJQmtm/IlAWtt3XXTfubS+nZ+P1eby6ldPGdn5+zzfb7Pc57DA8DbL9rjrYxuVsXf7W5fuC2mYawpE7QRJZpDDfz/EngYVTN9qR4EPvlgXjCiKVCPWvou/0ACxDJjSbIwDefqMPxrEzC87IDUW4Pq8Vv8PQVaX7Qw5qQRgY9ePP0wDMeSFfWTUkxmPeiI61DlFOP6SAV/VwFtRMFQCwb4CdwW10IbVcK+aMHgohmPlwdBZ11oCctx1X5p/R8B9Uzzuum1ntj1Iv1tGRtb3zH2dgSa2eZtOOOCMizD5cGyzR0lGBNdx1TP5T96E4+4WttiWg6mYr3Ifk1DF1PBmxmHYlrGZkbFUDku2oSHOAFjolOuIpZ65rs5+MmKg9hWcJlZWB1UbsOhRjYz5r/MoSn4AKWWQg0nwFoyzndhijRobGWIq3XgPQU1sa2LqjCRHoc81IBK9w0OnvscRWQtBGFfEc4b8o7wNDMKOwnY3lDwZZ+h1idB/zsThpf6CezkstVN3yNwHFMrNGqCVRvlA2UQ6POkud1nTvE0EcVR1gU7JNSCnrPrWLRtw+RM7BKBXnJDP9eOYqogVNAj0Av0uTk7mtjov2+1p2yQ0hIYXnXCs+qEzF+HC9YSyIiIsK84XWTKP5tvPHdi11GupSXHW8JNW+FMAHdclSCCKDEX/iKdDgotRY17jTu31LhvHybT5RGPin5K3NWs1c0yW+lp0umc/T7b383NUdHJa44rSfJU+Qf54n/iNzi8zBtL0z1zAAAAAElFTkSuQmCC');
INSERT INTO journalentries(entry_id,journal_id,entry_title,entry,entry_time,entry_date,mins_ran,miles_ran,route) VALUES (85,'ysG-086','tristique','sagittis dui vel nisl duis ac','6:41 AM','2/16/2021',28.54,3.98,'data:image/png;base64,iVBORw0KGgoAAAANSUhEUgAAABAAAAAQCAYAAAAf8/9hAAAABGdBTUEAAK/INwWK6QAAABl0RVh0U29mdHdhcmUAQWRvYmUgSW1hZ2VSZWFkeXHJZTwAAAJpSURBVDjLpZNNSJRhEMd/z7vr9m7t2oopZl/UoVWpQ0RC0EFL6FAQ4a0OXbrVLaJDEdStjhEUFQVBHaIuSocIomtWJvYFRhb51eqaH7vu7vu8zzvTQbENvDkwDAzMj+E//zGqymrCY5URBxh6vm/Ar21rM6aapwSF7yORm90PBP9NGQAWskc/ujiAUa9ly4EHNcYY0MVhjMFV8jtyA1dGdKkLEEvUqkbhZHHi1XngSRwApxXErgl+3yKyMfBqMSaN33yI5vZrCVQBARVAMV6q6VvPgcv/AKHxVCyRTaCiSPkX4UKO4uRravyNoCGIRdUBjnTLhQQq25Y1wKgvrowtgdoFwsI86ZZT+PWtgKGU72du5CWNbWeJJVKYeAYiL/4PEHrEk41kWk8vraoogtgxwj8vmP7+gVTzEfKDl0jXCf7mixAoVQBVjSpIaRCN5tCogLpZJJxh/vcwaxu7qN24h+Evj0nEF/A1gLDaBwGq4pBwCrFTiM0hNoctjjE7kSO9IUM030PDrtPMTIRIFCwfdhFgVQ0R6v6gbhoN86ibZnZ0jPrsCaj00/fwEalMmULeY378E7gqgFqZcaXpubCYEFdK44IGivkk4u0kXVdCgh+gQlR8y/aOc4y960Ws2GUNtBJcH759vB2lC0MaYwjq6hJbO896UnqDSpm93VnEjuOvGyKz7SBTE/e/Lh5whWfqv9NxZkPrsZtNO5NExT5ULe+ffWVvdysmth6Sh3l379KkinSuCOi7sX9098lHm2LeT9TNUOVkwCOWzJL7PMBQ79Wn8ZU+zAXW77/bXVZRVKQqdbkigqo2/QXSf1oX6zFeUgAAAABJRU5ErkJggg==');
INSERT INTO journalentries(entry_id,journal_id,entry_title,entry,entry_time,entry_date,mins_ran,miles_ran,route) VALUES (86,'Tzz-115','magnis dis parturient','suscipit nulla elit','9:02 PM','10/6/2022',106.03,1.65,'data:image/png;base64,iVBORw0KGgoAAAANSUhEUgAAABAAAAAQCAYAAAAf8/9hAAAABGdBTUEAAK/INwWK6QAAABl0RVh0U29mdHdhcmUAQWRvYmUgSW1hZ2VSZWFkeXHJZTwAAAKtSURBVDjLlZJvaNV1FMY/vz/3zrt77xjs7s7mVZNS3HAuFIWwXpRWexEYDANFKQpfyagE8Q8iUfinKHwTFL0wzBcWMWjpCxWJJQ6hHGOSNtzcTYmma7ipu97tfs85X1+s1DcmHnjgcB54zsNzTnDkzPge79ms3gpmhhqIGaqGmkfUHoKi4lGz3/ZuXLgSIDbvO9pXZnM8QX34/dDS//pYzXIAXcOHERNEBWeCU4czoTFTIFedpy6V48TVn9jSsgvntOohAQ/AhuZ3H7v5+JVOvuz7BCdreSCgBsDRs6P3hw21SZLZv+gdP0Hx1gAiijhlTrpASe5wu/pb4DMAQvlXAGD9C3miwDN/3ii/jneRiVKsbmxjzdw2Xl3QxuJcE00Nzcyum2btV68NAcRODfOeOILOc6NEUcjp4R6qqaa+Kk//jT6Gx67gKo5CzVxEhMGi0tVx8lmAUNXwQBwFtD+fJw7h77uX6L/Rx7HLP1KZCjn0xnccebOTcmkaK0ckJzfx8oFVqfsOvEEcwvHef4giePvpj8jMiggCuHmnwtDIXUSNFDk+eGUnW4b6+HlHTxkgdGJ470lE8PryembFAQvyKeprkuSySeqySX648DmLCxn2t39MGISkq+IHVxCbCTEKA073jwEwOFIim4JEmGDfqe1MTE5weaQEwKddHfx+/Tyt74sXJ1dDEZnJIIQ1rTniCBY+lWZ2bZqD3buZsttECeWdr19i0xcvUmKCDe3rWLFsGa4iJ2cy8J4l8zKM3CzzTEOK4vVJdh17i9psDa2LWlBTlixqRr1iXhksDvPLmZ5eFT0abD106aw4fa6ilnaiOFFUDKdGIvsNUWoCEeXiwB9IRRCnhDSOlaf+XFc8fK0b7/3/Yvm2lu6l7zVdeBQfPu7/K9NutavIwKP4e594fYOHzxflAAAAAElFTkSuQmCC');
INSERT INTO journalentries(entry_id,journal_id,entry_title,entry,entry_time,entry_date,mins_ran,miles_ran,route) VALUES (87,'pr2-962','pede justo','dapibus nulla suscipit','3:30 PM','11/16/2022',25.18,8.53,'data:image/png;base64,iVBORw0KGgoAAAANSUhEUgAAABAAAAAQCAYAAAAf8/9hAAAABGdBTUEAAK/INwWK6QAAABl0RVh0U29mdHdhcmUAQWRvYmUgSW1hZ2VSZWFkeXHJZTwAAAF6SURBVDjLjZO/S8NAFMe/l8Q0ASUUXRwK9R9wFDfdunV19Q9wcmg3/wHp4FLo4CA4Ce3o6OLWUZwKpbRLMdDFCKH5dd73SkvQkvTgeLnLe5/3vXfvhJQSu4xutyuDIEC73Rb5fQM7jizLMBwO/+1b+UWv1+soRZdCiGO1PFJzT33r4Hq9DsuyigFRFN02Gg1UKpWNc5qmehJimmYxgE6e5+GsX4VrZQgzHlfiwI7xdP5VroAOzCZMidaFgGVIENH5sPAdZeUAwzAQxzGECrSpVt0Qq0ygErKbAh5DqOC7dxWj0gtKEGSl5QAWiYCX009t18Wj9UxvK8DYBugHz3hN+hiNRnp9+PAINlzpLawBTedqlflkpcC/uUYVKFewrsF4PNZ2MpnozLPZbJOg9AgMYNdx0BJUq9U2CQoBvEYGzOdz2LYN3/fhOA4Wi4UG839hDVTf/4RhuJ9XwLdAy/5Qr1EWAqbT6f1gMGgul0sdmAMjSRK4rvv2F/ALQmi5wbpDa1QAAAAASUVORK5CYII=');
INSERT INTO journalentries(entry_id,journal_id,entry_title,entry,entry_time,entry_date,mins_ran,miles_ran,route) VALUES (88,'rmi-746','duis consequat','vitae nisl aenean','6:57 PM','4/18/2022',41.77,3.49,'data:image/png;base64,iVBORw0KGgoAAAANSUhEUgAAABAAAAAQCAYAAAAf8/9hAAAABGdBTUEAAK/INwWK6QAAABl0RVh0U29mdHdhcmUAQWRvYmUgSW1hZ2VSZWFkeXHJZTwAAAGrSURBVDjLvZPZLkNhFIV75zjvYm7VGFNCqoZUJ+roKUUpjRuqp61Wq0NKDMelGGqOxBSUIBKXWtWGZxAvobr8lWjChRgSF//dv9be+9trCwAI/vIE/26gXmviW5bqnb8yUK028qZjPfoPWEj4Ku5HBspgAz941IXZeze8N1bottSo8BTZviVWrEh546EO03EXpuJOdG63otJbjBKHkEp/Ml6yNYYzpuezWL4s5VMtT8acCMQcb5XL3eJE8VgBlR7BeMGW9Z4yT9y1CeyucuhdTGDxfftaBO7G4L+zg91UocxVmCiy51NpiP3n2treUPujL8xhOjYOzZYsQWANyRYlU4Y9Br6oHd5bDh0bCpSOixJiWx71YY09J5pM/WEbzFcDmHvwwBu2wnikg+lEj4mwBe5bC5h1OUqcwpdC60dxegRmR06TyjCF9G9z+qM2uCJmuMJmaNZaUrCSIi6X+jJIBBYtW5Cge7cd7sgoHDfDaAvKQGAlRZYc6ltJlMxX03UzlaRlBdQrzSCwksLRbOpHUSb7pcsnxCCwngvM2Rm/ugUCi84fycr4l2t8Bb6iqTxSCgNIAAAAAElFTkSuQmCC');
INSERT INTO journalentries(entry_id,journal_id,entry_title,entry,entry_time,entry_date,mins_ran,miles_ran,route) VALUES (89,'PoL-555','pellentesque eget nunc donec','morbi non quam','9:59 PM','1/12/2021',58.66,2.91,'data:image/png;base64,iVBORw0KGgoAAAANSUhEUgAAABAAAAAQCAYAAAAf8/9hAAAABGdBTUEAAK/INwWK6QAAABl0RVh0U29mdHdhcmUAQWRvYmUgSW1hZ2VSZWFkeXHJZTwAAAG2SURBVDjLY/j//z8DJZgsTUdmCkodmSV7eO8EkQayNN8+WPry3YOV/3d2ib0nVbMsUPPrT8/3/n9+Nun/1hbxP6Rolr99sOTtZ6DmD7cLwZrXVUt5kKb5xb7/P17U/b+4xu4/UHMRUYEI1KwK1PwOpvnSOgeQ5vlExQJQs8atA8UfPr+EaL662QWk+diSPDlWnAZsWjufedOaORyHZ0lrgzR/ebkfrPnWbm+Q5odAzYJY0wFQI+OmtXN5N62ZVbJpzYzrB2bIfX5zaxJY86NjYSDN34CaVbEmpN4lK5hWrJonBtS8ddOaeT82rZn9b8vSmn87u6X+393n///gdKP/QM3OOFNi95Jlks0Ll6+bOG/l//OXzv7/8+ny/09PD/zfPD/vHtTmVJxJuXfxErbW+UuyG6Yu+T9t15X/rQt2/k/t2vK/ctKa/0Utk7YuyFeXxpsX6qcvXdswe/3/tpXH/neuv/a/cu7J/9E9V//7Fi57n1w+QY1gZsppnfMvqWb6/8iSyf8Dcyb8907r+R+QO2tbbNHEIKJz46bF5SybFhVZbVqY17BpfqbEpnmpfJvmJfESYwAA/ZPGvT+K5AYAAAAASUVORK5CYII=');
INSERT INTO journalentries(entry_id,journal_id,entry_title,entry,entry_time,entry_date,mins_ran,miles_ran,route) VALUES (90,'xsT-424','pellentesque','vitae consectetuer eget','7:02 PM','4/15/2022',107.31,0.49,'data:image/png;base64,iVBORw0KGgoAAAANSUhEUgAAABAAAAAQCAYAAAAf8/9hAAAABGdBTUEAAK/INwWK6QAAABl0RVh0U29mdHdhcmUAQWRvYmUgSW1hZ2VSZWFkeXHJZTwAAAEXSURBVDjLY/j//z8DJZiBLgZkz37Ynjrz4ReyDEideb89afrDf5ET7v4n2YCEqXf7qpY9/T9r76v/Xu03STMgasLteaVLHv+fufvl/6k7X/y3qrlCvAHBvTeXFC54ANbctv7p/95Nz/5rFZ0nzoCAzpuPsuc++D91x4v/jasf/y9aeP9/89rH/6VTTxJngGPDtc3xU+/879789H/5kgf/02fd+V+17OF/yZhjxBmgVXCaRT3v7BqP1mv/a1Y+/J824/b/woX3/osHHSAtECVjjqy0Lb/wP2/+3f+Zs+/8F3XfS3o0inntXWSeffJ/0tRb/0Ucdv4nKyEJW25ZYBh/5L+w5fb/ZCdlQYMNs4WMt/wfuMyEDwMA0Irn/pDRT58AAAAASUVORK5CYII=');
INSERT INTO journalentries(entry_id,journal_id,entry_title,entry,entry_time,entry_date,mins_ran,miles_ran,route) VALUES (91,'Uun-744','a','est et tempus semper','3:18 PM','1/4/2021',127.33,1.36,'data:image/png;base64,iVBORw0KGgoAAAANSUhEUgAAABAAAAAQCAYAAAAf8/9hAAAABGdBTUEAAK/INwWK6QAAABl0RVh0U29mdHdhcmUAQWRvYmUgSW1hZ2VSZWFkeXHJZTwAAALWSURBVBgZBcHLi1V1AADg73fuuXMd5947jzuO+WgSylIhdROEJNFIkBptclmEuza1yPBfyHWLKBcJLdq0KFBMEotKxCBSNDVJ0xzHxzyqM/ec+z739H3hwKH95xozjblSqQQAAgCAIAACBvnQ8uLy93FjpjH3+ccnhCgYDPsACIJCIYBWP0VQFJFiWCjkPjx6ZC4ulUpyA6H/pezsJZPnWpaOzhqrVd28ecGN7LgHS4lare7xSqIUl61mHe8cKJTjkgggSVYk20espqnWmevS9KE0TYXuJd12U7vV1Gun2u3UoJMJYYggDoDx8XUUfWvfn+Kj31TenDazYaPR/m3twVa1iZqRUiQuj0hbHSF0EURAkCSJNG36bya3OjnQ/uoW+VDR+lm/m2o1M/1uS7eT6XVbQihADDA+PkPRNzFel7y7w+SnKwYvb1CZ7prtrShXn7S2UlIeKWu2elglEBFAp9OVpS3JaqI5lvv3WTpf/KXIO6LeaZ12qtfNdLLUsJcJIIgDYHR0QrWeGa/XQfmtLUY/OC/On7KxcU1ntG1T9YrKyJJe+65S9LaAOACaSSZNu8j8uvDIvX5k/TO5507ctHAw83j+M1fvzUvbbb120ws7KgJiIQioTzxhddB1udVyt1c2NTnl0b5g3+mBk38OtWvL5vbutXlqqx+ufeOn37+WDesiKIrCL/N3nLp13f1/VnQ6HWmaSbtdF7cVbjx6YPe2XfIot2vDq/LQ9+LzeywP74oCWoPMUt5XGakaGx23pjKmuqZqy3xi8/0FS9mKcqh6Y/t74Mi+456e2akwFBGEEKmpq4aaSj5qbahaf2PRxoW2O3t2Sporrj244NjZw+DYd4fdXrwiEokHg1ye5zZN7bapQQBB2IpXmA7B/seJi1dO2bPzJSevfmIkxM5f/tGUWeH1Qwe/XTcz/VqpHCMIgAAAeDj8w/Lwb0MDkVjDrGhx8sz/ABdNCpr3mlcAAAAASUVORK5CYII=');
INSERT INTO journalentries(entry_id,journal_id,entry_title,entry,entry_time,entry_date,mins_ran,miles_ran,route) VALUES (92,'l5f-791','amet consectetuer','ut nulla sed accumsan felis ut','7:37 PM','9/2/2021',72.18,3.47,'data:image/png;base64,iVBORw0KGgoAAAANSUhEUgAAABAAAAAQCAYAAAAf8/9hAAAABGdBTUEAAK/INwWK6QAAABl0RVh0U29mdHdhcmUAQWRvYmUgSW1hZ2VSZWFkeXHJZTwAAAJ1SURBVDjLpVLdS9NhFH724WbTWcpKiTUxWyJKRTdGURaSUt5URDcW3XYZ9AER1UXhTQT9CREE3URi1EUkaGhq5ZSgDzc1tWmaGzrd5m/v+55zurBy6u468MD54Dzn0yYi+B9xZhvxwWOPheWCiECYARYIrejCvKoTT/qbQuUbCISlZXNFC4QFIIYQrcIQ0rEPsBKR5N/kNQSxgaN3Xd6gHQzo+HOINmCtIUojz3cG1sJXWIkI+ZtC3uyi9tXqfD1/y15Q+hvEEESvIM93CioZxfJCBExctX4HdgCYe3/kbJ4n4ILNBUp9hhgCk4GjcD9Yp2AthEGZxebAyaHRnATC/MjlDUJMCmLMn5kN7O4AlueHoZLRa4HmoVe5rmCb7T1U53D5+rz+E1CxdrDSEK3BlgVX6WnEI09EiNXDxQJ3yihc8aQzDmIIcSJ4fqTUKSTtLu9uCGk4i5ogZCCGAAHEMIrLz9nEaHfm00v4fdW4MxVy3y7gtEPTQQBwCrM7Od2VyboxhBkP5ovcwgqKDZQhbC8JorqsDktWCpejffmWUbNvAdhyfeLEiz2d9xOe+uM1F0HCICYwBDOJKIoLtqF37A0GJrvYMqrEmWsxQlxvGQUSxkQ8As0GhjU0aSxmlrBvx2Ekddre/707voFgvK12MN+7C1YsDEMGpUUBGCaQMH4mJlFSWIbQjx70jHbPKYPGNSOMt9UWQuxLQoyrsTSWlRLFCpZRqPTV2A7sbMTHyXfoCL+eUQYN063yxbmu9X4m80uIK59dGktmx2rv2VM2+yZPZ7hjSjEapltleCVJ5B9GnlbVZdvZqLiFVOCmQ7beQEW2/zeRQcHUmJPKOgAAAABJRU5ErkJggg==');
INSERT INTO journalentries(entry_id,journal_id,entry_title,entry,entry_time,entry_date,mins_ran,miles_ran,route) VALUES (93,'xsT-424','hac','vitae consectetuer eget','7:58 AM','3/29/2022',44.71,2.71,'data:image/png;base64,iVBORw0KGgoAAAANSUhEUgAAABAAAAAQCAQAAAC1+jfqAAAABGdBTUEAAK/INwWK6QAAABl0RVh0U29mdHdhcmUAQWRvYmUgSW1hZ2VSZWFkeXHJZTwAAAB4SURBVCjPzZChCoAwFEX3GSbBLzMaDOblBduqrAlDYcKCqNFiF39Gp8iDq91plhPvgQOXgX3D/iRM50gDWdKkSNJDmNJxHmbb6kN10gjjTdhA7z2kE6E3cc9rDYsC3GWRR9BbhQYVSuRIFo+gICHAkSFB7H765BsXhQcRTCg+5ikAAAAASUVORK5CYII=');
INSERT INTO journalentries(entry_id,journal_id,entry_title,entry,entry_time,entry_date,mins_ran,miles_ran,route) VALUES (94,'Bwt-060','ornare consequat','vel accumsan tellus nisi eu','6:38 PM','10/8/2022',4.67,2.26,'data:image/png;base64,iVBORw0KGgoAAAANSUhEUgAAABAAAAAQCAYAAAAf8/9hAAAABGdBTUEAAK/INwWK6QAAABl0RVh0U29mdHdhcmUAQWRvYmUgSW1hZ2VSZWFkeXHJZTwAAAJySURBVDjLpVNLbxJRFO4P8BfwO2Dp0g27VmvSnYkbEzYmLpq6sZP66KIxQmYsUUyb1gYqCZrU2qamVJwOIKaxUKAMD4HyKBQGHAaGx1COcy4P8bHzJt/i3pzvO+c759wJAJgYx7Vl0KjQqdCrmBlAP3jT/Bk/TryiQnv/rWhwuDOM9zjGnYROhUAwLBweRbg3riQza68YMAZjfxMYkK/a2DwVOE3whbIIktwB5bJHUGu0IVesgOcoyK/sJSiMHYoMBbRIDka+S82WAnjkdhcqUgcEFfVWl7xJchsOfX7JshNFES0RQF9YNmYekuPnDSj+aEOh2kc014BcpTUS2Tvw8Hc3CmhHgwI6B3fGYNl4SmIbbjxiCQnJ+WoLphZcEMpIkCk3SUwkeQ603csgFwX0nm9RDj1jqUi6/pBV4YJIrg5ZoakKfCIInkkgNhS4qMqwuvmeQy4KzPhPQgI2q1zrEAHMiLi56IVYvgFTlCpAOWH6sZvc28olbFg3BeQSgeNAkAhg+egVydNP3CQrik7OO4mtyfl9chcbHVhdez0S0H/+GuaqUgtqskJ8EjLVJyeL8oiMCXAysWwVaIt1ZEFndcaZdK4MvR5AutQk5SI5UZAJJh/sk6lgYzvdHhx8CQNl/jBqouaerWRwsj5eEJujSSARx4mekYwNxQRxNbvpxTp/2xzrj3G4SPS7ALX1kZUKlX5gta6QalIXMlkmzBzLVsBosUlz9M6vRRpf5SWrj1q3b/FefxzSBZH0BD2HUwLssgFYolf4WdP236s8/pnuvEoZFl7uMk+X1zj6uVl4ZmKERaOFmzM6mFtM5N+f6X++80/jPghfk2d02wAAAABJRU5ErkJggg==');
INSERT INTO journalentries(entry_id,journal_id,entry_title,entry,entry_time,entry_date,mins_ran,miles_ran,route) VALUES (95,'8jq-863','tincidunt in leo','sapien a libero','8:26 AM','3/19/2022',104.55,9.45,'data:image/png;base64,iVBORw0KGgoAAAANSUhEUgAAABAAAAAQCAYAAAAf8/9hAAAABGdBTUEAAK/INwWK6QAAABl0RVh0U29mdHdhcmUAQWRvYmUgSW1hZ2VSZWFkeXHJZTwAAAHjSURBVDjLdZO/alVBEMZ/5+TemxAbFUUskqAoSOJNp4KC4AsoPoGFIHY+gA+jiJXaKIiChbETtBYLUbSMRf6Aydndmfks9kRjvHdhGVh2fvN9uzONJK7fe7Ai6algA3FZCAmQqEF/dnihpK1v7x7dPw0woF64Izg3Xl5s1n9uIe0lQYUFCtjc+sVuEqHBKfpVAXB1vLzQXFtdYPHkGFUCoahVo1Y/fnie+bkBV27c5R8A0pHxyhKvPn5hY2MHRQAQeyokFGJze4cuZfav3gLNYDTg7Pklzpw4ijtIQYRwFx6BhdjtCk+erU0CCPfg+/o2o3ZI13WUlLGo58YMg+GIY4dmCWkCAAgPzAspJW5ePFPlV3VI4uHbz5S5IQfy/yooHngxzFser30iFcNcuAVGw3A0Ilt91IkAsyCXQg5QO0szHEIrogkiguwN2acCoJhjnZGKYx4Ujz5WOA2YD1BMU+BBSYVUvNpxkXuIuWgbsOxTHrG3UHIFWIhsgXtQQpTizNBS5jXZQkhkcywZqQQlAjdRwiml7wU5xWLaL1AvZa8WIjALzIRZ7YVWDW5CiIj48Z8F2pYLl1ZR0+AuzEX0UX035mxIkLq0dhDw5vXL97fr5O3rfwQHJhPx4uuH57f2AL8BfPrVlrs6xwsAAAAASUVORK5CYII=');
INSERT INTO journalentries(entry_id,journal_id,entry_title,entry,entry_time,entry_date,mins_ran,miles_ran,route) VALUES (96,'frO-305','eget','fermentum justo nec condimentum neque sapien','8:20 AM','3/23/2022',18.88,2.99,'data:image/png;base64,iVBORw0KGgoAAAANSUhEUgAAABAAAAAQCAYAAAAf8/9hAAAABGdBTUEAAK/INwWK6QAAABl0RVh0U29mdHdhcmUAQWRvYmUgSW1hZ2VSZWFkeXHJZTwAAAKnSURBVDjLpVPfS5NhFN6/0F1EF9FFBf28GhF0UWrkVQQZkamgbckoGEUsbVJgLl2K++F0bcx0UwZT07bZnG6yzc3hJND56ZYr59zELjSdm36NTZ6+9yOEQQyii8MLh/M857zPeQ4HAOd/4p8BBoMB3d3d0Gg0UKlUDzg+nw8kpqam4HK54HQ6MT4+DpvNBovFguHhYQwMDMBoNEKv17O12WwWiUQCMpmM4ni9XuRyOWQymYKRSqWg0+nWk8kkwuEw2tvbo1KpVMDxeDxsIh6Pw+/3IxaLgeSi0SgmJiYQiURgtVrZmsHBQVAUxU7U0tJSdKiBw+HA9PQ0RkdHuW63G0NDQ1wC7uvr45JvaLVaLgH7jbdE4f57iHxqwpzuBuZVZytZgrGxMQSDQVaDlZUVVgPSmYBDoRDb+WtAhY1JEXaCViC1ju0gQ9h688ehuiMjI0in07Db7WCU5prNZqI0l4wbMBXVbVKvkImbseF6h/2Fj8iterHwgU8fEjCF4kAggOXlZRAw6WwymRCe1WOLEuNg34v974+xFXiCkKEGQW3FZkBx+1Tejnt7e4nSUKvVUCqV6FcL8XOhDge0H3vfqkCvlWN3qR6LnSX40lZ8qaCRbG+O3t2YFf0BV4KO3UeSeomQshiS5zXbeU7s6ek5zSj9vqurCwqFAhrpI1C2Z8zYHtDRGvxaq8AOM0moowTh1ssnBAJBOo+AEUtMXrlcLlQ2VGwufq7HvE2GxEwZ9qLl2Jp7gSVlUarhKS/BgIV8Pp/OI2A8LWZsya7LRPyxu4qw5g4m64/Bpy6F/fUVGDqbWRsztaiuro789ZgkEgkaeeeQ8XcgMyPHTNM1mB4eT9nrLlysra0V8ng8AkbBayy7eoR+W3Um62wuzTrarrstovMnC13nb3Lp9V3T7PhSAAAAAElFTkSuQmCC');
INSERT INTO journalentries(entry_id,journal_id,entry_title,entry,entry_time,entry_date,mins_ran,miles_ran,route) VALUES (97,'ubr-995','gravida nisi at','tempus vel pede morbi porttitor','4:50 PM','4/4/2022',51.33,9.51,'data:image/png;base64,iVBORw0KGgoAAAANSUhEUgAAABAAAAAQCAYAAAAf8/9hAAAABGdBTUEAAK/INwWK6QAAABl0RVh0U29mdHdhcmUAQWRvYmUgSW1hZ2VSZWFkeXHJZTwAAAJTSURBVDjLpVPPbxJBFP5md4Gl/HAJULHogRqUJiVpw8GYmFjhoDcPHIzRBO+Gk8c2HvwTjCfryaQcjDZR08hFwsWD1DZGQhSLaUk4UDkYUQSWZdd504Ct4dZJvrzZzXzv+957M8yyLBxnSTjmUkabarX6djgcJjlgGAYGg8EYuq6P0e/3KRYymUyKeIxK4OTLdru9GAwGxaH/1+EybTYbisUi6vV6KpvNFoQDrnhf0zQ0m004HI4x6TCR9o1GA16vF5FIhESX+e8CK5fLQt3v96Pdbh+xS6UQkTEGWZaFusfjgcvlQj6fR61WSymkTtapVjqkqqrASF3ETgX4+Q6m9yZM00Sv10M8HkelUllWSKnT6aDVaokGEYEOUTMpMkvHGbaB6dkUdqrraBqLUBQFbrdbuKQESVKiDyLxkoRlSTqY8FmtjkDiErynFjH16RnsmEF3GEA4HCZOUiJVqpVACUagb5W1EXbuwRPQMGy/wumFO/DpWxga+njEIsGIRJZjsRii0ShmZyOYD7UwM38D6G2j9HQNbq0LtfsNU/quOEsJFEpAE6AEo9EJ/PoCTZ+Cx/eHq+/ybvK+/N5EZOkeBoVVnJxOC5csl8u94bVcO3TLMNC7uODbxELqNlTbe5h64+AyMBtkVwL7OxLWX25gs+nPs0mPafvx0t3A3PVHoXNOrlrijnRsvfiMRHoOTD4BOK/iw5OV75ZpXpmYoPTwYiN+ay0sS3uwjB90G468P9l5HvuVj/j6+sFzZdILM/q6ur2a7lom7wVv1j9Y4wiKlhX6C0eqiNj1HMM7AAAAAElFTkSuQmCC');
INSERT INTO journalentries(entry_id,journal_id,entry_title,entry,entry_time,entry_date,mins_ran,miles_ran,route) VALUES (98,'pr2-962','pellentesque ultrices mattis','augue vel accumsan tellus nisi','7:08 PM','5/13/2021',118.95,8.23,'data:image/png;base64,iVBORw0KGgoAAAANSUhEUgAAABAAAAAQCAYAAAAf8/9hAAAABGdBTUEAAK/INwWK6QAAABl0RVh0U29mdHdhcmUAQWRvYmUgSW1hZ2VSZWFkeXHJZTwAAAJ+SURBVBgZlcFLSBRhAAfw/858s860aygiptIp9NChoDzkxYNUYIcO0TUIOghFUNElvEad6lBkdEqCIugi3QQfLR2yQumBaPh+7Li7o/uanfmes1972IOEQv5+Ma01DuPRh+U+StlEhSsZUnElprXGQd6kdomUsoOJaiflojXk4mIM+pZjaXCp8GslTwkOMDLlOVyoCamiXhkpVCOJRDyGpG2CCYlsgSPvh4TgACGVt21L97Y0meBCg0kNyiW28wHiJrC8VYAo0wsE+3g1vtRdquYeHyXHUfAldkohKJcIuUSjbWI5XYKXLQ5/fnk1RbDHyJTnSKHeCbF6SbVMGCteH5pxAk7cQLbAQZmAGbOQccuQZTqGGoK615M5woX6aRPdZTkn4a+7kehMmdOzMmptaDOTNkEuzxE3gaAcQITMQ42BugpVHUzIrqRjwCJVOA3nzPLvMzKScujPxnK04RbRdIQgYBxhIYSs0DRqDNSFnHUKIUG5xKZXQTweg5Potmyde9hz/quZ9RbgukWsLWQQlvxFFQkXNQbqKgFvDRhHyCRCKrC27cOxYmhrPksyP5rQMzAPd3FJZVdzoyrip+cn7yvUENSVQnajvclCSAUqlIMyCa8oYVsmoPsxM/pJRVVxam7ywTz2IKi5+WLmXqNjXI4TA5lCgIRtwjI1GqwYhJBY39hFLt0+NPtxcB7/IIPPvt9N2MaTRNwAZQKWqbGeLmFnxwf1GZhPwXz+RXH2HPsgPuVP25qT0DrCZtbHpltEwQuGlRBjEedexFVaCenOjd9R2Acp+RQb2xFMaKS3iiju+v3Tb69N4T8RGtBjK/lSRoWKKsYGvr2/nsIh/AUG0IfiieuuUQAAAABJRU5ErkJggg==');
INSERT INTO journalentries(entry_id,journal_id,entry_title,entry,entry_time,entry_date,mins_ran,miles_ran,route) VALUES (99,'owD-708','dui nec nisi','ipsum integer a nibh in quis','3:49 PM','7/20/2022',56.09,1.79,'data:image/png;base64,iVBORw0KGgoAAAANSUhEUgAAABAAAAAQCAYAAAAf8/9hAAAABGdBTUEAAK/INwWK6QAAABl0RVh0U29mdHdhcmUAQWRvYmUgSW1hZ2VSZWFkeXHJZTwAAAIvSURBVDjLjZPLaxNRFIeriP+AO7Gg7nRXqo1ogoKCK0Fbig8QuxKhPop04SYLNYqlKpEmQlDBRRcFFWlBqqJYLVpbq6ktaRo0aWmamUxmJpN5ZvKoP++9mmlqWuzAt7jc+X2Hcy6nDkAdhXxbCI2Epv+wlbDeyVUJGm3bzpVKpcVyuYyVIPcIBAL3qiXVgiYaNgwDpmk6qKoKRVEgCAKT8DyPYDDoSCrhdYHrO9qzkdOQvp+E+O04hC+tED63gBs+QiDnhQgTWJYFWiQUCv2RUEH/g4YNXwdcT/VEJ6xkF8zEDRixq1CnriD94SikH08gikJNS2wmVLDwybONH3GbNt8DY+YMrDk/tGkvhOFmKPE+pxVJkpDJZMBx3JJAHN+/MTPq8amxdtj8fWjhwzB+diH5ag9y8V6QubDhUYmmaWwesiwvCYRRtyv9ca9oc37kk3egTbbBiPowP+iGOHGT0A1h7BrS43ehiXHous5EjoCEx3IzF6FMnYMcPgs95iOCW1DDXqTfnEBqsBnRR9shTvYibyhsiBRHwL13dabe7r797uHOx3Kkm1T2IDfhhTRyAfMDh5Aauox8Ns5aKRQKDNrSsiHSZ6SHoq1i9nkDuNfHkHi2D9loHwtSisUig4ZXFaSG2pB8cZBUPY+ila0JV1Mj8F/a3DHbfwDq3Mtlb12R/EuNoKN10ylLmv612h6swKIj+CvZRQZk0ou1hMm/OtveKkE9laxhnSvQ1a//DV9axd5NSHlCAAAAAElFTkSuQmCC');
INSERT INTO journalentries(entry_id,journal_id,entry_title,entry,entry_time,entry_date,mins_ran,miles_ran,route) VALUES (100,'ylB-271','curae','cubilia curae mauris','7:27 PM','7/2/2022',131.91,9.66,'data:image/png;base64,iVBORw0KGgoAAAANSUhEUgAAABAAAAAQCAYAAAAf8/9hAAAABGdBTUEAAK/INwWK6QAAABl0RVh0U29mdHdhcmUAQWRvYmUgSW1hZ2VSZWFkeXHJZTwAAAJ4SURBVDjLpZNLiFJRGMe/q1biA99UpqOilqALmYW6yM2MFLQtwU27bLbNLLSgidEethxcGLRTXIkbFyEYQlQu7qJNMD5AYXxcUZMRMhtf19s5NzRnExMdOPfAOff//f7fOd9HMAwD/zN4/ypIJpPMbDaD+XwOaL1PFAoF1sJisQCaps9M/NP6xEKj0QgOhwO63S6k0+kjHk7B5XKxgr+N6XQKqVSqbbPZ1LVaDbLZ7DEKGONhcrVaBaFQCK1WC9RqNdTrddBqtey+Xq+HSqUCJpMJJBKJutlsQqlUwgEfBAKBPM/tdhP5fJ4RCAQwGAyc6IDs9/vOyWRCIpvO8XhMdjoddm232+z+aDTC6VDYGQd/cH4ikQi7IDFZLBaTmIyIJCbLZDLSYrGAXC4nrVYrBmEHLawlls+YyWQYj8cD6FKh1+s5sRiTsZiiKKdSqSSRfadKpSIbjQaEQiFi5QAPZGm/WCyCwWBgyWazGaRSKUtWKBQkujzAQex2O6aviodYL6REIsEsn2vtrdmp6X6ByxQJvEEPRnwh8GfDJ7dy89fEeSqx4NMFxRp1+PqW9+IlgxVOv+ag+Ok9PSiXdtlKjMfjNxBlDxEfLonrDjZ/jGBzywv82geAjy9AIJGCXqfjnlSY3wFQTl6/378TjUZLSPAICQ+DweDh0kF+++WCf8VAwJ29Pz1wcBW4C0LPphCLxZ4i4XONRsMWEK60crm8cnHz6C1s370HwsY7mJx24CcKMPzOhXINqDN3EIlElo2yGw6HVw4++64dXBCL9jcUMw6P04Lhtzkcd7n0bMw8I87bzgXfxuPRSXuHSxM6mstQSPXmdm7+6heR5oijWAuHSQAAAABJRU5ErkJggg==');
INSERT INTO journalentries(entry_id,journal_id,entry_title,entry,entry_time,entry_date,mins_ran,miles_ran,route) VALUES (101,'2vz-136','et ultrices','eleifend luctus ultricies eu nibh quisque','10:06 AM','11/5/2022',86.59,2.32,'data:image/png;base64,iVBORw0KGgoAAAANSUhEUgAAABAAAAAQCAYAAAAf8/9hAAAABGdBTUEAAK/INwWK6QAAABl0RVh0U29mdHdhcmUAQWRvYmUgSW1hZ2VSZWFkeXHJZTwAAAFxSURBVDjLpZO/S1ZRGMc/5/aqIFhYKCKBOGTttYT1JziJsw26uQit/gHOOgQR7tHi0tjmWIGDPyIoGgQd1BCqe+8532/Dfd/7evEtFR84nOE853O+z/c5T7DNTaIF8GL98zIwATwDHoONCchkWSALIAklTvta/vrw/u0nyLycfRSwzfzap9e+Zqy+3bHtSgHwHODN1nEt7X+FLUzfZe/HaV6XgDzWOXwwOgBACL0v7x/mAPz+U/bXANuDnVe/HOVXMs8phS5AbnWkXTWUxHlAAFh6v4iUkM2rmQ2+HfzseXly/A5WAiCrABWtKApGxu5R5GWdPDTY31h1CbEBqDwviwhAnheNF8tkytTsixS7gFArKNug8nITY3HOg3bXY4ztPTWS+25d7KkduwBFGQgpJrY/7mGrTjz7VfRWoGqIWgBJ+g5MvlvYvOD2P0uwT7o/MWlzbuXDlO2nSMNSBAsrYUVwwhLV5NqgM8h2AcJNx/kvz3X5EBChVawAAAAASUVORK5CYII=');
INSERT INTO journalentries(entry_id,journal_id,entry_title,entry,entry_time,entry_date,mins_ran,miles_ran,route) VALUES (102,'ysG-086','et magnis','sapien urna pretium nisl','10:31 AM','6/9/2022',80.21,1.88,'data:image/png;base64,iVBORw0KGgoAAAANSUhEUgAAABAAAAAQCAYAAAAf8/9hAAAABGdBTUEAAK/INwWK6QAAABl0RVh0U29mdHdhcmUAQWRvYmUgSW1hZ2VSZWFkeXHJZTwAAAImSURBVDjLpZPfa1JhGMcHXfZ/eBUVdNOVBqGDgwaSy1HLg6R5IUVyYCi5li6Wv+dRysAQoiG4ple1aMyRYj/wF8Ugl8PVTSCM0GI0K/DbeR9RJ4xi9MLnnPf9Pg+f877ncMYAjP0PdOGjVZtEWKIsAT5a6fKRCvhwGUbpfiVagVEsgQ+VWqZIseTPbMK/XMN+QRyHHN6lDyOCTbZ6WPg6IP4X2DAGXneGArHS7gty9V0iv3UwfcHknVx3IDCEy79YGP/Hk/fvQO9aHx7hcqjUPew7mLi1NhRMBYoU6mbXoJ5ZBedcpfX2l/aBUK/zxVBwyfeWwjPTzzGXfI/TwspAsNP6MUJfcN6+MhRc9Lyh8NT1p7j5qAjOKiIYDCKRSMDr86H8roatz034/QHKWG3qhgi5XH60t4P5VyQ4dnUZvHAXoiii2Wyi0Wggl8shtBDGvfsP8LFep6xQKFCPWq329XYwXyDB8QseCNN2VDc24PF4oNFoYDabEYlE4HA4aM4yVmMSQRDaJJh05+krnOCsmHXNkaDT6UA1Po5sNotqtYp8Po90Ok0ZqzGB2+3eI8HE7ZfbTJBKpWCz2UjgcrmgVCqhUqmg1WoJNmcZqzGBxWJp9QQz6ws6Z/aZ+trjb+d0BngDYSwmnyCTySAWi5HUbrfTnGWLyaWuLxD6LR2nNvJrymSyIwqF4iTHcZ9MJtOu1Wrdk/ip1+sNEmel+XeWsRrrYb1/AB4L/elcpleiAAAAAElFTkSuQmCC');
INSERT INTO journalentries(entry_id,journal_id,entry_title,entry,entry_time,entry_date,mins_ran,miles_ran,route) VALUES (103,'yIr-767','dui','pede ac diam cras','5:20 PM','9/7/2022',51.17,9.51,'data:image/png;base64,iVBORw0KGgoAAAANSUhEUgAAABAAAAAQCAYAAAAf8/9hAAAABGdBTUEAAK/INwWK6QAAABl0RVh0U29mdHdhcmUAQWRvYmUgSW1hZ2VSZWFkeXHJZTwAAAJ4SURBVDjLpZNLiFJRGMe/q1biA99UpqOilqALmYW6yM2MFLQtwU27bLbNLLSgidEethxcGLRTXIkbFyEYQlQu7qJNMD5AYXxcUZMRMhtf19s5NzRnExMdOPfAOff//f7fOd9HMAwD/zN4/ypIJpPMbDaD+XwOaL1PFAoF1sJisQCaps9M/NP6xEKj0QgOhwO63S6k0+kjHk7B5XKxgr+N6XQKqVSqbbPZ1LVaDbLZ7DEKGONhcrVaBaFQCK1WC9RqNdTrddBqtey+Xq+HSqUCJpMJJBKJutlsQqlUwgEfBAKBPM/tdhP5fJ4RCAQwGAyc6IDs9/vOyWRCIpvO8XhMdjoddm232+z+aDTC6VDYGQd/cH4ikQi7IDFZLBaTmIyIJCbLZDLSYrGAXC4nrVYrBmEHLawlls+YyWQYj8cD6FKh1+s5sRiTsZiiKKdSqSSRfadKpSIbjQaEQiFi5QAPZGm/WCyCwWBgyWazGaRSKUtWKBQkujzAQex2O6aviodYL6REIsEsn2vtrdmp6X6ByxQJvEEPRnwh8GfDJ7dy89fEeSqx4NMFxRp1+PqW9+IlgxVOv+ag+Ok9PSiXdtlKjMfjNxBlDxEfLonrDjZ/jGBzywv82geAjy9AIJGCXqfjnlSY3wFQTl6/378TjUZLSPAICQ+DweDh0kF+++WCf8VAwJ29Pz1wcBW4C0LPphCLxZ4i4XONRsMWEK60crm8cnHz6C1s370HwsY7mJx24CcKMPzOhXINqDN3EIlElo2yGw6HVw4++64dXBCL9jcUMw6P04Lhtzkcd7n0bMw8I87bzgXfxuPRSXuHSxM6mstQSPXmdm7+6heR5oijWAuHSQAAAABJRU5ErkJggg==');
INSERT INTO journalentries(entry_id,journal_id,entry_title,entry,entry_time,entry_date,mins_ran,miles_ran,route) VALUES (104,'XT5-942','aliquam','venenatis non sodales sed tincidunt','4:30 PM','10/17/2021',11.43,5.45,'data:image/png;base64,iVBORw0KGgoAAAANSUhEUgAAABAAAAAQCAYAAAAf8/9hAAAABGdBTUEAAK/INwWK6QAAABl0RVh0U29mdHdhcmUAQWRvYmUgSW1hZ2VSZWFkeXHJZTwAAAMZSURBVBgZBcFLaFxVHMDh3zn33Dt38poknTSJTVva1LaKxpQ07UJLKlQRTYVUcKNCwWUtCuJWXLkQxIVCl1kIIaCCG0GwXdgkamJS0hLHWs2znbym05m8JjP3nnv+fp8SEQBe+fT21XRT6h2t6ANCQAGgAFEgDuvcfLkot9R26ZOxG4MRgBIRAF7/fGLs2+t9z2itmgU8BAAARACEwm7MyHSZ9ZVaJTd3v3X8xmDNAABoT50KjNf81yaeVgoUiINEHNYK+3HCxacbOX/SMOkKdeJOlwY++KnFAAAotdQ0/PuEV4qeUE0snvg0+Yfp6XqD+rAdjQIcnU0Bg/2d/BKspxfW6oeViHDlm9euvvTsueGXT14Ev5WNSsjufo2NJzkWV6c4f+x9WjPddDc7GtMeKd9QqUa8+9WM9f5sGLsw0Nv33atnLnmSbqa8H7ARBcwXfKCF57sCbt0d5anMc1RshpVywmIx4njW5/vJtUh3tmc/7j/WG/yjEwqR5b8tw9/5mIe1efIHbpNvzHO64yCTuR9IBR5h4BEGPoIGpdGHs50XSiZiubKK5xqYXdwlCUvsHv2NOTPN1KMchw50UCwv4BtN4HmkjMYBImAC46fL1RLFxGeiuEdp2yMIY1pSLxBtHmX/8R/ICUecRPieAgFBkThIHJjt3Z3iKcKuOtvB0rrD+S0s5QP2ZqAuzNLeukZlfwctKZQojAYHhD4kVtC55fkfo60qtfI4qdQKKooIwibCjCXVPMXxTI2Zfx9wpK0XAZyAAL6nsZHFFFe3vvx58tc3L53tP1Jo81mq1YicQRpX6c4+pFaGO/kM2Z63mZuNcQDASIdPXHOY8S+mls5e7728+djMDvR56kRDiE0CGrOWuwtFVosHeevyZ6TSGURABO5tWsQJcdViAKa/nr137sPR6nbhQfrm8ijOWYyfhvoXOdTzHnPlOlTZ4gREK7RTGKOcTZw1AAAublv/aGgouxdLvYhoBBwAkEk7AEQg7SuUwvme2kmsyysRAaD/2s1rNpYhpdQZQeoAABAQQBAAEACqzrk7Gkb+B+5ReIstDYkxAAAAAElFTkSuQmCC');
INSERT INTO journalentries(entry_id,journal_id,entry_title,entry,entry_time,entry_date,mins_ran,miles_ran,route) VALUES (105,'KRx-378','blandit lacinia erat vestibulum','cursus vestibulum proin','8:52 AM','11/20/2021',4.1,7.84,'data:image/png;base64,iVBORw0KGgoAAAANSUhEUgAAABAAAAAQCAYAAAAf8/9hAAAABGdBTUEAAK/INwWK6QAAABl0RVh0U29mdHdhcmUAQWRvYmUgSW1hZ2VSZWFkeXHJZTwAAANKSURBVDjLXZN7TFNnGMaPg2aJWUyMMfMf/9A/hkbjksVtRmMy75ekJCZL1DldzNwmc8TgEHSitEYFEaeiNsK4OHB1FihyE0Gw9VALFbGUBkYpFKSIrW3p5XCwHNo+e8+Ja8y+5Hfy5vne5/nO9+YcBgAz1ch8QCgIC/GM+FDU34e0j9/tm4ik/3TGr2VkRN5U175xwatDsOtbt6lObkhvFfSE7x36zrpdbMic4p3uz/JRv4lYLAW47zKngqb9r2ZcjfB0HPQ/16zlcg1e3Ohyo6TntYRY/8460KP5jA9YlTzX8+sb8nUTMsZ5mzkdsmT5XO0H/cY7a2cLOsZwzzIBNTsKlbYPBZV9uN3mgNo8jtInOvxTty067ayMuO4vt5E3iRkuZNYPFM21PS1exefpHLhrGoNWN4IhZxDeIAdPcAq2sSAqWoZQ2j6Ce7X5sKjXhPuL5r0gb5I0iPSS+kuZ1VYUGUagodPENRkIYPDVa7ylWoSLAbcahqDS23FGw+LnMuN5aQbiY19ht/54lRW3mmzop5P52Rg4nsfN0jK4KSgUDqO6+THYwQByNL0Qe0VPPODrq6wvTf0CF/+ywD0tYDIcxQxtnFQocUdbi8xsJVqMJlgDAo6pTBB7RU88IDmnyfdjsQmKMjPGOIFConAGQjiXf1kys+ZeeGaB514BqVc7IPaKnnjA9jNV+j1XdFBWdOOJPYAJurQzJOCB/ikcviBcEaC38iYe71+G1o0yaOWLcP67XY54wIbjfyp2Ku7j6B9G5Gps8NDAJgUgFCWotteo0JuxHm8bLyPW/xD838fw7MiqWMumxFQpYF2qajXRt/V0PdIKWVzUDMA84gdH8+B4Aa17l2KazCiQA5nzgQtL4Mn7Cs2bExzxb/2LH/J/Ssmt4DefqMGB/EdIu84i/ZoBaVfapdeOdWvx/vJnLyI9MRYPMBqNG6xWK9p0bGTdkWJ8/osaXx7VSlTuWIipku8BMoUzGEwSLw8noHlLwrhkbmhoWEhwdrsddfX1vk+/yVKu3HNKT/hEzu7eNNp56JPoROYSvDkpw/ChOWiTJ0Yebkn4TQooLy//iBggZogV//+VRQy7F59o3ipzitdpSl4QeZC8IEfU/wVxe9rJJAH4hQAAAABJRU5ErkJggg==');
INSERT INTO journalentries(entry_id,journal_id,entry_title,entry,entry_time,entry_date,mins_ran,miles_ran,route) VALUES (106,'SSe-901','nulla tellus in sagittis','lectus pellentesque at nulla suspendisse','8:43 AM','8/31/2021',21.38,0.54,'data:image/png;base64,iVBORw0KGgoAAAANSUhEUgAAABAAAAAQCAYAAAAf8/9hAAAABGdBTUEAAK/INwWK6QAAABl0RVh0U29mdHdhcmUAQWRvYmUgSW1hZ2VSZWFkeXHJZTwAAADhSURBVDjLY/j//z8DJZhhGBhw8uTJ/5RgsAF//vwhC7948QJhADkGDTEDHq2f8v94ktb/Pc6s/w9Gyf+/s6wd1QBCmi+V2f7/vrX3/79rO/5/XVH0/0yu/v8rC9v/M4BMIYT3Ryn9/wbU/H+S7///5YL//7cp/n/d5fB/f6QicYlljxPLv39n1/1HBu/rJf6DxIkyYKcr8+Mvc5P//wdq+lHG8P8dED/MYP4PFH9ClAGHw6UaTqao/n5Wrvj/VSXr/7spjP/3+rL82eHKXEV0mj8SLlsBtPE+yNkgF4E0g8QBOvk+kKwjj48AAAAASUVORK5CYII=');
INSERT INTO journalentries(entry_id,journal_id,entry_title,entry,entry_time,entry_date,mins_ran,miles_ran,route) VALUES (107,'frO-305','lacus at velit vivamus','felis sed lacus morbi sem','4:15 PM','6/5/2021',45.49,1.21,'data:image/png;base64,iVBORw0KGgoAAAANSUhEUgAAABAAAAAQCAYAAAAf8/9hAAAABGdBTUEAAK/INwWK6QAAABl0RVh0U29mdHdhcmUAQWRvYmUgSW1hZ2VSZWFkeXHJZTwAAAJrSURBVDjLlZNbSFNhAMcXZ3uTIJ+iMLK0CBkqmXlJicR8SB9rY62C8sGIHgrKCqIIKkgrKJPCC6hRKd0sLacrjQVa0kO6i5vOacdd3MW57Zw5d87Ov2/HECMtO/DjwHfO7/d937lIAEiWw9tbQHm0e/Tu7jydqyuXWuk+yUoXiPwgoL+O2e/X4OzcffK/AkROnO7OC8aiAUT9Bjje7PJNvdqZuOrAtCavIzhSA4EPQYg6MTt8F/TzzNpVBYic4XqfE0NsHvPTNYh6GknEi8nWdH7iiTzjnwEi6xlbK/F9MLYUivCsHgFTM8Zb0nR/Dbje5ah8A2cAYR7M2FEYmgtFGLMaAueDvacCo/XbVMsGiJzg6Mj2zrkHEIs6wFiOwNBUIBI0KcCH+sHQfTA/Spkaqd2S8EfA8Ta7bXaomszkRsRRQwJqWNtLfgUOgR1VIxYZh7PvMvR3km7+FiByir09ixO4ELigDuExtRgI28rhGVQgaDyI8fp89B/bBG2RDNpSmaAtk1UtBuyvs74GTA3kwTkRsVchPKoigcOLW7DW5WPoXC7mOm9DMHaBfXYWg6fkQneR9HRcPuDqPU7eOUM+mk6wFqVIaITMbFKS2ZX4pFyLMJFxrwyoXAfcSIbn1l5o9lMuCf0ik2bpj2JA4PyEmQV4/wJkLL5s4dtLLD38V9ZDu08KyY+29OaJp3LYHqfB2rQDY43bYalLhfnhVhjvb8Zw9Ub0lMrANJwAiBQ5L8EMYbKCgqaEYlf8mZaiU2y4+qU8lXNUJsN9UQZr+Rp8KJPyXcXUpVUF4nxWJF3QFFM2smyBnOm4HB//CRnU6d05um8NAAAAAElFTkSuQmCC');
INSERT INTO journalentries(entry_id,journal_id,entry_title,entry,entry_time,entry_date,mins_ran,miles_ran,route) VALUES (108,'rPx-316','aenean fermentum donec ut','consequat nulla nisl nunc nisl','3:21 PM','12/8/2021',35.29,0.04,'data:image/png;base64,iVBORw0KGgoAAAANSUhEUgAAABAAAAAQCAYAAAAf8/9hAAAABGdBTUEAAK/INwWK6QAAABl0RVh0U29mdHdhcmUAQWRvYmUgSW1hZ2VSZWFkeXHJZTwAAAFrSURBVDjLpZO/SmNREMZ/uVxFCGy7L+AjpAgoIUW4hZjCCDZCbCQgVlY+gaDNLghibbmy2EgQTCOp8gaWYmFrpbE4Z+azuPe6UVE2ZGBgzoHz/Zk5U5HELFFZ2/uzu9ysHT2OVZUAd+SOuSEXLkdmuITMMHd+zIfn29uH/YtfGydpbal2PLdQTX4uTEVcfR7bMXCSjoOS8ePT1NJfghKAVCYONhenBtg+vCcHkAOwcwOnTRiNRkjCzHD3TwmQZRnmlgNQTOG0mSPX6/V3TJNTmqw9FgAl0tY1nGUwHA4xM2KMbyom1Uii0+ng5oUFz1HPshy50Wh8yTp59tJCWaxfwt9VMRgMiDG+y48Kut3uWz/SGAKQP5ZEq9X6lrmMGGJhofCyclGhvyb6/T4hBEIIxBgJIXyaQq/XQ6WC8vJqHSCh3W7/1z/wQlH6cHd/vvM7bLgZbv86biWzhNyQFXvhTsF5DlCZdRsTZoxXOgYqlSAcLRcAAAAASUVORK5CYII=');
INSERT INTO journalentries(entry_id,journal_id,entry_title,entry,entry_time,entry_date,mins_ran,miles_ran,route) VALUES (109,'CUp-888','est phasellus sit amet','pede malesuada in imperdiet et commodo','6:34 PM','5/21/2021',97.34,7.27,'data:image/png;base64,iVBORw0KGgoAAAANSUhEUgAAABAAAAAQCAYAAAAf8/9hAAAABGdBTUEAAK/INwWK6QAAABl0RVh0U29mdHdhcmUAQWRvYmUgSW1hZ2VSZWFkeXHJZTwAAAKfSURBVDjLlZNPaFRXFMZ/982bSSZ2YmKiQpoIQSsihiDVYsGFBUHUhmLQLLsQLCgqtLhyoRtdWCwU7KLdqBBXRVyUCK2CiGYXC9UiamIaO0nGzGgmybz5c+97797jYtIGEWJ74OPAWfy+78A5iAj/V5dP8nXuZ6rXT/CLz3+sn46pr7o+ZGfKp3FXL3uCSdKleVa81+3kZ7Tfv8SQeXZEJHte3P2PpXjZlx8Oca1/Ix3ecq7ffak+P3Z83Z1P+87tT/lVyF6A4u80d6yg5yO2tzSQfGeFw9uUt2EDu/r2cvHoqf1bmrr6k+QGMblhzFyML9CYikglyCQ8Uv7oze1/NDZv3qxUPcw3Zw8qW7yb6Nn3hdKFKeKxM9hSiVI+ZjYLHZ2ATTKRY3K2TM1X4m3q2nklqZQCgZa5PE+HTmBeTTAzOsXfD/M0r4xZ3wltLWA1BBX4c5QbQY28RywaF2Kmv6f64hKJ4FfW9e5h5HaBZNqntWMbW/uP8mTcp6KhtQ2msmV5PsPNW9MS+UTKExdiwxTiBFfLouYnWNveSXV8ljSWsaEHrMpsJQLGZiCVRkXRiAD4KGl0cY3KywImP44LqyQaVrJ+YBCxltzTB9j5J7SudcTa8EGmjexvVzERpg6IPPz0GlbvOA04EEFcQFwaxukJ1rQbyskihclplC5Qae4DoKyZXASIiNW46iPELiA2wOkXIA5xGlyNprQm3d2A2DbS3QOMP77GvdeymMAg4mJc9AqJF+oQZ0BiEIO4KmIruDhAbABKvXU3PqGIwiJxEYnn67ILS7A4QGwJsRXEaZzJAuh/ARK6ubg62xSVUxlcxhNJgsuAtCPWACHi1bvyLFZrkdCZJYA23/7144FPEHajyCz7kgKo4RAng/+M3gCnSKmLCc4yugAAAABJRU5ErkJggg==');
INSERT INTO journalentries(entry_id,journal_id,entry_title,entry,entry_time,entry_date,mins_ran,miles_ran,route) VALUES (110,'0pf-754','odio in hac','viverra diam vitae quam','3:21 PM','3/22/2022',29.66,2.45,'data:image/png;base64,iVBORw0KGgoAAAANSUhEUgAAABAAAAAQCAYAAAAf8/9hAAAABGdBTUEAAK/INwWK6QAAABl0RVh0U29mdHdhcmUAQWRvYmUgSW1hZ2VSZWFkeXHJZTwAAAJcSURBVDjLjZJNSFRRFIC/N29m1PEHNSUc/5WUoj+zAXe6ctmiQNtEFIWLoAhXbYcWkZCge2vTqghKyk2oREVa1hAI6SINQhpRGs3Gee++e0+LGZ9jtuhwD+cuLt/9zr3HEhEWFhbEGIMxBq01Wms8z/Nrfiql/NrX12cFAbTWRKN1pDY3QQSyC0QQQET8PSJUVJQzMfEcAB+Q2tjg+sgb/ieGBmK4rrsL8DwvdyXU1TdQEglTX11MYUGQjBKUZ1AatMC72QRiBMdxAAgAKKWymoBlWaQzHj9SGdKORgQ8LbiewfGyZ0TYa6CUwuz4WRaWZfEr7WHEobw4RDBoEzCC5ABGjA/YNTBZhJUH2XY1qymHSubprbhPxP6dNTD/AJDXgmVZWQgQshXHi6ZobY3RFnqdM/irBdd1CdgBAL4tL+158d6WLzS2dFFW00Fz4hF1Jd3YQXs/IBwKcufKSbQWQqEQq8kkpQUOhclxSqti6M1nNJ26yED4JQHp2Qe4Nz091Z03ZZWecqdi0eXLDSfOQuYjsw+f0nX1FrL+mcnE3a9KlY35gP7+/sF87eHh4RvV4ZVLNQdKKK1IozeXQAx66z3NPYOoF7edWLkZ8QE7MTo6Wq2UWm071Ep06xPlDWcw6RnEbNN5rh3jrlBYvMjBY+cPf595cBOIB/IBjuOcrq2tJdbkUVXXQaR0DfHWwbKZe7IIGExmkeq2RrSjrr2KHz1i7UzgTsTj8Q89ZZOdsQtj2IFlxPuJP+e5n7eL2knOJ1gcjz/eBwB4O9S5JtpExAhiTF6KXzEGEZn7A0dmdT7nVaIZAAAAAElFTkSuQmCC');
INSERT INTO journalentries(entry_id,journal_id,entry_title,entry,entry_time,entry_date,mins_ran,miles_ran,route) VALUES (111,'NMV-727','id ornare imperdiet sapien','platea dictumst etiam','8:46 PM','11/16/2021',129.32,7.76,'data:image/png;base64,iVBORw0KGgoAAAANSUhEUgAAABAAAAAQCAYAAAAf8/9hAAAABGdBTUEAAK/INwWK6QAAABl0RVh0U29mdHdhcmUAQWRvYmUgSW1hZ2VSZWFkeXHJZTwAAAI5SURBVDjLpVM5q1pREJ6r1w33qLihIgoS0Z8QYhRCAjapXBqrFCn8BQ9SBixs1N+RVyqBGBvttFELxUJxRwm4gc81ZwauaNp3YJhz7p2Zb7nnctfrFV6zRPDKxQubTqfz+3w+h1nA6XSC4/F4i8PhcIuXlxfM5VQqFcE+DiWw5vdSqbRiMpmo6P91L1MikUClUoHBYBBJp9NlYsAQv+t0OpjNZiCTyW5N9424H41GoNFowO12I+gTe1zmms0moRsMBliv1w90UQo2chwHYrGY0NVqNSiVSiiVStDr9SI8oiN11IpFcrmcQkC/Z4L5crnAfr+HYDAI7Xb7iUek3W4Hi8WCDBKK0EzMwll4hmee50GlUhFLHBDG6XjAAiaJKItEogcGwiCn00l1drsde8I8oqJWDHyBgzabDcmwWCzQ7/dBoVCQvO12C1qtFubzOaxWK2JMA7ARA31AI41GI8RiMZLm8XigVqsRQDKZJCOn0ynU63UCogH4BXBAo9GgwnfhMORyOZKDLNAwbMpms5QDgQBEo1G8C8AzR0vFYvETUq9Wq4RIV5QZhQzi8Tjo9Xqij0YXCgUYj8dUw+Rc+EQi8Vm4LPl8/hvT/oNtda1W6xcz7kMmk5Hgd8eFA9k6svyH5Y+TyWTN3d82v9//1uv1/gyFQhaHw3FhLN6gYd1ul26oy+UCs9mMMv8Oh0MRu9KzhwE+n09stVqDDPHZZrOZWJMY/9jlcvmV5TEz9xl/B+bbmaEvGJMv/wD5tI7A5/InTwAAAABJRU5ErkJggg==');
INSERT INTO journalentries(entry_id,journal_id,entry_title,entry,entry_time,entry_date,mins_ran,miles_ran,route) VALUES (112,'atO-182','donec ut dolor morbi','penatibus et magnis dis parturient montes','8:25 PM','11/6/2022',146.86,2.52,'data:image/png;base64,iVBORw0KGgoAAAANSUhEUgAAABAAAAAQCAYAAAAf8/9hAAAABGdBTUEAAK/INwWK6QAAABl0RVh0U29mdHdhcmUAQWRvYmUgSW1hZ2VSZWFkeXHJZTwAAAKZSURBVBgZpcFfaJV1HMfx9+/Zc9QtO0unOMdasEibGf65SLOCJWRX4p0gCCVddBVYF0FEF4Hsom668jIN6iJJvYgoRoOMeTBdEoORf2rqJseca8ftHM+e5/f8ft9P5+JcSJA3vV5OEv9HwiPc+/HlqbnRPeIRnCRq469KJiTtwjQo0+uS3lzVtx9JNG+eRaZvZfa9TBWLVpGpa+Dgb85JYuHnYa3s20+oTZGsXE/6xDZW9e6FjtWAoaJGdrdCNncZv3CVzv5h7k+e5KlDky6lRaZyVh1dWrP7c5ChWKdYvEBafhHnUvzc15S6trJi82FQZP7iJ1i0fbQktPQMn6tb8QBkFPOnKea/w7JbIAOE5X+RV7+ief0jkJEvTCOzCVpS2mQCDEUPVoAzbLmC6yhQzFDMUMhBkaRUJjSXNgK1lDZFAwnMo1jgkggsgytwyjl2tUotzzm+SViMWDSjJaFNJpCh6JE8kgcyoInIyUJB/7ohDp86AuZQtBItKW2KhllO0vk0sTHJBxcvgcbwFvAhsHHNMwz17qKePeDt2xf4tNR5n5aUNpl9tvT7F0e7h45g+W2CeV577g2ijGgRQ1QXZ3m+/yUafpm3Zs5NZ8eSFSltfQcm3p39ZsdR19FFefNBsnCaKOPW39cpLBCsoIgFS3md7U++QqNopr/cGM9SHqJo6xvTP9xLSt1kISPEwIbyAMEiUcadxRnWru7l8ux5zv85fsUHdjpJPOzGl1u3JKXy1Hu1u2SFx5snC57Bni3sHtzHxEyFsWujkz7wQnVEuZPEv/1x4tkNivZOkj724eObhpm/dGb6UH22Z8fA3u6fro396o091RF5Wpwk/suV44Nrow8fmw/vH2jcmYnWsW7ZYmluRIG2fwAIBqNZGcz/tQAAAABJRU5ErkJggg==');
INSERT INTO journalentries(entry_id,journal_id,entry_title,entry,entry_time,entry_date,mins_ran,miles_ran,route) VALUES (113,'Bwt-060','eget','luctus tincidunt nulla mollis molestie lorem','2:03 PM','10/26/2022',70.3,1.6,'data:image/png;base64,iVBORw0KGgoAAAANSUhEUgAAABAAAAAQCAQAAAC1+jfqAAAABGdBTUEAAK/INwWK6QAAABl0RVh0U29mdHdhcmUAQWRvYmUgSW1hZ2VSZWFkeXHJZTwAAAFFSURBVCjPhZG/K8RxHMZfdy5OnEEMhhuMJCMldVl0JcOV7Bb2K/+CRakbTOdOsSjWK2WRZMDiR1eK7sJEuYsv98P3/XkM93Uj72d51+vp6aknJP6+yO+z3U/azTGsDt2rQGb5NQBCiHxqz3tUU5LUUFm73uZCi7Rw4lQ1OdVVVUUfaupLa5pJChESud5YcT4e4RPD4TDEDfs8lNz4iRcG0pPxKB7WVp4VYgwMaxXC4JJD1PHb2ibLN7f0oSSEQROdfGL4GEaOLN84rojiJiACAgwfhyPPFsIwhCFaCed1ujB8cmTbSSN4cA5hsMNnuvHJs4UFPYxRqthhK2Hj7KlBkWyADJ9FKryUtA4hAZnE23GZHq65I0KcMTxe8WYvjgIDTKe0M9gboxOjwTsvnpYuD6BtgKl+pZmzUdUoUVDmMhgr9N/cP2kRvjgCZVaBAAAAAElFTkSuQmCC');
INSERT INTO journalentries(entry_id,journal_id,entry_title,entry,entry_time,entry_date,mins_ran,miles_ran,route) VALUES (114,'frO-305','sit amet diam in','odio donec vitae','2:25 PM','9/15/2022',48.78,9.62,'data:image/png;base64,iVBORw0KGgoAAAANSUhEUgAAABAAAAAQCAYAAAAf8/9hAAAABGdBTUEAAK/INwWK6QAAABl0RVh0U29mdHdhcmUAQWRvYmUgSW1hZ2VSZWFkeXHJZTwAAAFOSURBVDjLtVK7SgNRED0b9iuM2lr4QK1DQIyk0FZsJAj+gH+ilRZb2NjaRHTLmA9QFKz9huzm7t37Hu+u7IJgQjR6YLjDzOXMmcMERIR5EE5qXA4z4sqACYWEC5wfLQXf/WtMIuDSoL0A7DZDjBj/uYI0l8jzEEJYJMkvCEZM4PqZIxlzpGk+kSCY18TGtGYcx9Tv96dOqBUMBgNyzsFaC621312Ac+59yJFlGRhj5VvVoigKvniglEK32w1mkd3r9ejPPAjOhqdknYX18p1/rzo3pYqTh0OSRkJI5UMgPn4s61sX66SkhtEGcISGsQad5gH2FvehfV5BaIF2cwet5RZyKeu68pe5ubKG7dUNP5AQGltMN57Mosgr5EIiVQmYGvtc1PVicqHY+dXpk8Dg7v22XKFo1ARe9v1bDOlXKKKCs4Sn1xdU1v3vIc2CD3bN4xJjfJWvAAAAAElFTkSuQmCC');
INSERT INTO journalentries(entry_id,journal_id,entry_title,entry,entry_time,entry_date,mins_ran,miles_ran,route) VALUES (115,'IMA-643','et','pellentesque viverra pede ac','11:51 AM','11/10/2022',93.81,9.68,'data:image/png;base64,iVBORw0KGgoAAAANSUhEUgAAABAAAAAQCAYAAAAf8/9hAAAABGdBTUEAAK/INwWK6QAAABl0RVh0U29mdHdhcmUAQWRvYmUgSW1hZ2VSZWFkeXHJZTwAAAIsSURBVDjLpZNNSFRRGIafc2fGP3Iaw58SSVyYJRHGCJUVtGldJLZoUS3atIqkdYStwkWLWhjiJghCpIWRLSKMQENFC/uhhsixn0HLTFPn3uvc+30tprlOIVH0wuEsDuf53vc73zGqyv8oDHD6+tPzQC1wAIiDKopBFMsyWAZEBPFZiIT1bUNNtBlRLrRuN6gqp65NdOs/6krvK1XVrAPgIEDP0Hxg7U/BzuzfxOv3C24QAdHNucP6ykIAjFn/8ptZFwDbyRQEAFUtyVVNfHb/qnnq+2YNIBrOWVtPK19GWZweoGpXO6GCaNa0L+QDDEDbpYc4IojCvcuHmUotgjjou9vEqltITvZiVbdRV70RFR8AKwvI0ubsDHt2VDFve0H1yMIg0co40S278WYeIctT2QjeL4Bsz5ccn4wqaTcLUDvFyvQApeUx/O/9VDaeYDXZh4qHiLcGMD8duG4GO+PjOxlQJfOhn/L6I+BMMHrzFhtiNu6nERanh1FvNc9B3qvnJnt5ZoJCWaK0LI24U6CCvzxG3aF2Pj65QcSk1wDiSUC4P5QkbITUWA+xrU1IehIVm3hrA7KaoqgoQbRmL83FYxoAfJEkwPOuo7zoPsaDcyGKyuopKZ1Dva9gQozfSQCCOAkqttXSFBnRxx07G42qcvzi4FVV3aaq+xApO1vRScvJLkJWEvW+/TbYFqHiBmZfPiNxt6PPrPedhzvjc+pLiYqiInlLgx0RVHX8BxTzXjKQ0/OBAAAAAElFTkSuQmCC');
INSERT INTO journalentries(entry_id,journal_id,entry_title,entry,entry_time,entry_date,mins_ran,miles_ran,route) VALUES (116,'79w-479','aliquam augue quam','luctus et ultrices posuere','3:21 PM','8/13/2021',16.0,5.52,'data:image/png;base64,iVBORw0KGgoAAAANSUhEUgAAABAAAAAQCAYAAAAf8/9hAAAABGdBTUEAAK/INwWK6QAAABl0RVh0U29mdHdhcmUAQWRvYmUgSW1hZ2VSZWFkeXHJZTwAAALVSURBVDjLdZJdSFNxGMafc3Y2PdN2pGYjsdS2WFu1oiy8KKSINPqAGtgwhMgKrMAkiIigu7oIvRDCPjCKgj7og27sg6ALg75EW2roMldGpbk2t7nV/uer90RF2Drwuznv+zzn+f+fwzU1NfVpmlZCfGltbXUiy+P3+1/LsuxUFGW4o6PD8/dMIKFLVdVLxK5AIKBnMyCxQQtRPXUmkDCH2ErucmF9i5LL54ApOpgG7C48hdn5QN2BJwKJKwnvVAOehK+INiL03HxWTIlxkbfaRV20i2H4REkcFRljQ8QFIvhPAhLaiEpCkcwv0ZnqQrmpGbzqxv3oFgQnFoGxHQp9fRshZTOQiTANFzlygOUz8jHB9mIy7UM0vg6hZKFxfo0wdhz/GNBL9stgQZXDCQtnhYIypKRxoOgyNE5GO2PQVPld/Spu/ciNqheZ8Y+n5zX0tRsGXE1NzQiJow6HY3EsFstWAnp7e7/5l6ixxsbqIslbi8iTluinF93blx4J3TMSJIg74XBYcR+7s0ykFmQVYFRovf0MivM5nDz4KrJ/z4piyV2O1Pu7ME9zTy+Yk7l5t3HuLp5u1kKUEaanmRNIqMMU1+geeJucCZvSg3K31Vbg28ip6TfItRdBsAKzKpdYnd45bQIJzZSgjOD+10Lex81Mjr0Db4qA41Ow2CLA9zQmP2dMxhHixDWiYWoL1i9erGFPYVtTWqAp/eC1CfpzpkGXGQauDn7vH0zsMRIsJnEtUbraXqJbOBGyWAwpGcLcTA/nrqiFzh6YOXUU3bdjyMt8HjNxHELDiX11V8I3DQPSyucsFsv5B4fH/tz8gbUaPBt2gkXaIAgS+h9OZo62D6mHF4rzcvNMCFwcSf5c9Pl8Ax6Ph7lcri5d1/GbD7eqn2XGjuupwU364+YKdaW7QOd5fujvHQMhGAzOz9b9p3DkYSL+qDQdTX17H/p6qHMgdj3b3g+UOcQZKOdjkwAAAABJRU5ErkJggg==');
INSERT INTO journalentries(entry_id,journal_id,entry_title,entry,entry_time,entry_date,mins_ran,miles_ran,route) VALUES (117,'I6K-988','vestibulum eget vulputate ut','sit amet justo','12:17 PM','7/12/2021',125.84,0.68,'data:image/png;base64,iVBORw0KGgoAAAANSUhEUgAAABAAAAAQCAYAAAAf8/9hAAAABGdBTUEAAK/INwWK6QAAABl0RVh0U29mdHdhcmUAQWRvYmUgSW1hZ2VSZWFkeXHJZTwAAAJcSURBVDjLfVI7aJpRFD7/7y8qdlDwQdQYwQYJJdCSNmSwlBQcQjK4Zil0KIUgXVwFUeji1Lk4dLGh7RCoDhYtRQoODnUqjVY0SJKKT3zg83/03Jv+YlLMhcO595zzffe8GEmSQD7CK580sztgmkgAtYsiSETwTrTq4ADg23fQfv3CyBgOFo7E8/NgGTgnkYmms0UIsNcIZvwVQBCoDDY24PzwcP6mJLcSoFOaToFdX6eAhtsNo50dGJpMwLpcAOMx9d9GEGYuLkHhcICwtQW91VXQ6/XQ2N0Fbm0NxF+/acxSAtXx+yBc/gnDWRXaSGBaWQGdTgc1ux3E0xJIxXJY9/NHcBHDkMbk83kNz/MuFMVsNgPHh08vzx67X9i2H9GgWq0G0vHH+On9zRDxT7EM1A2/31+lBLlc7lypVFoFrBtJqJDUWZaFyWQCHMdBvV6HZrNJgNTf6/Wg3W4/o2NE49FoNIpZrdY7JOVutwvD4ZAK+YAQm81mcDqdoFKpyIdQqVQ+I+6EkRcplUrdRUPCYrG41Go19Pt9CqSzRyE2EceYTCYFjAuGQqHX15ro8XhKWNvDYrF4QtJUKBQUIP5bICyRgNsYsyeD/5uC1+sdYECq1WpRAtIDohmGoSTYj0E4HE4tHSM5GLRvMBhoylqtFndnTBtK7qjt2PnNpQTRaFSDGTy12WxQrVYhHo+XMpnMu2w2C51OBxy4YFje/lICBD8xGo0arJV0+i2+HwSDweeFQmEvFotdkH7cJOBupG8tl8sVBB4FAoGkbI9EIkmfz3cvnU6/wR3YXsT8BaM2jDnYpij1AAAAAElFTkSuQmCC');
INSERT INTO journalentries(entry_id,journal_id,entry_title,entry,entry_time,entry_date,mins_ran,miles_ran,route) VALUES (118,'WQY-956','tellus','pellentesque ultrices phasellus id sapien','10:11 AM','4/26/2021',55.95,3.85,'data:image/png;base64,iVBORw0KGgoAAAANSUhEUgAAABAAAAAQCAYAAAAf8/9hAAAABGdBTUEAAK/INwWK6QAAABl0RVh0U29mdHdhcmUAQWRvYmUgSW1hZ2VSZWFkeXHJZTwAAALsSURBVBgZBcFtaJVlGMDx/3U/9znz7LjjfMGXYiq1VkkrUiRoZQUhhoOKrAi/hEH0IUHFZQSREu1TQh8CP0TaEBQtIYikfRD3ciSWc0rlWpuzEmbT5TZ1O8fzPPd9Xf1+8uLHvW8XSnXbnbABWAAIAAKYgClBdXz2lp2ROzMd/YfaUwAAAHnps3L/0Z0bHnVOGg0SDAAAzACMqbmMY4OzTF6rVYZ/H1lSPtReAwDwLpGH8z5pvHyTxImAgClEU0Iwqlnk+YcaeKrFM6BT9aaPzDz3/o+Le7/cWgNwIrLQzJJ84sg58AKJg0RABBwCKKtKeYorvmdtc67gS8UjAADOQAAc4AScCE4EJ4ITwSXCv9NV1izMmKtOEOq+JsklrwMAeAAz8AkIgomg0biRjjH03w9cn/uDMB4JaaCpYTVZmKd+5QkHzwLgzcAALw7DMGCyNsb5qe+4r34Jjy9tR02JFlGLBI1UKgNuyxcvXPlp19lmb4ACIiAIBozdHmBZvsjywgqGJgYZmxwlSwNNi1cTQ2T4SqrdHWebAZwGMAMFDDAzrs5cYuj6BU799i3zFcfuZ06ye9Mpbk1XCRVHqLyTtu3fWADwqoaZgYFhAOxYdxAzUIOokeODnWxb/xGL8is58MonvNw5yLlPz1cBfFSIBqagAAAYQVOEHF+V93G3OosavNV2gA+Ovsdc7ZcFT+wKFrLwj9dgqBn7L6YIhgqYCagjvfkhTQ23qcsH9nzzNFkaeLBpLdu3vcHwyJ/09p/r9iFEYoRVpRzrlzvUIBqc7nuN+xtLtDa3Ei3yWMs6okXUIqNXx+npK1+IIR73oaYaVC2NyM8TERXDEJa2nOTvy3uozA+QhcDwyAghDYQsouGBGELc+1fXtR6f3Ys3ivlk2b7WtGhmDgMFABZt/JyOrnep3Jmm3PkrImgh7+627uieGO3a0gPgRezg5r19r4rIk4bVAwBgYIDxJjE5nGvbeSYD7qnqkHccAwD4HyXFhGV2sNBxAAAAAElFTkSuQmCC');
INSERT INTO journalentries(entry_id,journal_id,entry_title,entry,entry_time,entry_date,mins_ran,miles_ran,route) VALUES (119,'IyW-774','ac tellus','cubilia curae donec pharetra magna vestibulum','7:51 AM','7/31/2022',42.88,3.32,'data:image/png;base64,iVBORw0KGgoAAAANSUhEUgAAABAAAAAQCAYAAAAf8/9hAAAABGdBTUEAAK/INwWK6QAAABl0RVh0U29mdHdhcmUAQWRvYmUgSW1hZ2VSZWFkeXHJZTwAAAMDSURBVBgZpcFNaJt1HMDx7/PkSdombdO0Tedo2q6H2VSnlZXBylAUN/HiRRBksNsQ8eLNsyBFL9tJUA+CMnUiXmSbgqOjgyF9YVu3pmvarG+sa+eatmmb5snz8v/9zA4Dkd38fCxV5f9w3h2+0pJpb7zeHI9lUAtUMKqYIMDzAoIgwK96eJ5H6HqYqovvViltbK+tzC6edHo6mqaHXuzK9B5o5QlR5QkjiohiVDFGMKIYYzCiBMZwa+pe66i3O+t0tiUy6XiE+ZVHhMZwc3qZ44NZJm/P88qRbsJAuJ1bpr//EDduTNN1qANjhOczSdLPHUw5lgWiSjRisVUWKqFFxUTZqgRcGytgjCBq49OAZ8XYLO7Sk0kRimBZFtanF/5SO3SxRbHsCENH+9j2YxgRjCgiEBohFKHZqTAyMolX3iT0AzYe7uKMz6ycyab1i7ZkIpJOZw5EYg3WWmGWtUeb+KEhDA3GCKFRzmTzfPjCEpNL9Q+uLGaK92cnzqOqqCofnbv00/dXczq+sKf5v43+1+UfPtfi+Mca7I3r8u+n/ZvDh99WVSxV5b3Pfuvu70zOnRjM1ifijfR2xOlM2jy1c+9X/OIlUgOn2F9dINwTdu7frcxN3jkbGd3LWnZl/+obx/t64vEmYrEYPW1R6hyLp3ZyF2gZeA1x8ziJTsTfpSV7MBopbZ+0R8+9r9n+3sFUS4r1UoARoSFq8W+RRIZgexnxi6g/R6x5BaozlNe9iENN1Rd7vVhiYX2fqtfOyNgMbtUnZZZ5MzlCY5PQ3WJhSwnsJjTwyV0s6Nxc6QOHmjAICIzghyH5xVWMKIdlgmN1Y7z86inU/xPL7HHncgVT3iVm23ybHwi/+fm7iw41Vd/HdX262uswoYOo8rrm6DvxDn7xKxwnSe6az/X9t6i0H8WtuBTcW0KNQ83SVC5febyRjdYnEBMiIgwdCbAiD4nUpZn6Y4cf777EA00ihQLVcpnHq6tfUmOpKs8ycf7YcGNr6mxla9+dn9/45PTX87/wDP8ABifE0eTdPioAAAAASUVORK5CYII=');
INSERT INTO journalentries(entry_id,journal_id,entry_title,entry,entry_time,entry_date,mins_ran,miles_ran,route) VALUES (120,'l5f-791','felis','lectus aliquam sit','9:44 AM','8/1/2022',131.97,1.06,'data:image/png;base64,iVBORw0KGgoAAAANSUhEUgAAABAAAAAQCAYAAAAf8/9hAAAABGdBTUEAAK/INwWK6QAAABl0RVh0U29mdHdhcmUAQWRvYmUgSW1hZ2VSZWFkeXHJZTwAAAK5SURBVDjLjZBbSNNxHMVXDz3UQ0892AVSs4Q0shQRA5uzCFGL5Rxqc1u5mZpNnWNN533eaDr976blZeFllc7mMLMl6IOGqdOpS4vAPaRbb6FiQjpPm5QahvmFw5cfP87nezgkAKS9JI4+zp5Wey3Ot57AnMZ9rYnn0RAV6HHoz/+eZl74SYq12d2x0OaGnapL9azeF6CBeYxY6PSHrZeDH8OVsOmCsaA9BYva8/u+AKroo5V2cy8Wh1RYMz/D8nsV5id60F/sZ90XgBoew51pydxYmuyAY7YTKxY97AMEihKu6v4J4JK92Ep26CLBIEPFoqwl033HCGHqT7uOj69dhbAbcjFY+wAXOOd7AgQ+R/4CMIPPUJTsMEd1PBk71SjjQV4nQYUiF/lSAbo+tqCkvwi+eec0F/lnD28BZPRLg0+Sb6Gz4B5m2sRo5dNAMCioTQpDk1kM9bgQVaYMlJsy0f6pAen6NAQlB6i2AAq6Z/uXfu2uwrTZZMjGH6HCJEDxaDpyRlMg+pACtoqFOVXU/wurKI6GYkKEfMN9pKvjwK26ibjSUFAl12B7GrENOHi5RqQQpe0qzIeWBW5dDArb2ei2KGG2GSF7lwK6zBcMoffrTfOB4OeJVL5peeAbUPpSh9xGLQSEBvUjqxAo5hFfcn29a7oaXTMEXCPt40DWl4TAVLdVknt4LY3G614xzDogmQE4I0DCABDTDdC1ADEEROT4ocdSj51jmFK6ACBNSfzXxzrk4L+yg9kLMPUbiNdugKZxIFINRModuPLwNB4b76LMyNo0l71lbSew1oTYOkoyEJs3DK4RYL9xJtADDANwx5WifA6xvCjclnqj0pi4edm1XW8nQEr63JwU1FNEzQ6ktej900dBzptyahpk8SRCsk3wvPHCKs9KLEgQehuchiVX7N+73NXfL+Zkqi9OGtlWAAAAAElFTkSuQmCC');
INSERT INTO journalentries(entry_id,journal_id,entry_title,entry,entry_time,entry_date,mins_ran,miles_ran,route) VALUES (121,'x9H-120','in','ante ipsum primis','11:48 AM','10/7/2022',100.81,2.09,'data:image/png;base64,iVBORw0KGgoAAAANSUhEUgAAABAAAAAQCAYAAAAf8/9hAAAABGdBTUEAAK/INwWK6QAAABl0RVh0U29mdHdhcmUAQWRvYmUgSW1hZ2VSZWFkeXHJZTwAAAJ8SURBVDjLpVLfS1NhGPYP8D6im8DKwrYhUaa1tEyyIXlRWtFFJlZQERIGUZKGI5dO7ZeUEl1YaKUYkyU1J0hE/ppzuOnUDbdpbp7Nue2crZ2J9fSeQ4LhdtUHLx/fx/c87/M+z5cEIOl/6p/DsjGnzWfIhnf0CJjhw2AGD2HpWxY8Xw/CPXAAi/378aNvHxY+p7viEhD416q/FTFfC2JLL8AvPkd0/gl+OhoRsdXDN1gsgLm4CghcE5opw6qvFeHpfHDm4wgZsxEcykLEroZ/tFQAryUcwTsij8WYZ4i6boGz5IE1HkWQxojY6xAwlZN0OVyfZClxCbzD8jMBywXEvC0IT50AazqG4Kgc3ORNcNYqeAYUcGllioQmklnhiKsavLsR3EQuQmPZCAxmitK9388RWFqRMAUCZyyPFSLGvKSOCoTG8xAcycEKOR+eeSSAfzs1e3lHdxo/17WHt79P5W3tO/nZNymMSEAxMezsbepO8y+Q484Gce6IrQ5hqwqsWUmkVQgaKhEYvosFbT4IHJl+vV30I4kyDlLGPGXMU8Y8Oc3P98p4zvoQvl4ZlvWkyliNro4iVDQX40pjIc4rc9iTd6SVm/7Bejl7JAMrhnKwEzUEvo/2tlN40HkJWkszTG4dmvqu4WyTBBnXt6rjEjg+ponSPf1FmPsgxUVV7prG/BiaqacQllp/GU36qwJBNB543KMvhFtXAHvHLr/t7Y4tBffS0Wt5hY2rZ6JZINgETnZ0SzDXmQZyum79PvPGtmi9rhS1uhIRXPulJL4CimmSYmIInLzxnh4qT6t3o0FXJnYWduG8yQP7u9SMRB+GHquoWEH2310l3P8B4M3c7jDaDNsAAAAASUVORK5CYII=');
INSERT INTO journalentries(entry_id,journal_id,entry_title,entry,entry_time,entry_date,mins_ran,miles_ran,route) VALUES (122,'Tzz-115','vitae','ut at dolor quis odio','4:55 PM','5/10/2021',78.01,8.21,'data:image/png;base64,iVBORw0KGgoAAAANSUhEUgAAABAAAAAQCAYAAAAf8/9hAAAABGdBTUEAAK/INwWK6QAAABl0RVh0U29mdHdhcmUAQWRvYmUgSW1hZ2VSZWFkeXHJZTwAAAC4SURBVDjL7dK/CkFhHMbx5zrOlbgE5Q4MBgulhIn86Wc4os7AbjEaLThhQekYbC/JYMBIp3jrcNLjBgxHshme9VNPfUES3wx/4D1ggYYFSgO+MqGV4CwFHIxPAJnLk3vb56734KjsMouNBAbquKv90Oei4nGc1nRamkksVWCgCletux4nGc1B4sZp7coYxsGBIk5ily50mpoz88pe/sgIOsEv5LA1UlhJHDMVRV+F0ZYQTONf4o+AF+Us6n1474tIAAAAAElFTkSuQmCC');
INSERT INTO journalentries(entry_id,journal_id,entry_title,entry,entry_time,entry_date,mins_ran,miles_ran,route) VALUES (123,'atO-182','platea dictumst morbi','maecenas pulvinar lobortis est phasellus','7:15 PM','10/20/2022',42.2,7.94,'data:image/png;base64,iVBORw0KGgoAAAANSUhEUgAAABAAAAAQCAYAAAAf8/9hAAAABGdBTUEAAK/INwWK6QAAABl0RVh0U29mdHdhcmUAQWRvYmUgSW1hZ2VSZWFkeXHJZTwAAAJ1SURBVDjLpVLdS9NhFH724WbTWcpKiTUxWyJKRTdGURaSUt5URDcW3XYZ9AER1UXhTQT9CREE3URi1EUkaGhq5ZSgDzc1tWmaGzrd5m/v+55zurBy6u468MD54Dzn0yYi+B9xZhvxwWOPheWCiECYARYIrejCvKoTT/qbQuUbCISlZXNFC4QFIIYQrcIQ0rEPsBKR5N/kNQSxgaN3Xd6gHQzo+HOINmCtIUojz3cG1sJXWIkI+ZtC3uyi9tXqfD1/y15Q+hvEEESvIM93CioZxfJCBExctX4HdgCYe3/kbJ4n4ILNBUp9hhgCk4GjcD9Yp2AthEGZxebAyaHRnATC/MjlDUJMCmLMn5kN7O4AlueHoZLRa4HmoVe5rmCb7T1U53D5+rz+E1CxdrDSEK3BlgVX6WnEI09EiNXDxQJ3yihc8aQzDmIIcSJ4fqTUKSTtLu9uCGk4i5ogZCCGAAHEMIrLz9nEaHfm00v4fdW4MxVy3y7gtEPTQQBwCrM7Od2VyboxhBkP5ovcwgqKDZQhbC8JorqsDktWCpejffmWUbNvAdhyfeLEiz2d9xOe+uM1F0HCICYwBDOJKIoLtqF37A0GJrvYMqrEmWsxQlxvGQUSxkQ8As0GhjU0aSxmlrBvx2Ekddre/707voFgvK12MN+7C1YsDEMGpUUBGCaQMH4mJlFSWIbQjx70jHbPKYPGNSOMt9UWQuxLQoyrsTSWlRLFCpZRqPTV2A7sbMTHyXfoCL+eUQYN063yxbmu9X4m80uIK59dGktmx2rv2VM2+yZPZ7hjSjEapltleCVJ5B9GnlbVZdvZqLiFVOCmQ7beQEW2/zeRQcHUmJPKOgAAAABJRU5ErkJggg==');
INSERT INTO journalentries(entry_id,journal_id,entry_title,entry,entry_time,entry_date,mins_ran,miles_ran,route) VALUES (124,'0bC-169','amet erat nulla','odio donec vitae nisi nam ultrices','5:20 PM','4/12/2022',138.07,5.08,'data:image/png;base64,iVBORw0KGgoAAAANSUhEUgAAABAAAAAQCAYAAAAf8/9hAAAABGdBTUEAAK/INwWK6QAAABl0RVh0U29mdHdhcmUAQWRvYmUgSW1hZ2VSZWFkeXHJZTwAAAJaSURBVDjLpZM7aFRREIa/u7mbNW5IjEQ3WQlBIkaLiBYWvkBi7H0EDGgjaiNY+uoECwlop2glWGknNnZBIRKCZMWooCz4Im6uya5iNnsf555z5lishYVKwCmH4Zv//5nxnHP8T/l/al66X3VWhNSAtUJqBGWEe2f7vBUBVCrs3bIaI4I4MNbxaKa+cgWxFlIrVJcM2jo621poxLJyQBgbUiMkWjDWofwMy7H5M8BdPt9MUQSnDU4boo0XUakj0Q5thFVZSz2x/1BwYARE8KzFs5blWUEZR6ws2kJb1lH/mwWnDZ4x8KIERsO27TTilEQLUdq0kLR6mFj/BaDSJkAloA1ow5JyKC3EStDW0Z4TJBTOTZx0OjWkqUYnGqU0viSKjDGQKNCaJIoohDN45a/sKqyl/GmRSIZpTVN6ZjZRXF9ksbaI35Pj6dJjfIl/bVYKrRQPXr/h0JZ+jh07QRiGDAx8YWLyGQf7YPTwKFk/SxAElEolzDvwJUogTSGOmap95/1AF0eHh7lw9Q7fPpco9vYwNDSEDgNuXL9BEAR0b17H6SOn+Dj3Ad9FMfyyMFtfJt/R0Qxn63Eab6cYGxujq6uLRqNBtVrl5u1b9O1szqzpWIMvUQxaw+499Lx6zXQQALD88i4ZTxgfHyefzzcPLAzJ4KGfR9AHc5UveFdGrjnRBqcMdfWDSqHCjv37KBY30NmeYWFhgXK5TC6Xo7+/n0KhQD1MmK9UeDI5jff7Ow8ODrb09vYO5fP5h8VicV0ul2sBMrVa7QxQ6e7ufghklVJ2fn6+Gobh4Z8+rmPjNq74hgAAAABJRU5ErkJggg==');
INSERT INTO journalentries(entry_id,journal_id,entry_title,entry,entry_time,entry_date,mins_ran,miles_ran,route) VALUES (125,'mW7-290','sed','in tempor turpis nec euismod','8:28 AM','1/29/2022',127.17,7.82,'data:image/png;base64,iVBORw0KGgoAAAANSUhEUgAAABAAAAAQCAYAAAAf8/9hAAAABGdBTUEAAK/INwWK6QAAABl0RVh0U29mdHdhcmUAQWRvYmUgSW1hZ2VSZWFkeXHJZTwAAAG/SURBVDjLjZK9T8JQFMVZTUyc3IyJg4mDi87+GyYu6qB/gcZdFxkkJM66qJMGSNRBxDzigJMRQ1jQ4EcQ+SgVKB+FtuL13EdJxNDq8Ev7Xu85797T51nwhqeAH5w6cAxWwDgReX7jwYfdaCIraroptB7NLlVQrOoiGEsL1G06GZyxuILicsMUH3VTlOqGKNUMUdTacj+j1Nng0NGAT2WxYosK1bbIVVoiW27J9V8G57WWKVSczMV5iK+Tudv1vVh5yXdlLQN+os4AFZss2Ob82CCgQmhYHSnmkzf2b6rIhTAaaT2aXZALIRdCLgRtkA1WfYG4iKcVYX52JIs7EYvFmJ8wGiEXQi6EXAhdyn2MxQaPcg68zIETTvzyLsPzWnwqixVbhFwI3RFykes+A9vkIBKX4jCoIxdCLrI4/0OcUXXK4/1dbbDBS088xGGCCzAJCsiF2lanT8xdKNhHXvRarLFBqmcwCrbAhL32+kP3lHguETKRsNlbqUFPeY2OoikW62DNM+jf2ibzQNN0g5ALC75AGiT59oIReQ+cDGyTB+TC4jaYGXiRXMTD3AFogVmnOjeDMRAC025duo7wH74BwZ8JlHrTPLcAAAAASUVORK5CYII=');
INSERT INTO journalentries(entry_id,journal_id,entry_title,entry,entry_time,entry_date,mins_ran,miles_ran,route) VALUES (126,'mVO-526','consequat morbi','odio justo sollicitudin ut suscipit a','11:09 AM','8/1/2022',109.73,4.39,'data:image/png;base64,iVBORw0KGgoAAAANSUhEUgAAABAAAAAQCAYAAAAf8/9hAAAABGdBTUEAAK/INwWK6QAAABl0RVh0U29mdHdhcmUAQWRvYmUgSW1hZ2VSZWFkeXHJZTwAAAKrSURBVDjLfZNbSFNxHMcX9WLgQ1h0kXrp/lhQdjGIEotegiCKiiIjjSx88SEpzZRIpWKFnGmCOubAS1YkmZlpXnLedtrUIpdTJ9N53Jnb2cy55fbt9z9OmQke+Jz/4fy+3+//rgCgCOfik7qjRD7BE3bCSQwQKlb7Xx9ujCQ4wv9Jb0H/qIRh0Ycxz19YHdP4zI+C1UKayCUBIXOdtmkAc4EgrBLwpsuN6l43Ohw+eEkUIFiNaZh2IWQhgGMFlx/y4yG1ptmF0vYpGF0BBOkfNZAC8/VQCCcH0MchImBx+KHRiTCJ86JavReqLyIGpyGPYIJeHmp9jGCQBQSYV+69nuZX2yuhqNmOwiY7+qzA7wlAZ/LQdGbhmAUECpBoKM45wE3Uz68JxwIMRosL6rZJChCg+irgPS+hsnWQCWyM121meMg0RqMxTQHGsTkYLRKrG1iA+MP6h3oWUEjmVxTSafaw4jgRHWI8tTweN0v2oarHJdNnnWEacTFA1SiAa5hAfoMNXUPLA+6UHcejmku4ULAHZZ0O9IYFGAwjTnCNNtlcQekmMYgU7THc1RxGkvoAEor348Hb86jsfoHUqrM4pdwCfti1OAV5EduHvDAKwOgMYHYDyZoYvOM5VOvzZWN5txLKhlSodXm4pY1HTM5aCvjILW6jn7ZGoD365QT0NuAGzZeZn9enILcuGY9rE5FZcx1ZH5JQ0JKNK6Wx2PlwlX/JQbLTdhntQKsFuFy0FxVdSmg7nkHdnofibzkUchuqliwkak9jd0aUMzpNEbHsKFvdQXynEZwr2I4zL7ciTrkRsU/X4WrJEXDNmUjQxJN5s/tE1r31K14mfkTCT5sP/eOz6DG7cDA3CtfUJ7ErfdNkXHZG1LLbuMJ1ZvA70iO82+6vxoY0xZpw/T9xhOmhB93shgAAAABJRU5ErkJggg==');
INSERT INTO journalentries(entry_id,journal_id,entry_title,entry,entry_time,entry_date,mins_ran,miles_ran,route) VALUES (127,'2vz-136','nisi venenatis tristique','aliquam erat volutpat in congue etiam','4:06 PM','9/10/2022',118.99,6.38,'data:image/png;base64,iVBORw0KGgoAAAANSUhEUgAAABAAAAAQCAYAAAAf8/9hAAAABGdBTUEAAK/INwWK6QAAABl0RVh0U29mdHdhcmUAQWRvYmUgSW1hZ2VSZWFkeXHJZTwAAALWSURBVDjLlZNbSFRRFIb/c8bLjM7NcUadvDZig1kgUVmBEpRplIj1ki/1XFAQXUAq6EL1UvSQFQk9FD4ERRGNZBcJ8UaQGgWpqSOOk46XyctxPHPOPmfvtoJCkUX7ZT+s9X2svdZeAmMM/3P6fV4fUVmZFNJ9RccGq2L+Cbz0uijgEgWMUsZOGUXLviSjA4Efg/sX438V+Bu99yFgL9NgI5SZLSa7GOybYqCqsKCwxlUFHMyjDJ+t7jKjLb0SAtMhjzRCHfsEq4kI/rGZiweuDF36o4DDBw3G5KfW1CrYnBsgB+ugR6ZApsbBBDOcOckITMxU89RfBRx08+uRyblpt8VVhViDAnm4FlSRecUKRJMRTJM54UCKOSZ3mYsZaPDmiQY06xrSknIOCfbMCqjh15BGW0BlGVqUi2YXEB/HEBfDwHQGSaZ0RaAp7J4zr9BtTSmHrvSDhO5CJLNgRMVcWAKJqCBRglqzHRGN4HysjtkIHV8REInlxyc6oUS+o7fDh7g4ilhmRjwPWm2xCIxJMPC/EjWqyHCux9mRLlRorHNZIMrztCHU8wWapiIhIRfBHitC4wm4rcXj6qSAB3Ybai28efY85KcVITPZi4fuaGXJDYd5USAs/sSWW552iztpe+7WcjTV+VB29DDOtDxBacER6IxCpzooGEKzQSQlpqDD/w6dgWYa1VTH0hSKT/p3vL3u6VOUV+vc3nyEBsfAg0vwcJj3hWrQKAHRCeYUCYWZxZgnC+KHodawuPyW0hq/d2Jo+nlkphcD3W1cEIXGR5NqzUKaNRtum4eP1gSXJR1dI21oG2ydXFCxWfh9mZ6dW1sGxhrrs0QoqgqVqkvVeJwF2ObZg4+BdjR9exNSNewavca+Cqtt4+PTOZdB2YWUNRZkpJlQPdyNjZk70dH7XpJAt3C4b6WJq536E9kGVWE1hOD4zfSgS2GiUDidUPLizlzLcs5P3E1ndhQ2sD8AAAAASUVORK5CYII=');
INSERT INTO journalentries(entry_id,journal_id,entry_title,entry,entry_time,entry_date,mins_ran,miles_ran,route) VALUES (128,'xsT-424','arcu','massa donec dapibus','4:15 PM','7/30/2022',4.28,0.16,'data:image/png;base64,iVBORw0KGgoAAAANSUhEUgAAABAAAAAQCAYAAAAf8/9hAAAABGdBTUEAAK/INwWK6QAAABl0RVh0U29mdHdhcmUAQWRvYmUgSW1hZ2VSZWFkeXHJZTwAAALJSURBVDjLpVNbS1RRFP72nHGaUedmpamj5pgKSUli0eXJfOipoELs+hA+FFT44oMSRBkZ1GNC/oAoCJ+C8QaSZhdCTEU0rbyP05jTzOTczv20zkz6IBFBBxZrs9f+vv3t76zFNE3D/3zGjYXa01OuKUqtJstZqizPUnSb6+vDem29o8OpiuIFimZFEOZUQXiY09rq0WtMV6B2d98k8F2YTU4YOKjRCKTw+qQqSZcJFKPoTMty7Nu2pwRKJILY2DjiPv9TIrvGlK6uk5osvjSUl4ERGJIEmEyQlpeRmJpeUkQxaikp3mt2u4FwEPoFcDgR6u1FaHzivpGk3uDy88DiccDnBxQVkGWkFReAO3SgUONFcGYLMDxC71RTF1jTYTt2FIEPw1eMJLOCs9mAuXkqyoBGhxQF+PQFBjvtcwyY+aq7BIhyKgeCYCUqFJ636QSmJIAXAEFIEYhSimTFl1STvFkPjfYEqqmUJRFkpmokg9bJ+Z1MpgKfIICSAutAZcs6mSmMBvLCADLRYCCWfnlmBnDlAbEokCASnqcbhFQW+VRO7lPQX0CpG4GB17qCZyzc3u4mFf2WItdu864cYHIKWAv+bg5lU4V3bYxiFLHQd3CZNqT9zIynx7PLuAceTyg2OPiK9/kPqqEfeWmV+8HSqb8WvSkwue5dHUXIHkbFmQaUXmxETrYVIX6FC0YmFtlGK39rabHTm5pIVqOzqtJqzc8F3r2nNoxiaLkT1Q1NsMwOkLFvALsDAWMRPvYNzbOtszDf0FBNRI8dxYWHd9TWJE3rbzuF449egFWd3jwXvpOLkaGAxv40TJ/r6hxEco+8ue4syGVTC88TR85fsmQseSAk/KCWQ2Sdw/QsVtjfpnGipuYs9Ykr4pp3mqwZtwq2y0ajwYvImoyFVU6ReO02+9dxfnuusDkW9F3lFFakcNoKoZ6c6JPbfgHHGqU/+iLy1wAAAABJRU5ErkJggg==');
INSERT INTO journalentries(entry_id,journal_id,entry_title,entry,entry_time,entry_date,mins_ran,miles_ran,route) VALUES (129,'EKX-973','non velit donec','dolor vel est','8:11 PM','3/6/2022',103.29,6.7,'data:image/png;base64,iVBORw0KGgoAAAANSUhEUgAAABAAAAAQCAYAAAAf8/9hAAAABGdBTUEAAK/INwWK6QAAABl0RVh0U29mdHdhcmUAQWRvYmUgSW1hZ2VSZWFkeXHJZTwAAAI+SURBVDjLtZPPaxNBFMcX+leoIB4VFFQEcXtIMXpILbQhYprUmGyym2SbX00aSSCGWrfLhmSTTQI9tDGBtlgIIqVFBNec7NGLaJGCvczBQKG5eGi8fZ1dbVHagiIOfHkzj3mf951hhgHA/IuY/wYoFgsuWZa+/DWgVCoO0GJJUeR9SZrFcUVETPGEi5w2AZVKma1UVFOqWmJp8edms4G1tReYmXl0BEBCU7k9MQbiDLwzAeVyCfV6DbWahmpVw8rKEtrtNpaXl5DNPPwNQIIJgTwIX+y6A+hNcCC3HRFquYDNzbfodDrQdR2tVguSJFFgDalk/BBA+Di/J0RA7vqyZMQV7zncIIN3thl6VqyuPoOiKJBlGfl8HqlUis7nEIuJJmB3zL1D3IJ110W7DjvNHGGHQa5awRgX1WgsQBAEeL1eOBwO2Gw2iGKIKngA6BG7x0ojyNDoD8DlmyAXBsHkclksLi4gm80gkYjDbh+DxWKhMA9CocDhEWr58Y10dRzByijuPxn61nSxIOeubTPpdBLT0wlaHDEtR6OiCeE4L3XFmYCwZn88+5zDy615vO/q0N5Mwqldgv/e2Q6TnIqykckwGw7zbDDoZwXBt2OAMpkUeN5nAjzKrf76xyrWP9WNNdSOAK0TwvXIqf6RR0K7DvABn0y1fwAYyV3Bq62n+HVsfJg3ACc/UQqaoOoa8xvRM/2S7oeim0Aor30nOzhOdOOcQz2Pss6bnY1orGle/eNfRzcXqL4atn/GgpH/DtOZnBuaeVfLAAAAAElFTkSuQmCC');
INSERT INTO journalentries(entry_id,journal_id,entry_title,entry,entry_time,entry_date,mins_ran,miles_ran,route) VALUES (130,'cBk-941','orci luctus et','mauris morbi non lectus','3:34 PM','9/25/2021',25.19,8.01,'data:image/png;base64,iVBORw0KGgoAAAANSUhEUgAAABAAAAAQCAYAAAAf8/9hAAAABGdBTUEAAK/INwWK6QAAABl0RVh0U29mdHdhcmUAQWRvYmUgSW1hZ2VSZWFkeXHJZTwAAAI8SURBVDjLpVNNiFJRFP70ac80w6FEJ2FqsDKmSRpmU6taBRGE4aaCYPatat1qtu3aRosJI4Ro0Q+EIP0QCTM4WhSBBqmkJJr2cvx53vfu69w3vXIapUUPPs69553zne+ee67NMAz8z+cY3aTTaZkIzxMucc6PkD1EoCV/T/YT2TuEdCwW060cm6WAkudofd/v90eDwSA8Hg/cbjfEf0VR0Ol0UKlU0Gg0XpPvYjwer5qJIkAglUo9L5fLopwx6WOMGblczkgmkytWnt2SQpujgUDgn2cOhUKgIme39YCcJmO9XofL5YIsy3A6naav1+uh1WqhWq0iHA6bsRMJHA4H2u02BoOBudc0DUzJw8PygHTG9I0lsM4kSZKpQBAJMHUDanMNe2ZOQS3lKXkeuv77Ev70wFJgVmTMhAjUGi8xte8Edk8vwNl9C32jtEXBNgIziUhMdGsYfn0B714f9B+PMH3sCvrlJ+A6m0xgVdc0BvXLM/gjF4DBOlbv3sMuXx+DWhZevSSPJRCwquvKR8i2IbxTPXD1MzWJk/w1zJ6+jiBb96zeOundQiCki6uiSYS8QwKvPIVv5jh47x3l9rEYj4APa9TgAg5Ez0maOrz2t4KlTCbTLRaLcH7PUuOicHubMLRvNPASsg8LIgp8UID/8H7oKrv6anl+zjb6GhOJxCwR3TiorCwtXL5tl+wlImiLSx6ZRTuknRHUP+RReLz8wDbuOb+5udg0dO6mY9sN0Vyu801Ls/LLYrPp2Z9W3anPTwD1kQAAAABJRU5ErkJggg==');
INSERT INTO journalentries(entry_id,journal_id,entry_title,entry,entry_time,entry_date,mins_ran,miles_ran,route) VALUES (131,'yIr-767','lacinia erat vestibulum sed','libero non mattis pulvinar nulla pede','5:35 PM','7/20/2021',115.61,8.03,'data:image/png;base64,iVBORw0KGgoAAAANSUhEUgAAABAAAAAQCAYAAAAf8/9hAAAABGdBTUEAAK/INwWK6QAAABl0RVh0U29mdHdhcmUAQWRvYmUgSW1hZ2VSZWFkeXHJZTwAAAH5SURBVDjLjZE/SNRxFMA/7/f9eadWnmGBIl3fk1oKGsMh6KA/Bw5CUzS0NbVlkFs0RATh0HLi0CDUEmgQtCiBJA05hf1Z6pQT7Wqw4C697s7vew2BKYreWx7fx+PzPu99xcxoJvL5vFUqFYaHh2VrPaLJUFXm5uZ21OOtj7GxsREzy4pID3AEaBERVBXvPXEc7w2o1+tDuVyOZDK52RxCIISAquKc2xugqqRSKc5OHKYtVqoqgHEo0WC8/8f+BnEcE0JAnHHnvBBHhgAj8zHluu4PiKKIRqOBREbCAWZEgDgDozkDVUUc3J0FExABBMzC/gDnHKrK8zMfUdXN44UQSLlU84CJylOSySSZL6fo6+uj6/ET1i+lGVie4PWFUQ3OloH85amNh7sCBluv/puc+Weweu4onQszZG/cJpk5LdX5qWOfZ6fvT19sWYt2u0GhUEBVWVxcxMxYe/OMk9krtBZmkPFrtC+8wB/vciZ2a4eBmeG938whBBLlVVq7MzAw9H/YvR6cit/xjapKqVQinU6ztLREb28v5Y5O1t+/4sDLm9Sq31kHKmVHcHzbtoKI/K5Wq3jviaII7z2JRIJU9jqf3r2l9KeNsmvh10/h64oEg/w2g2Kx+GhycnKwVqshIlvB9FtH94nih4PtDesILloxbDQ3tfHgL9Xv6UA7GgE/AAAAAElFTkSuQmCC');
INSERT INTO journalentries(entry_id,journal_id,entry_title,entry,entry_time,entry_date,mins_ran,miles_ran,route) VALUES (132,'Tzz-115','accumsan','id ligula suspendisse ornare consequat','6:28 PM','8/10/2021',109.41,7.03,'data:image/png;base64,iVBORw0KGgoAAAANSUhEUgAAABAAAAAQCAYAAAAf8/9hAAAABGdBTUEAAK/INwWK6QAAABl0RVh0U29mdHdhcmUAQWRvYmUgSW1hZ2VSZWFkeXHJZTwAAAGrSURBVDjLpZM9a1RhEIWfu3eNYVcLiYqrmA8QjPgrBFGws4uCrYKdVgFBAorYWFtYBe0FiQqbRlBbERGDhUEwxkRBiCEbZd85x2LvfrFbBDLVFHMezplhMtvspkrsssrt5sHCj44V2RiIAAyWkCHU6kNw5/J41gcAOHpgBGMsMGAZGdwDkWB5vTHoIGzsQiCwjV24KUCSkUw0h0SIaFnERiqE7V79kGZoEOBQa9AgCYtCoI6wDUxpCCAJFEbFUGu43avrxKDkQYCSCLmT0z2ZXURqO0nDAClBhDr5+yFQW3rMwY/zlH4uc6J6mPrLtdlz9XS/C4ggolxsvRC6dcra0hNObbxg+spV9k6dZvtDnU+vF+8unt2zVeo6MBFGCSLcukqIFGbfu0ecPHOR0S+vyOYvUVl+yuTEWO7MN3ocuNhB/8ZtU9lYYfTIFFy42c0+VyNXNtmzA/H5W6OTWRIOI2C6cojG++dUn13n3/YaDWDzT07krGY7+cY3M8fmRvZXbx0fS+VyaYXNX4mv63k0//p2ttN3fjszPrv1e/VaHtlE5P5ueHi+nu79Bx7reDBYdnW7AAAAAElFTkSuQmCC');
INSERT INTO journalentries(entry_id,journal_id,entry_title,entry,entry_time,entry_date,mins_ran,miles_ran,route) VALUES (133,'mW7-290','ut','id nulla ultrices aliquet','1:23 PM','5/4/2022',118.53,7.47,'data:image/png;base64,iVBORw0KGgoAAAANSUhEUgAAABAAAAAQCAYAAAAf8/9hAAAABGdBTUEAAK/INwWK6QAAABl0RVh0U29mdHdhcmUAQWRvYmUgSW1hZ2VSZWFkeXHJZTwAAAKUSURBVDjLnZNfSFNxFMdvaL0EQQQSQpQPQS9R0FPQQwUSPfhQBBb4EOTDIILYxnR7aBPmlPZPBptSDoxNUR9yLhduOrexBs6WpA+BlbnRmrL/f22lu99+58JiWE9e+F64h/P9/M495/y40dFRw8jIyH0A3GHEDQ8PXzCZTEt6vf7ioQD00mq1Uo1GE1GpVC2HAqjV6mNKpXJRLpcvSSSSUxRbXl4eCAaDvM/n4z0eT9XlcvkcDse1/wJIfr//sVgs3jEYDF8CgUCImXfZA1LO78PWrANTU1NVu90u/wewvr7uXl1d3V9ZWamGQiGkUimUSiXsZIrYdAfw7cplQckFD6xWK8+a/uovYG1tTReLxYSTnr2VC8ZisYjtdAEPJ3l0jQOBF7PYtpiRTyaFPK/XC51ONyAA2EeFTPl8XgDUlcvl8COZR3S7gEKhgHK5LIjglNvf319jTb/LsebwBDhorisajYJVCaPRyJOy2axQ5cbGBhQKxVduZmamRtS6oQ7IZDJwu92Ym5sDy4H96b3f3jst+cWbzfA/OIvPNjWkUim46enpUiKREMoiI5WbTqcRDofhdDqp8xgXd+Kj5Grtp0sP/tM8KpNivH9yCcauG+AmJiYWqPNkJACZLRZLXCaTFUUiEZiKztsnKrvMDFMH0HMS0LQh9fw63tw6XuBsNlsvnUSTIAD9DlvvUuOsWdk8/+E1Gp+c8jQozo2NjZ1jcy1FIhHE43FUKhUMDQ3VGgHu9qbvZesjgJmqMg5ZppioCSweFxLMZvNLtqZgywS2VGD34lcjINjZqgp3n99L9LQhKT+Kze4j8HY078+3NymEBHYbW9libA4ODu6x+e719fWFDu78u84zvezELSqbKiIzxf8AGfvxrzvUBvIAAAAASUVORK5CYII=');
INSERT INTO journalentries(entry_id,journal_id,entry_title,entry,entry_time,entry_date,mins_ran,miles_ran,route) VALUES (134,'WQY-956','at dolor quis odio','a feugiat et','10:36 AM','9/11/2022',125.72,1.98,'data:image/png;base64,iVBORw0KGgoAAAANSUhEUgAAABAAAAAQCAYAAAAf8/9hAAAABGdBTUEAAK/INwWK6QAAABl0RVh0U29mdHdhcmUAQWRvYmUgSW1hZ2VSZWFkeXHJZTwAAAHeSURBVDjLjZO/i1NBEMc/u+/lBYxiLkgU7vRstLEUDyxtxV68ykIMWlocaGHrD1DxSAqxNf4t115jo6DYhCRCEsk733s7u2PxkuiRoBkYdmGZz3xndsaoKgDGmC3gLBDxbxsA31U1AKCqzCBXsywbO+e8iOgqz7JM2+32W+AiYFX1GGDHOeen06mmabrwyWSio9FI+/2+ioj2ej3tdDoLiJm+bimAhgBeUe9RmbkrT5wgT97RaDQoioIQAt1ud7/Var1h+uq+/s9+PLilw+FwqSRgJ1YpexHSKenHF4DFf/uC3b7CydsPsafraO5IkoTxeEwIARGh2WwCYNUJAOmHZ5y4eY/a7h4hPcIdHvDz/fMSnjviOCZJEiqVCtVqdfEl8RygHkz9DLZWQzOHisd9OizfckcURRhjMMbMm14CQlEC/NfPjPd2CSJQCEEEDWYBsNZijFkaCqu5Ky+blwl5geaOUDg0c8TnNssSClkER1GEtXYZcOruI6ILl1AJqATirW02Hr8sFThBVZfklyXMFdQbbDzdXzm78z4Bx7KXTcwdgzs3yizuzxAhHvVh4avqBzAzaQa4JiIHgGE9C3EcX7ezhVIgeO9/AWGdYO/9EeDNX+t8frbOdk0FHhj8BvUsfP0TH5dOAAAAAElFTkSuQmCC');
INSERT INTO journalentries(entry_id,journal_id,entry_title,entry,entry_time,entry_date,mins_ran,miles_ran,route) VALUES (135,'mVO-526','quis libero nullam sit','orci eget orci vehicula','12:18 PM','5/30/2022',71.97,4.07,'data:image/png;base64,iVBORw0KGgoAAAANSUhEUgAAABAAAAAQCAYAAAAf8/9hAAAABGdBTUEAAK/INwWK6QAAABl0RVh0U29mdHdhcmUAQWRvYmUgSW1hZ2VSZWFkeXHJZTwAAAIDSURBVDjLpZJPSJRRFMXPN46GWqRjZjkOhILU2lXUotzYqglmEQURZLtQbFEK2VLIlQVu2kXQIsOghDaFZS1yI4Vhf3CcwWSgNlmRY3z3nPu10GxEF2UXHo97ee/AuecXRFGE/6nYvzw+M5LpO3XnRNmWBRjqNI03S2dBqYXuZ50pp2ckdYhqE1VPCjKBFBprknAKc4XcjbELj3vWCXQ/7TwoqTdZ1ZSurUygurwa8VgcigS5w11gJJiIN9lpZD/ODTy59KI/DgBd4+dSLu/dnziQbqjeg2UWEQvKQBe0ejzSWm9G0FgBAHEAEJVJbm9K11ftBp0ISWQ/v0P+Ux5rFoxo3JWEJMzN54Ynrry8XCrQsXNbDYq2BMkx/nZ8QdToyNmxi6ULax88PC3j1ET/ZNe6FEi1VZZXIUAMhS8F0Ljh80oKvGvG86WzOADQCIoIggAmgiE3jfH51cmBTUFiqKnFH4tYtiISO+pgxsyx60eH/oaNIIoinLx9vKexNjnUsrcFihxLy0uYnZ9FfiEP2h8ORK30EmaGPwRrFsw4mivkjlSUVaTrEw0IEaK1uRXN+1rgkeDuoAsOh9zx8N7Yegv3Ox8tWMjBV+9fP5jJzuDb1+8o/iyu7EOCuaBI4CpQojZHuf3aoRRNGZIdMrWRqpMpJgqS4/ftcuRuzQcbBLZSvwCJx2jrjVn/uwAAAABJRU5ErkJggg==');
INSERT INTO journalentries(entry_id,journal_id,entry_title,entry,entry_time,entry_date,mins_ran,miles_ran,route) VALUES (136,'y9I-479','proin eu mi','neque duis bibendum morbi','11:37 AM','10/28/2021',123.75,7.39,'data:image/png;base64,iVBORw0KGgoAAAANSUhEUgAAABAAAAAQCAYAAAAf8/9hAAAABGdBTUEAAK/INwWK6QAAABl0RVh0U29mdHdhcmUAQWRvYmUgSW1hZ2VSZWFkeXHJZTwAAAKrSURBVDjLfVNNTFNBEP5aqlItmlcoqG3EP4QQhFitxFNREwwnSbx50aiJBwkQD54gxsTgXQ+K4QoXogduRGPExCAaCCDRQhBCtaX8RKCl7et7u2+d3RZSjHGS6Uz3zTf7zc/aXtw+KvCXCDqx6EeplfMtAW7JMyirfFKHBFy71Yp/CqEFBQlOyixYpILznM/R09etEkRWl6Jed7EGPTaRA0pQDmByWAbpljUYCpzF2FNWKfNzmeDBXOhrb0nwCr6Pz4MT3Q9TCwhU+EAYGHRThgn8iMZQ5vbAMC00XQpgavKLLO2l/W7PfF94dno0PBuC70wD9OS6IpFKbSBJfjIZJz+eO9uEt+ocEmvLGAuNr1CCDnuWsWif+TYJt+aG3eVRwWlTIG1YSBlCqRRGFVeVlGJ6PqQwTwaWf9uEyH58eqO893Rd/XXnfg90XgCd6jVVtwnIs10vcjjAVhcwPDUyROAGiVNT6L5zzLXLYds7Mf6Jcy5szBL2/FHtGCfd6NztGNsalI32wE12tuTQcc3jrdg5RTnzvLlLNobJsBiexmp07vHDV4udksEIAbVS3ykszXwGN9LqJglkOfrmtgJFnnJohythMqujs/lgjUzgqaz1IzT8Fhnq+uSvOP4naxtJuNMMvhNnsRKda1Y92E9LFLjYCJ5Jo54xWiJTLQ43DbIspwb9l1tI32gb92kujBFThxoC1WfEw2B6EsPJ89gULnVbdfojCvU1vGEBbKZ02oMUHt3PMlx5n30zDtVZKtZZWgtOtvBnIS43XlXBo6NuRCIRXKirQzAYRGvLPcTeeVFgt22XZHt288g6jejA1otDcQ2qm9rg9/uhaZoKSiQSGBwcxNDr59AyIYi897u9SPnS1dXVput6C7E4KZmQHyMdME2zvb+/P50f+wdCqc9c4Pf4aQAAAABJRU5ErkJggg==');
INSERT INTO journalentries(entry_id,journal_id,entry_title,entry,entry_time,entry_date,mins_ran,miles_ran,route) VALUES (137,'PGq-296','nulla','eu est congue elementum','3:47 PM','11/11/2022',50.54,3.44,'data:image/png;base64,iVBORw0KGgoAAAANSUhEUgAAABAAAAAQCAYAAAAf8/9hAAAABGdBTUEAAK/INwWK6QAAABl0RVh0U29mdHdhcmUAQWRvYmUgSW1hZ2VSZWFkeXHJZTwAAAKISURBVDjLpZNLiM1xFMc/v//877yYMYwxjzzKW8MMG8YkMwgrLJRXFAsbj4VkUpLsJMoCCwuPokyShYRhgabbhBg3N+8xpGtct3ncedz7///v7xyLG9NEs3HqrE59zqfT+RpV5X/KGW348+GyaLylftQNRlXpaV2hKoqqLkF0uoquVdWd+VXrUFWGOm+hordV5K6KhsVKWEULp25qN0ZV6X7SqHlV68j0RHHyynBLasmvWAk5YwFBgx7SP8Kk4y/wu99RMLmR3shlpm2NGBdARYvTsZbk+LqLoILafoK+NtzipRjj4sebCRXOJ3fOdlBL4ulJxMqaPzcobXzcL8EgqBAkbhIk7iDpL6ACKOJ14cWuMfThKKjgdXegIs8B3N/HUNGsrvVBAjCCpMKYnAC16WxnPFCLEyomM5SsBHqGAVZAFcRHbYBxLJACE2DUA02DeFkjaxEr8reBZg1UA9AcIA14KB5qA9R6qAqIQa2ERgKsIOLhFMzADkTA5ILjg5O1eBTLo/X7ePqencRPCamhwh3XockZNpAzyTdXcMfVYUITMK7BuAHG9Xnw2dKeKaNheQN7tuyldnE1TORQ3b6qU38AVRueHxjsvE/yfTO55RtxCsbg5AYYd5Dbr5MsnFuLdSy1lauxJqBuQT3A3hGvrFbKBjruMdBxn1DpNow7E+MMEu9LEDJjWT9vPwAHV11gxqQagPwRgKmbXyUyqWR1b7SZ3shVrD8FzG76B7qJxsKceLALgBMtu/gUjwCkzb/S+PHS3HK1st9xxxwpmt3Iubs3eqMlRSX1NcuYVbGID10vCUda+fa577QZLc5vz0+fYP3McfEzTbu/cgzYAxQB/cD5trOxw78Ay4ZsAbSg5bYAAAAASUVORK5CYII=');
INSERT INTO journalentries(entry_id,journal_id,entry_title,entry,entry_time,entry_date,mins_ran,miles_ran,route) VALUES (138,'Uun-744','quam pede','aliquet at feugiat','10:47 AM','7/25/2022',23.95,4.7,'data:image/png;base64,iVBORw0KGgoAAAANSUhEUgAAABAAAAAQCAYAAAAf8/9hAAAABGdBTUEAAK/INwWK6QAAABl0RVh0U29mdHdhcmUAQWRvYmUgSW1hZ2VSZWFkeXHJZTwAAADqSURBVDjLY/j//z8DJZiBKgbkzH9cMHXX6wcgmiwDQJq3nv/4H0SD+OXl5dlA/L+kpOR/QUHB/+zs7P+pqan/ExIS/kdGRv4PDg7+T10XDHwgpsx8VNC56eWDkJ675Hmhbf3zB0uPvP1fuvQpOBDj4uKyIyIi/gcGBv738vL67+zs/N/Gxua/iYnJf11d3f9qamqogRjQcaugZPHjB66V14ZqINrmXyqIn3bvgXXeJfK8ANLcv+3lfxAN4hsZGWVra2v/V1FR+S8nJ/dfXFz8v5CQ0H8eHp7/7Ozs/5mZmVEDEWQzRS6gBAMAYBDQP57x26IAAAAASUVORK5CYII=');
INSERT INTO journalentries(entry_id,journal_id,entry_title,entry,entry_time,entry_date,mins_ran,miles_ran,route) VALUES (139,'owD-708','quam fringilla','lobortis convallis tortor risus dapibus augue','3:16 PM','8/17/2021',7.33,7.49,'data:image/png;base64,iVBORw0KGgoAAAANSUhEUgAAABAAAAAQCAYAAAAf8/9hAAAABGdBTUEAAK/INwWK6QAAABl0RVh0U29mdHdhcmUAQWRvYmUgSW1hZ2VSZWFkeXHJZTwAAAJPSURBVDjLjZJPSFRRFMZ/7804ODhT42iaxZR/NiEFFVESGFHWTilo1SoqEGplQUQEtnSV4KrARRAELZKgVRshgoggUKgoDCUEIxumxpyZ996995wWM/knDfrgwoUDv++c7xxPVQG4f7mjG3jPRhUHx+cy/EPevUvtB4E7QH8q28r5W8OU8m8AaGg+zMPhm1RKSwCPgInB8bknawFxYOLkmbO7kqk0ZnYKVcWFJQBUld59Ofy2LlT13POnzwaADYDdydQWol+LWLHMPR4FVUDJ61sUJVicp755ZwJI/D1CHABxqLX4me2Is6jK+jmDMlGxvGkGcQAVQaxFTIiYsNbB/6kGsIgz65zvLl8jZpYJIks6244ECgeGuDL2TsUK1ijOuj8Ah1gDziLOgYJvK4xe7SMe8zd1LhQjbox9WAVgDeoEtYKqopGhLuZz+8EnioGjuyXJzEKFdF2MTCrG9GwZZxR/pQMnOCs46xDrEKcoEIRKQj1yrUl+lIRtmThB6NAIvFWAIMahtSdG0KgaZD0gofJ6+icmEha+hXyZj+jZ24BvawBxUnW1DrHVv4uqgZpQ+Vp25AuGjOcxs+DwPeX00VbE1QA4RYwgVlDrUOuQSEGhVBH8UDl1JEt2a5xk0ufYoUaaMgnEKXHgpYmi3oYdOVQUFQEFCnX4MXCR0NFUR//xNqY+LpFWy4meFmK+h2gVMPJicjIN7F+7pqXYAPlCyMjQHlCoBJbrF7pW6t8LITZSPP3H1fVdfPU5Cmxow6C+M9fYKVINWxVUFBEPVPgN0HNzn605xt0AAAAASUVORK5CYII=');
INSERT INTO journalentries(entry_id,journal_id,entry_title,entry,entry_time,entry_date,mins_ran,miles_ran,route) VALUES (140,'SLm-886','hac habitasse platea','ante ipsum primis','6:46 AM','7/15/2021',17.65,0.97,'data:image/png;base64,iVBORw0KGgoAAAANSUhEUgAAABAAAAAQCAYAAAAf8/9hAAAABGdBTUEAAK/INwWK6QAAABl0RVh0U29mdHdhcmUAQWRvYmUgSW1hZ2VSZWFkeXHJZTwAAAHSSURBVDjLpZPbSxtREMbzL4pSpYj1VilUmmpQSCKCSLAgihFTo9Eg0TRZY5LdxJgbKYo+2AstLRbU1nfxrlmTdLPJ55nZ+OCjyYGPYQ8zv/PN7DkmAKZGZGoakN5OKSeqPfAPtk9Ca8ew+g4xvPIHQ94DWJZ/Y3DxJ94v/ID54zf0z32BbXFPpToGODZOKrPpUzxX5pmdCgPo5HrUN7kNBtjW/qKe1TORMwDW1SPeeJ0ucMzlcshms0gmkyhqVSQSCVzmdSiKAlmWEQ6HOa/TkakBxMBolUQyFRRIpQruijp/3xR0XN/ruMiXcXar4fRG4/yOsaQBoGmzpa08x0wmg1QqhVgsxoBoNMoQSZIQCATg9/s5r300YQDoV9HS9Cr+l6vspFRzQgBVOCE3j06uVJ3zX47EDIBl6RdvdG9ec6Se4/E4QqEQA4LBIO5FSz6fD16vFx6Ph/PabLIBMM9/541ypYpyzQWpqD2VKiB54YJEq2VowwC8m/tqTFU+50i9RyIR7pUK6WSKbrcbLpcLTqeT85ot6wagf3a/rnvQNCjh8S1Ib6Z3+Wb1fviMLkcWr8bTYsqbPKg2u4JWawQvhsPCdkicLEHUkCQGNPwaGwU8AG9RQVkc+5PeAAAAAElFTkSuQmCC');
INSERT INTO journalentries(entry_id,journal_id,entry_title,entry,entry_time,entry_date,mins_ran,miles_ran,route) VALUES (141,'l5f-791','tristique est et tempus','sagittis sapien cum sociis','4:38 PM','9/24/2021',142.15,8.68,'data:image/png;base64,iVBORw0KGgoAAAANSUhEUgAAABAAAAAQCAYAAAAf8/9hAAAABGdBTUEAAK/INwWK6QAAABl0RVh0U29mdHdhcmUAQWRvYmUgSW1hZ2VSZWFkeXHJZTwAAAGtSURBVDjLpZO/a5NhFIWfL1bNoFQdREMRRAo62CqIhOImWRz8A9xcNU4uFd1asEs3cXDxX+ggFkTQoZRsUrGDCDpoY4VSEoPRku+e4/B9+UUyFHqnM9zzcM77chPbHGQKHHAmumL51c9eFNkYiAAMlpAhlOkQLNw5lwwBAEonj2CMBQYsI4MHIBJ8/dUeTRA2dm4Q2MbO0+QgyUgmOmMqRGQRsZFyY1drGNIJjQIcyhYNkrDIDeoZu8A0HQNIBQqjfClb7mr1kxiUehSgVITc6+mBzs4rdZOk4wBpChHq9R+GQLP1luaf9/zda9Bq73HrUf3J66cbi31ABBET+avnRmdfudNYpThZo3LtOlOnpnm3uULt09ZCuVo6UegnMBFGKUQ4+5UQaZitnRWuXJwlCsHs2QqRdChfngO43weECZlUzrWIyJLstrY5nBzj9qUHADy8+YILp2cAigNvID5/b/c6S8JhBOz+brBZX2ejvsZ85SVLb+5SPHQU4F+yn2ssV0uLU+cnH8/N3GD6zFW+bH9g/eMaP741l5P9nnO5WloC7gHHgRbwvPasPv8fJZl0Xd9fi4EAAAAASUVORK5CYII=');
INSERT INTO journalentries(entry_id,journal_id,entry_title,entry,entry_time,entry_date,mins_ran,miles_ran,route) VALUES (142,'SSe-901','duis bibendum morbi','cubilia curae donec','11:27 AM','4/12/2022',93.17,5.37,'data:image/png;base64,iVBORw0KGgoAAAANSUhEUgAAABAAAAAQCAYAAAAf8/9hAAAABGdBTUEAAK/INwWK6QAAABl0RVh0U29mdHdhcmUAQWRvYmUgSW1hZ2VSZWFkeXHJZTwAAAGfSURBVDjLpVOxSgNBEJ297B2iiUmToKABCxEVKyGVoJ+QLp1RxE4sRAQL26RVsLHRQouAkMoq/yD5Ads0ErDIQe5udu+c2eTCGU4MuPCYmbvZN292d0QURfCfJZ9eXh9WV5aPpW3bUQigQg0YKFBKQcAgP0AE38eRDcgShp6HX/3PS0mbT5dumyJ/+A5HmQ24337+s6oQAIXFrN28e1yXUjqifHYO9uYHXIgyFGR2JukL83OACoVEreDg6ppYRSosyzKYjhlrO3sgozCETCYD/X7/R1LahmRcLBYhny+ApVQ4kdVut6HRaMx8A0iHbGmtgS7AoFarQaVSgWq1amLHcSb/kqCDMzbAAGSAynxgtFot6Ha70Ol0TMK07GRb3Db6PkiWEVer1+smgeM4kdf0GZgHRAWVGiuIZSUPMFkxLWYFih6WxHELcdVpklgBx0mfLTIBP09mY4LRK0uvGCMm4T2+IgLXdQekIFcqlVKTfyNh6/ueJ3u93s3W7v4J8eYCzUNEw4SjYeIelUbja/KRrlxT1VBzDg68ofsm/jvO35HitdVS/1ysAAAAAElFTkSuQmCC');
INSERT INTO journalentries(entry_id,journal_id,entry_title,entry,entry_time,entry_date,mins_ran,miles_ran,route) VALUES (143,'euF-792','leo maecenas pulvinar','erat fermentum justo nec condimentum','7:34 PM','10/26/2022',30.81,0.05,'data:image/png;base64,iVBORw0KGgoAAAANSUhEUgAAABAAAAAQCAYAAAAf8/9hAAAABGdBTUEAAK/INwWK6QAAABl0RVh0U29mdHdhcmUAQWRvYmUgSW1hZ2VSZWFkeXHJZTwAAANPSURBVBgZBcHdT1tlAMDh3zltORT6Ob4mtWDGMpgiU8LcEooJyiaEGbNkCkaNCVfeGP4Dr7zBG42J3hiVZInTeTMvFAPBYRhmGDBjEYaAMhhtVzraUjin5+M95/V5FCklAAAA4wtjfcCHwHmgAfADh8Ci9OSXn/d9+ysAAIAipQRgfGHMD0wC115PDmjxYANloxbDBuGaCHLMZqeEK9wZIdy3vh76/hhAkVIyvjAWAG731D/XeznZT9nUsLDZKitUSY0Dw0MKmyAGWWuepczSfeGIl79789ahCgBMdted6U0191BwbRxVQQiViqjCoIqCpbFvBtk7DNASeomek+1dtuXcAPAVL+2mgE/eOXPF97erk6VCxRMcmyEKVoCyCZvpIw51HS1+gBLd5GJ9B7Nrf566vji54rsw9uKnrzVf6FR8QbKqANnIU26I5ZyPiqmylj7Gqy6itf6DFdkk7xXxF10665Lq8sP1E37gfDKS4J6RIV+t8qyvDQ/Bzr6NaVaInpSUT0yz5ZXAksSExmbeYuCZbhxLPO8H6mr8tewYGfYtg3DNKUp2mGLRI9pg0hg3yLsvULZW0OQRR08OKJRqCAXDOLaI+aWUiiLBtspIkvgDLlN3HZRgiOyWQJURmhsqhI/6KKcdTJZw7G2QEiGE4neFVyjb5USdL0a4+hw7aQ9lZ502nvB0Yx3rd7LcpwNHFZzzVuloaSOTq2Zx/gGeJct+4Yi/HhZ2E6drksyk59H/OKY7mGBk5D10Xadtbw///CK6A++PXqO6KkA2m2V5eZloNm75ukbOHqzub789fDql3p6ZJb4f4sobV/nos6+4deM629v/0daSwDrM89vsLDd/vEnRyNLfd4nibimgfjP8w7RtOb9Mr/1O+CBINBwFIHZxCMO0GB0dJZVKMTQ0xODgIKZVwdduAhCLxlQ/gGM5785t3rtTT6SLfA4A4+5PKNJjYmKC2tpaAHRdR3qwMvXIGP6AmnQ6bSpSSgAGv3glbKTNnyP/xlOv9g4oiUSSgOojl8uxsbGBpmm0trbS1NSEI5zS3qM95ubmHitSSgAA2tvbfY399eOhx5GPmxubq7UqTVFQeKCsllyfu90pus4qKFiW5WYymbyu61f/B/q4pKqmYKY6AAAAAElFTkSuQmCC');
INSERT INTO journalentries(entry_id,journal_id,entry_title,entry,entry_time,entry_date,mins_ran,miles_ran,route) VALUES (144,'diG-810','donec semper sapien a','a libero nam dui proin leo','8:44 PM','8/25/2021',85.45,9.92,'data:image/png;base64,iVBORw0KGgoAAAANSUhEUgAAABAAAAAQCAYAAAAf8/9hAAAABGdBTUEAAK/INwWK6QAAABl0RVh0U29mdHdhcmUAQWRvYmUgSW1hZ2VSZWFkeXHJZTwAAAJISURBVDjLpZLLS5RxFIaf7/NCZqiZYYW1sEbTKWsTDUS0sFpF/0K7aBftulCbTIQWQi1r0aK/IKhFIBUodlNKKtBIy2qsKUPLacbvdy4tRmuhSdDZHDhw3nOelzdyd/6nypcbXnx25oWZplXNVfXOpUzvkb8JxEuXT9djpFvXtJKqSUWimlnpgyUC53f3fEskyQcP5JM8IjKykkDk7nQ9P+tmiqqhpe5ta7dHYsLzqZFZEVVVjUWE60dvrl3igZrSUp3C3DB3HIvUDHdoX99eq664G4/Hh5Y3UVVRN8yN7NwkM8UZxAVzJ47KMHO21qYQkeURzj085apKTUUtjdWNvJoeQV1LOF7Cqsy9ZT4pMB1vQkQRUW4fvxvFAJcyvVHPvitRbi6HmhIsEFQQE4IJwYVCmKepoY2Kwhsy6T2IytIciCjqiqhS+fktZglugoqwsb6Ftg17+VHMc2/wGlq27Y/Ayb7jLqLUrapDzQgeiC3hUPrYbwTDyc6+Z2fTPuaSAkOTD+joimvLFy+nG9tQnInv47TXd/Dywyjqxrvp1wQTxAJBA9/nf7B7837mwk8eTfRPlwMEEQTlWW6YHQ27GP80QVGKiAqNNVuQBTOnZiepX7OB4fcDDLzp/5IIh0sfBEHNSK/rQNTIfp3Cpeg3Bi+TWBIVJWFrQ5pM82GevOunb+zup0TozHb7qwUE4cnYU0QVEUFEi7dOjFcBHLx6QCtQhj88jKO4ivtjfR8TozPb7aO/c/Av1XwhyquVrS6YNue6fWJx/gvSRpXk80tR+AAAAABJRU5ErkJggg==');
INSERT INTO journalentries(entry_id,journal_id,entry_title,entry,entry_time,entry_date,mins_ran,miles_ran,route) VALUES (145,'frO-305','congue diam','amet eleifend pede','11:52 AM','5/31/2021',113.7,4.69,'data:image/png;base64,iVBORw0KGgoAAAANSUhEUgAAABAAAAAQCAYAAAAf8/9hAAAABGdBTUEAAK/INwWK6QAAABl0RVh0U29mdHdhcmUAQWRvYmUgSW1hZ2VSZWFkeXHJZTwAAAKoSURBVDjLpZLbT5JhHMdZ1/VP1Cqrtco21kU3zevWVa3NXOuuedVmoU2jUR6CoRwcw1SYHIzJQQxBUXgLXg6Ga+mIwkBBBp08pYGvEOa393nbWC5Xa1389mzPnu/v+/t+nh8PAO9/6p8FBoMBWq0Wvb29UKlU13ihUAikAoEAfD4fKIrC5OQkxsfHMTo6CrvdDovFApPJBL1ez70tl8vI5XKQy+UxXjAYxPb2Nkql0h8rn89Do9G839jYwNzcHGQyWVoikdTzaJrmLrLZLKamppDJZEDu0uk0PB4PkskknE4n98ZqtSIWi3ETicXimgoDr9eLcDgMl8vF9/v9sNlsfCI2Go18EqOvr49PxEqlkj84OMjlb21trao0cLvdiEajHINUKsUxIM5EHI/HQTmUmKcFGHqixezsLHGHUCjcv+sXRkZGUCgUMDExAZY03+FwECf+sNWEhLs2vZq0YMZeZ+zv7ydi/PaNbK6W6elpJBIJEDFxNpvNiIdUWI4bUS7M4/XwFbwKO9DU1LSz5x7odDpCGj09Peju7kafqg1R62UUl50ofujC2oILkaGbENxp2PnrIr21Xdr3xnzRsPLOimL2AehHZ/Ft1YoZbQ1kwutfdzUYGBg4ypJ+rFarCWl0dnZCIxcgTTWjtKQHM38DdMcZbGUasZ4ag6frwveI4tyBSgMWVgs5FQrFLalUuigVtzWwTi+/sOC2Fm9jM3H1ZyXr2ChyZPxKhCTVwkoDdqdb2LXkFiUSiWBM14wM3YXSJzXnvpmsZSNUcyeTqgfz8Snohyc/+0Unju/K3d7eDpFIhJD8/DqzsoDSGoXiEstgyfJL2VDOx5B7YcSz5iOWPQGy460EO04zgbZTDOvEsE6M7/4x5vm9KoYVMdTdwwzVeIjxCg4GfgDxYPxXmKLFvgAAAABJRU5ErkJggg==');
INSERT INTO journalentries(entry_id,journal_id,entry_title,entry,entry_time,entry_date,mins_ran,miles_ran,route) VALUES (146,'9IC-913','eget tincidunt eget','volutpat sapien arcu sed','6:55 AM','10/23/2022',21.72,4.3,'data:image/png;base64,iVBORw0KGgoAAAANSUhEUgAAABAAAAAQCAYAAAAf8/9hAAAABGdBTUEAAK/INwWK6QAAABl0RVh0U29mdHdhcmUAQWRvYmUgSW1hZ2VSZWFkeXHJZTwAAAKgSURBVDjLlZLrS1NxGMd90ZvovdEfEBEUEhZIb0xMjdyLIuyGkiHGUFKydFKKJiRegjIyFJRwojMxzfJSaVOYeTfxtpSNuZ1tXnY2z27nsss5334uWloG9uLD7/A7z/fzPPx4IgBE7ISl3qWyelUvu9JIueZqeOdUmcCMFDgcQ3fntjSK0j/rwx+csesIZ3jbL1j6EbCPIej5DpE3QRIoBJ3LEFb74BjIxkbXVYNdrTixS8Ca3h/y6pSTfloD0UcRjCS8BJGbRdA7QRgjd1pIfhruyeewKOMdm+rCw2GBV1tXKZh7SIEVoqAjpwVS0AlIvhBSkCGyeQRcPYDogO1DNixvrveFBa6ZCkuAmSe1OtJpFVLATkJboWCIAE3+GYngI6ENgnUK+hcxfFiw9fWRT+RWEWTHEeRmyPhaMvYCgu5ZEpgkbzCCgPszBNsr8NY8iF4Ky5WnpLDArs41+zYnSPdF8OYi0qEcTHc6mF45mJ4M2Ftl4C1lYPU34KerwFNTWKmO/j2BfbiwghmvJuPawZsUsNVHgTPlEx6ANcjJeR9r5QfhWUqEJOlhbc+FoV42FBY4R0sPbPbKlz2LLeQB9aCbYkJhzpIFlkoDZ8zDRk0kRHYYrm8d0JYeEyyduUd37QH9pTBqvSOV9iy0wtmZ+VNAOm+HOeM92JtlYDQN0JYcD1BtmTf/WqRtbJ/yTxtUt9fXGhPBq5MhriVBtMYhoLkMQ1Ek5sqi3eb2O4l7buIvhlRPkmsfZ/ibax+iruosnpacQUFOOq7Fn5TUypJz/1zlnRQr5JSypRVKZRvq6htR/ewlriTH03vV7ilQ5NwaHRgchM1GY3p6Bq+bmpEii9XtWzCgqkhLuXSBTUg4L8XFxUoXk2K57obirH0L/ocfNQ8V8wE+uE0AAAAASUVORK5CYII=');
INSERT INTO journalentries(entry_id,journal_id,entry_title,entry,entry_time,entry_date,mins_ran,miles_ran,route) VALUES (147,'8jq-863','in hac habitasse platea','consequat ut nulla sed','9:49 AM','3/29/2021',26.45,1.43,'data:image/png;base64,iVBORw0KGgoAAAANSUhEUgAAABAAAAAQCAYAAAAf8/9hAAAABGdBTUEAAK/INwWK6QAAABl0RVh0U29mdHdhcmUAQWRvYmUgSW1hZ2VSZWFkeXHJZTwAAAK9SURBVDjLpZNbSNNRHMf3JPYUBUFIT/USRCsiCKIeWhc06WUmicvNXdVITLDUKWmMZTJKZQ7mZDbbhV2au9aczjkvbU4tp3MqaWi28KWZ9zmWfvtPIgrEoh5+D9/fOd/P75zf+R0SANL/xJ6LIyMjSUNDQ/v+CVD44h29TNG30ubyrQnMobV7yresvwYQ5owS3TDuawcgso6hyj6JhL4tsmf8EUCYyYUKHwSdIeQ+1sNoaw8Uyft2NF1kRnqxlLwnoKvXqxWqPGA3vEJlg2Y4kXvYZB5IaIm0GlPqLExbhAjIr2FUcoJOCgaDUqJZE0SzJrxe70xPT892JBJBk9K46ff7odPpQOSgfV4UW3CXYmnMDqx+xtexl+gVpccSnW4Mh8MgAPB4PFSfzwe73e5zuVzQarW3rFYrvAbqsy/jVYh9smLBI8JGsA3f5voRaOFtk4gqxwYHB9Hd3Z3idDqTbTbbGaPReFij0ZAVCsX+4bbrdxbHK7e2Nvqx8eEuIoOFmFSyMdyUi0cPCjw793a73csEAEQ1akdHB9RqdY7ZbEaXKqtmMViOragP6zMMROdpWJngY0ZKWdK31KOgoKBsB+BwONotFkuKXq9PVqlUZLlcfqit9kLZwlDpDzMd0Y/ZWB6vwLSEstYpuJqan58f43A4qTsAk8lEJQBQKpVUg8EAnehGXai9BFsbvYjOsrE5n4Ml4iTvJVdidUI+8vLyctls9iyDwTj48/laW1vjzc3NybLisxWh13yMOuoR9mdifZaGSKAMU2JKxFSdfo7H451msVg0Op3e/9scyGQyiMVi6GsvAytzmJLdhJufgjfSNDirz6OyiAkulwsmkwkCABqNZtt1kATcE/GYrxExfwP8wkvQc46sOsvJp37dk52dnZSIXQGZFw9EaxjH411P0uKup5QeW+nJo3v9xu8f/sicYEnItwAAAABJRU5ErkJggg==');
INSERT INTO journalentries(entry_id,journal_id,entry_title,entry,entry_time,entry_date,mins_ran,miles_ran,route) VALUES (148,'0bC-169','sollicitudin ut suscipit','at lorem integer','7:12 AM','8/21/2022',97.41,9.89,'data:image/png;base64,iVBORw0KGgoAAAANSUhEUgAAABAAAAAQCAYAAAAf8/9hAAAABGdBTUEAAK/INwWK6QAAABl0RVh0U29mdHdhcmUAQWRvYmUgSW1hZ2VSZWFkeXHJZTwAAAI1SURBVDjLhZNNSFVREMd/53qfPo3nwq8W1SJaVBKtVAxs56KVIdKiaBct24dBtIkg2tcuLCFavCCiNm2ChAwJQlvlR+LC/OhDffrevfecmWnxUlGe9YfhDDPwmzln5jgzY79G36/dNuO6mB5VVcppIPVCEP1rggRDVCdiakjNbgz1FNr4j+48nzlbEyCqbQAv50YIGthISpR9BS+BoIEggZvn7uK9NBwAqF7rSue1A6tvJQEfhNoAUQCeja0cCBjoaiELQvz1dffnfHNnp3PRTjLIvR3/cl8HxfFlhnoP7wH82EiqHTiLTh3re5xzzoEBGP7NEmpGXAfFDyvgoDi+TBw5MCMXw+kjTWReiAmWoFlDuvQQyeogakakHwPiOsdgT3vNDmYWNwhBifEuMs2QrB5TQysLHEpmKU284MzUKNMTcBaY/rRv1ANvMZQYZ3kNFba+r5Auz6JZmQu5eVq7H9DSdRXJMrwo2/sW5VtZHTkPQGPsNMZHxI0dtPcOAwpmTH5bZvHLO7xPEVXSLEMkxdSTa73ICWD4yRRrpeRVjDczSdDyJCbrmJQ42TgPecU0Aa1guonJJiZlGo9fYvYjFG/1OYCYFDMNqF/FwnoVoilYAEsxLWOyhYYSJiVwbs9bxGRmDsHCLyysVU3Wd2GhhMkGJluYJmi6AJDsACzT36H8s8lv1hfQQmSWAy2AtWGSAhkWVU8XCZIkZpmmu4AkvT/3aLAHox9H4Z/fzwA3lqH2dDv0B6mSc8HU1qcrAAAAAElFTkSuQmCC');
INSERT INTO journalentries(entry_id,journal_id,entry_title,entry,entry_time,entry_date,mins_ran,miles_ran,route) VALUES (149,'Uun-744','amet','vestibulum vestibulum ante ipsum primis in','7:03 AM','5/1/2022',89.89,5.48,'data:image/png;base64,iVBORw0KGgoAAAANSUhEUgAAABAAAAAQCAYAAAAf8/9hAAAABGdBTUEAAK/INwWK6QAAABl0RVh0U29mdHdhcmUAQWRvYmUgSW1hZ2VSZWFkeXHJZTwAAAIsSURBVDjLpZPNbhJRFMf/w9fwNUiVlZWPncSmqemm7FjZaGJcsdCkS17AJ8AH6BvU6BKfgFIXLqArTQngSoPUDSGEhAUCLQN3xnPOMLSJGBdOcnK45J7f+Z//vVezbRv/8/luLxqNxvvlcnm0WCx8lEFZwjRNzh8KhcKrjYBWq3WHCt7G4/GCrocxpyJYFkQbKdzaiuPs7PQlrf4ENJvNp1ycSCS2I5EILn/2wN0ty4ZlWwSyoQg2n883j0CbT1OplCyurq6xoOKvrQsCWOt4cvhMxtgI4BkDgQDG47HTWSk82nks3e1Vdzb6rwqYrKiIN/GBsPRW8wtlJd35ixl5JJNJVKvVIf0XpP0/KH+kfCIKHK9sATFgZ3dfuosH9gJGNIx8Po9oNJrweDyYTqd7g8Fgr91uv/C4szkKWDJBlDP70LjEtZoik8lA1/W1bB6ZFVHDhwJYF6sb4xj07tsJzKUp3vR6PQyHQ/T7fVBnuR+s2MPmuLeRJcvxWU5+fe8NQlpYOrJ0PubRaIRgMIhYLCYAMZE3eL1eZ27FrhOAVdEathK4O6rrGX+sjBV8rtfrmEwmMAwDwZBON1ATkFoZ627m36trfQMoFosHnU7neaVSuTg/r0EPaMikHyCV2kY6eZ/tFfmscjabwe/3IxQKCYDH126/xlKpdEj0Y4pd9zFls1nkcjmk0+m1F6yi2+2iVqt91/71nMvlcoCkFymOKO4S2EedfxHkE8Xxb6/5rMKMZgtBAAAAAElFTkSuQmCC');
INSERT INTO journalentries(entry_id,journal_id,entry_title,entry,entry_time,entry_date,mins_ran,miles_ran,route) VALUES (150,'CTc-262','diam','sapien ut nunc vestibulum ante','9:09 AM','3/22/2022',50.78,9.59,'data:image/png;base64,iVBORw0KGgoAAAANSUhEUgAAABAAAAAQCAYAAAAf8/9hAAAABGdBTUEAAK/INwWK6QAAABl0RVh0U29mdHdhcmUAQWRvYmUgSW1hZ2VSZWFkeXHJZTwAAAJCSURBVDjLlZO7a9RBFIW/+e1ms0kMmOCbRKKGaCBBUCsttNM/wU4UsRQUQQSblIKWFpGIiLVYWQgWsRIRxFc0PhOMhSjRDZFkZ+5jLFazWWx04HKq883cw5mQc+Z/z9T105fc7ayZLpb/x/j6xpl37jZYWb+JmdkpeouKrgDGxsayu/NnzGxFT4xkCpzKuk2s2TaIm5NnXiASWQGYGX19fQCEEFo055f07DsABOLPeUwiOTsiSrEakMlM1u+tmP+MmeFm1GufkaUFXBLZ7e8X3F++y0KqETqbZgDVhJtgmnBNQCC7k1K9CZjufcqWjZvpsbXc+jiBqaFimBpX+/eQVXFJmCbIDYDKb8CRK4eeD/QPMDo0irqya3An4oqYcPv2HeT3zSaRrHU2rv/K+6ykFCkfvnzw5sCWgdHRoRFq9RpLsoSYkFzoKq9B1RBJmCqWIt1dP+hdO09baZlFqVPcO/fg2JuPb6cePXtMEUq0l6pUyx1USx1ES6gYInVcIyaR2vcSs7PriKmtGeLkxYcjB8/vz8v1ZVSVDx9mMHVMDTcnpYir4BIxEeZjGdwRSc0Qt3/dyUx4S5FLnNt7oaUL+upaIwMVTCMhlHF3VFOzB6rK8eFTZMstHQghkCQ2zBJxSY0e5AagvBpQFAUndp9q6UAIAZHGCp09/bgKGpcgf8FMCePj43l6epq5ubmW/q/Wo9tn6erupr3aRaXaSVulncWfNT69efIt/Mt3nji5dYOZ7jCTYTMdcre+olw5ahIXfgHcTaP3d3vNvQAAAABJRU5ErkJggg==');
INSERT INTO journalentries(entry_id,journal_id,entry_title,entry,entry_time,entry_date,mins_ran,miles_ran,route) VALUES (151,'Uun-744','imperdiet','ultrices posuere cubilia curae nulla dapibus','5:57 PM','6/3/2022',51.84,0.18,'data:image/png;base64,iVBORw0KGgoAAAANSUhEUgAAABAAAAAQCAYAAAAf8/9hAAAABGdBTUEAAK/INwWK6QAAABl0RVh0U29mdHdhcmUAQWRvYmUgSW1hZ2VSZWFkeXHJZTwAAAI9SURBVDjLpVNfSFNRHP7u3MiHZqJCumZZamVRaSas0V40i4gKeoreIjKI3iK40GsPEpQEIRRBj/17kYKMSodlZk8rmy42mUjjLrfVnPt/77nn9jt3NSFfFH/w8f3OOfd+v3/nSIZhYD1mwTrN+s8JBoOXNU0bIBTJcoVCIZ3P5+OEL7lcLkacIg4R3sqyzFYI0Ad36UcQZI/Hc3/NGWQyGRtFHSahp2spQRoLsx/EzmzICxJA9Z7j0HUOZkKHxnQwTYdKrGlizUxWS35ECBibremyopiKGAwX4Ia51omFL/Z0zk2f9DEW+L08hRaHHZFYFq1bqjC/kMbuxiqElSXsbapGKJJCe0sNAvNJdO2qM/dEhqrKIHlnVcogg0g8ayqLAxGRiSjlUowytzfX4uDOWoz6ohiZisPCWCml7o4GHO10UK0cJ12NKKo6znqaUFA5zvc0Q0m8R0i5hYev+3Dpzml8mnls9kN65c8ajso85qJLYExEXo4qMtCIo79GUGH3obPtEJw1rfBOD2HS/wHFpBtWs8sU9dThrXgyGsa57h0rRtU3cB1nuo5Bt+g40NCLdzPP4drnxrOhYVhVjYHZOD5/T2BbvR0f/QtmhznnJaYpxBajsEkbcaLtoil4recBXn4bpLMXsBZVlghkjbr/5lvy/96BZHoR08oEvirjkHsfof/NBVRWbIAk2QxpNa/RddVx07l90w33/iNore9A6KcPE1PjiMylbkurfc4k0k90hWAniJs3OHlPkf8A2YeC/G6HEpkAAAAASUVORK5CYII=');
INSERT INTO journalentries(entry_id,journal_id,entry_title,entry,entry_time,entry_date,mins_ran,miles_ran,route) VALUES (152,'GXK-432','accumsan','ipsum integer a','11:40 AM','8/10/2022',145.61,5.35,'data:image/png;base64,iVBORw0KGgoAAAANSUhEUgAAABAAAAAQCAYAAAAf8/9hAAAABGdBTUEAAK/INwWK6QAAABl0RVh0U29mdHdhcmUAQWRvYmUgSW1hZ2VSZWFkeXHJZTwAAAInSURBVDjLpZNBSJRBFMd/37papinFUgZmYESIFiGRYdQhynueig4eomNE0NmDidc8du7arUNFKJSpIKQHAwlNKkUzTVdd3W++mTfzOuxK2RoEzeENPHi//3/mvRepKv9z0gD65aVK7geqFhWHeoeKRSVBfQLO4MWgEoMz1HY+jXYDvFDecrOErgoRFAOgkH12q9RBsr5ApSoa4kI2AtUARCi/CFFqH+riPZ4gQrBLSG4MQoKqLdzBQjBoMGiIqcjcILj8HgCfAIIGA+qKRb8XGzTkQQW1eziQrdWC5V3KMSGYIiSGEBdEZLsUELzBzLxDkk/gLajgzSb7TxwpKAdDz8QUWfOAR3/8QQrAx6vI5gLVTbepbuniwOlrEBzq8xDyqM9jxFKfaeJ+ZXmpg0gVtzxJdmCYmva7RFFEz/c5WJrFBsGKcOzQKZrq2siZbTr665wRWzH0cE3TO/0+2NbF2kA360OPqb1yDwmW681deA344AkoixvznKm/xJaN0+Nzb+3Z3lRFGgAxRGUpqlrvEE+9IDf6HCMWr4GvqzO4IEhwOO/YTHKcO36ZLZdPj30eNsU5MGRf9aNiUBdj4w+Y2irEC0drGpDg8Rr4tjHH4eo6JuZHGJkd/miF1uhvy9T5pNEba7HBYsRyMtOcutjYwfu5UQanX09a4cJinybRv25jS29q5XzD1cyb6cFxG2hf7FNbbMC/ARq7oxUfyjJx8OXLfSo7+Z9JyXr5I2wfSAAAAABJRU5ErkJggg==');
INSERT INTO journalentries(entry_id,journal_id,entry_title,entry,entry_time,entry_date,mins_ran,miles_ran,route) VALUES (153,'y9I-479','porta','aliquam erat volutpat in','9:31 PM','9/3/2021',112.83,1.19,'data:image/png;base64,iVBORw0KGgoAAAANSUhEUgAAABAAAAAQCAYAAAAf8/9hAAAABGdBTUEAAK/INwWK6QAAABl0RVh0U29mdHdhcmUAQWRvYmUgSW1hZ2VSZWFkeXHJZTwAAAMNSURBVDjLdZNLaFx1GMV/d+bO3DtJxkwSSWNq05YkrTVa04qIiOiiRIxgE2ohhUIKRQQFBcGiIiJiFaGIYEFERFy5dCE1pQ8JIbSEJhG66GM6idOk6Uwyec7zztz7/z4XlSw0nvXhx4FzjqWqbKXb517rQeRzFY2ryPv7Bkf+3Mpn/RuQHDncqqLvqMjbLZ2DCVNZZjV9uaii36uRr58Yunx/S8Cd8wMRVT2hIqfi2/u6tu17nZAYiplJIk6YpdQo6/em7qrIGRX5sXd4vLIJSJ4f6EP0Y6ep94Vtjx3BbeoGrRGs3eGv0dPsePx5QnU7qZZyLKamKORuTqgxpw++MfGbdXvk8E+IDD/cNWS5zU/iFZbZyN3E1Ir4pQyOVaWtYy94a4QbOgi5cfKZJIupKcprd3+x1cjxPYfOWn5hmWJmFKnlcco5yvkM+fkFDg59SyRWD6U0Wkph5ZO0tO+nsRmmf589aqtISbEao65DvLmDSu4GdU0JEk0xYpTBmwMTBW8BKvOUsxMU01dwdx1BjZRsFQEBrCiRxm4iThxvaRIpLhEJg1WegZBSy16ikF8niCUg6qB+gIpgqxEe9GBAq2DX47YeIIjGcL0VJHuRDb9A4DZgnDhSrkGgSC1AjcFWYx4UqgbEBymDVrEbthNv28PG6iR+yGVlIsfKtTm8xXVCD0VpfY5/EojEQpEIEINgBaQK4oGpgttOoLA6sUIt6/L08Q9xdvdQuX6BG+OX8IP1+pAaGZsd+4bK2hw47RCuA1MD9QFBfSFzJUn3S0dxZ0axfj5G3eyv7Opopja3HthizKuF+fHhW+mxU82dh7oe3d9POL4XyinwSpiqj1mr4bbthv73Nidsf/oIIU+czSlP//Bsq4q8q0bean9qINHe2w++R37+KtOffckzrwxSP3eOaiVLGSjkw9yaYeE/Z7p29kCPGvlIRY51vnjSqiylmb/4B3be0x0tgWWH7lHIBaQXw8b39BPr/+589UxPn4p8gEhURb7ierWntHr/zbCxdpqwLih89/KF4Iu/AXSvuZLBEiNYAAAAAElFTkSuQmCC');
INSERT INTO journalentries(entry_id,journal_id,entry_title,entry,entry_time,entry_date,mins_ran,miles_ran,route) VALUES (154,'0bC-169','diam','dui luctus rutrum nulla tellus','3:12 PM','8/17/2022',4.02,0.36,'data:image/png;base64,iVBORw0KGgoAAAANSUhEUgAAABAAAAAQCAYAAAAf8/9hAAAABGdBTUEAAK/INwWK6QAAABl0RVh0U29mdHdhcmUAQWRvYmUgSW1hZ2VSZWFkeXHJZTwAAALoSURBVDjLjZNrSFNhGMdHJfVl0peCKAKNoL7NopQ0CCqRQrxlUVoxK6eZk0oy03Ap5rXSYZsiedsWuYhGopgaqNNlrTR0uUtuuOl0lE6n87Kb/857aKJJ0IE/7/M+PP/feZ73nJcBgLFWCoUiuLOzs6K9vb2/ubn5l0wmm5FKpVqxWCyUiIQn/q5fDZRKJZMyCyiz02QywWq1Ym5uDgsLC7DZbFCrhyF8nu+qEuSJKviFvusAf8yter0eKysrWFpaAoEYjUZMTU3B7XZjxb0I16IWnR0vUVKUIS8seOi7CiBvJman0wnyuFwukP3IyAhmZ2dpqGNxAsv2YXiWf6CtpQ65OakiGkCZg6i2PXa7nTbMz8/TELPZDI1GA5J3u11YsGngsKvpLpyU7txO8qTfTQlmUGbB2NgYiLRaLW0iMxPQ5OQkHTuWbRRARRlNVDxNdeiAXC4Hh8MRMFgsFv5X5GwIeGZmBgaDAWw2+xsNUKlU0Ol06OnpQUNDA11M1vHxcTpP4uSaQNyoDYBOr8Xo6CgsFgvi4uKmaAAp8poIhIjkvHmysqsD8KjpEi5UHkDv4HdojBOIijk/vQFARPZpkuPgioLAqTuMhBcsZL+NhVRZjvTXEQgt24WmTwMIizg3vGEELyhFFAhZvwBvvlbQxlfKMpR1pKP+YzGSJKE4WrANp6PC6v95iNeoeYn5aVsailpTkN+SCF4TG7nNHFR25yG+LgT7cxge+kfi8/mCrq4uWGapT2kexLBxAHHVB9H4uQySvieoVxSjpreQgtyEsDsXiZIw7HuwZWl3JoNFA0pLS5l5j3M7Gt+JYfippiHRQn+cKd+DU892IqRkO67UHoOgi4cEUSj8M30cfqnMI+suE4/HY97PuledzE10yd5L0TfUjSHDFwzqlejp/wBW/lZcrT8Jvwwfu98t30MbbqNXXG5qSGLy9arLCfGq2IvR1siYcGt45FmVf/Ym196szdiRyfBbW/8bMwbKi+1SPUYAAAAASUVORK5CYII=');
INSERT INTO journalentries(entry_id,journal_id,entry_title,entry,entry_time,entry_date,mins_ran,miles_ran,route) VALUES (155,'fa4-985','fermentum justo nec','est phasellus sit amet erat nulla','5:59 PM','10/21/2022',17.26,7.23,'data:image/png;base64,iVBORw0KGgoAAAANSUhEUgAAABAAAAAQCAYAAAAf8/9hAAAABGdBTUEAAK/INwWK6QAAABl0RVh0U29mdHdhcmUAQWRvYmUgSW1hZ2VSZWFkeXHJZTwAAAI2SURBVDjLjZPda5JhGMZX/0AHnRQldFwjCs0maplQE8mJ5Wxr6WiWa7XaAoVFrSTbWFpslQ6NDjroAzJYnZQSHQQj6DBaBx7awcQv/P52XT3303pn5GgvXAcvz3P97vu+eO4OAB0k9u1kEjNJ/6NdTJsFXwtAXK1Ws41GY6XZbKKd2Dm8Xu+DVkgrQErmYrGIUqkkKJfLIZPJIB6Pc0gsFoPP5xMg3OxwerZaRx0122UHvn6PYHB4DEO2S6hUKigUCshms0gkEhxQLpdBRQKBwG8IM25x3vPPumafQHP8BBY/f0G3zojr03N4NO/nHeTzeSSTyX9G4plM3vWJTBZbYWxiCvIjWkzO+KDSmmB3PYSqW49o9IcwSiqV4p0sLy+vASSyQ1M64wDmnr6BwTyC8/Zp9PRZMeN/Ba3hNG677vDwCEKdUB7pdHoNwKpn+s6OQKM3QaPVwe32QKZQQaE+BnGXErv3dIKFyyE0P2VCIAHAMqguhBdx//FLTNxw4tvSEiznRvFs4QM8/hfQG07yy/V6HbVajUNIAmDwwlUE332Cbfwa+s1DeB8KwWy7gudvP+Ki/Sb27hPzy9QFAUjUjQAwDlh5dcvwOOSqowgGX6On9wxuuefBxsO27Tu4mTogkfkvQJdSHVGoNZHO/Qeivaf6EQqHIZMroTyshkR6EHKFQjC3SgCsvsJN9NPu+VL1dloP8HO9PWijFQGwCpGwgEp0sBEzu1vg29sCEBFkA+v8R7T6ol/92Z1dPFeoPQAAAABJRU5ErkJggg==');
INSERT INTO journalentries(entry_id,journal_id,entry_title,entry,entry_time,entry_date,mins_ran,miles_ran,route) VALUES (156,'Xf8-521','enim blandit mi in','praesent blandit lacinia erat vestibulum','7:52 AM','3/5/2021',112.69,0.5,'data:image/png;base64,iVBORw0KGgoAAAANSUhEUgAAABAAAAAQCAYAAAAf8/9hAAAABGdBTUEAAK/INwWK6QAAABl0RVh0U29mdHdhcmUAQWRvYmUgSW1hZ2VSZWFkeXHJZTwAAAD4SURBVDjLxZMxTsRAFEOdaAU1ogs0XCDKkTgKdBwFcZooJRINK+UGNJtvm2I20WQzEcUWWBppUvj971hT2cY1qnGlDgAwjqMlYT4kQXJz77quKgIkoWma3Sm20ff9/gYkMYNK5rquERF/Ay6NuUji9eNo0hCBCOLt+anaAC6N87ckPNzdQDJI42uM7Qa5ubRBhBJAxjRxDZiz7im1kcyiEeE1YBiGYoV5tRECleKcckDbtku/L+/ffry/XbLOKyu/C2AeIVcEVllFL1MlQEqgIMqA00SQh+JU8QyxEaKLgCmEz+MPQgApkDj/g9Q/bViCgQoAqn9/jb8mSSzHKz3sXAAAAABJRU5ErkJggg==');
INSERT INTO journalentries(entry_id,journal_id,entry_title,entry,entry_time,entry_date,mins_ran,miles_ran,route) VALUES (157,'XT5-942','in hac habitasse','bibendum morbi non quam nec','9:41 AM','8/17/2021',75.38,4.61,'data:image/png;base64,iVBORw0KGgoAAAANSUhEUgAAABAAAAAQCAYAAAAf8/9hAAAABGdBTUEAAK/INwWK6QAAABl0RVh0U29mdHdhcmUAQWRvYmUgSW1hZ2VSZWFkeXHJZTwAAAJOSURBVDjLjZPbaxNBFMarf4cFwb9AIgXBR18Enyw+i1gs4g01kphSlPjQeAtNzNqGNLVpNCGhEvBS21Rr0ZIK6ovFiKbNbXNpdpNsstncUz9nNiauErEDHwMz8/1mzjlz+gD0UZGxh0hFNPAf7SXa3fUpAKparVZoNpvbrVYLvUT2YbFYTEqIEjBAzZIkoVwud1UsFiEIAjKZjAxJp9NgGKYL6Zh3UQA9UK1WUa/X5ZmqVCqhUCiA4zgZUKlUQC+xWq1tCAUM3v6+74hu2cH4eUz6OcwFcvgYEmUANYiiiFF3Aq5XHIJRCeqHLOJbFcg5OW6Mqm495fL2NznYl7OwveYxsZSF6QUHEpIc9+eQgOvuFL6EMjC6wrg4GZZfIwOGbazX8TaPY/qAr5Ms72oOBt8WknwVem8KWmcCY0/S0E1HcXYyhjNMBAYH2waYF8izl3I4eGLqmjLjz9by+PRNxCMS0k0C0c+yMDjj0MwmMOGJ4+Vqtg0Yn+dwf5HH/sG75/4uWzAiwbfCQ+dMYSGQxdhMHMPmMFY+8MgX623AiDu9+YAADg35LErzHU8SGkcSI4+T0DoSuGRnoZ5mcdIUwdC9zd85OHpjQzP+nMOVmZj4NSZBKNVh9LbN6xslnGai8CxmMP+Ol81criwntgugZTysDmovTEXEUVcKV8lt520s5kjJvP4MTpkjyApVXCZmvTWKRqMh6w9A5yO9Xy9ijUgZCi1lL/UEkMUf/+qDHtruAn5BDpAvXKYbOzGTsyW5exWAfgrZQTt3RFu//yfHVsX/fi5tjwAAAABJRU5ErkJggg==');
INSERT INTO journalentries(entry_id,journal_id,entry_title,entry,entry_time,entry_date,mins_ran,miles_ran,route) VALUES (158,'euF-792','eget massa tempor convallis','tincidunt eget tempus vel pede morbi','4:13 PM','1/18/2021',131.18,2.84,'data:image/png;base64,iVBORw0KGgoAAAANSUhEUgAAABAAAAAQCAYAAAAf8/9hAAAABGdBTUEAAK/INwWK6QAAABl0RVh0U29mdHdhcmUAQWRvYmUgSW1hZ2VSZWFkeXHJZTwAAAK2SURBVBgZBcFNiJRlAADg532/b2Z2Z9fdUdfWUlwNooJIFNryEEUSBAVCVy9eIrwJngqCwI4Jdg46VBIdukRQtBAdOliUHQ0qlbXE9afdmXVn5vt7v54ntG0Lznx1axWXHh/MnBhXybhKqpRM6jTENu6jwSYe4DN8nwOkun7+6P75E+df2gcAdsq0OC7T4ua0OVhWbBeNm/cf+vbvnVdxLgdIdb280A3g1lajE4I8kOX0OtGhXpTFqJNx7OCsxxbn9nz8y+2LEaCpqoW5nDqxXQbDiq2C4ZThlAcT7j5swDuX1504MueZpc6+HKCpqj27utFOwc60EWOQI8uIGZkgCySEZuTK9U1X14e3c4CmLJcXZzPDSW1ctGJsZZHYBFkk08oytJmNUeGjtb9GOJMD1GW5srzQMZy2any99qddPcZlbfd81+27EyEy38882u/aHE0Wfvj932EO0JTFyv7FnmsbjRCZjKdeWX3SqePzvrnyj/dOPw0APv3xnpTCzxFeu/DdrKbu9jpR2RC1xkXlv+0arP26AWBaMyq4t1UKIYlQF+W+XiAGErTEGGQtVZNcPHtcSq0mtTJJP0+KojDaKeXQlEU/n+vKI1kMmhTMdKJpUfngy5tioG6S1CQt2ralpd9J8hfPXV7ChdWnDrkzat3caMzNUKdW0dSy2EEraIQQtKnVtkldV8qyljdleRKv/3bths1J7mHRqprW9rjSCbmzb+xSpxKRljYkM3nXh1+sezDakTdVdfzUy8/Ovnv6BQDw5vs/yXQkE59cfdtS/5Aguje+5a3nLolmjItS3lTVjTv3hz5fu2YwP2uwMGMw15PnmcP7WZ7fdvLoqkH3AJGt6QGPzNX6XfIQhGOnLy3hHFawF3uxO/aPHH5iZU9n0BuYyRfUqRJSEtpGCmN/rF93d1T5H4CHTHMseNtCAAAAAElFTkSuQmCC');
INSERT INTO journalentries(entry_id,journal_id,entry_title,entry,entry_time,entry_date,mins_ran,miles_ran,route) VALUES (159,'CTc-262','felis eu','ac leo pellentesque ultrices','1:18 PM','5/24/2021',68.48,7.02,'data:image/png;base64,iVBORw0KGgoAAAANSUhEUgAAABAAAAAQCAYAAAAf8/9hAAAABGdBTUEAAK/INwWK6QAAABl0RVh0U29mdHdhcmUAQWRvYmUgSW1hZ2VSZWFkeXHJZTwAAAHaSURBVDjLlZO7a1NRHMfzfzhIKQ5OHR1ddRRBLA6lg4iTd5PSas37YR56Y2JiHgg21uoFxSatCVFjbl5iNBBiMmUJgWwZhCB4pR9/V4QKfSQdDufF5/v7nu85xwJYprV0Oq0kk8luIpEw4vG48f/eVDiVSikCTobDIePxmGg0yokEBO4OBgNGoxH5fJ5wOHwygVgsZpjVW60WqqqWzbVgMIjf78fn8xlTBcTy736/T7VaJRQKfQoEArqmafR6Pdxu9/ECkUjkglje63Q6NBoNisUihUKBcrlMpVLB6XR2D4df3VQnmRstsWzU63WazSZmX6vV0HWdUqmEw+GY2Gw25SC8dV1l1wrZNX5s3qLdbpPL5fB6vXumZalq2O32rtVqVQ6GuGnCd+HbFnx9AZrC+MkSHo/np8vlmj/M7f4ks6yysyawgB8fwPv70HgKG8v8cp/7fFRO/+AllewqNJ/DhyBsi9A7J1QTkF4E69mXRws8u6ayvSJwRqoG4K2Md+ygxyF5FdbPaMfdlIXUZfiyAUWx/OY25O4JHBP4CtyZ16a9EwuRi1CXs+5K1ew6lB9DXERX517P8tEsPDzfNIP6C5YeQewSrJyeCd4P0bnwXYISy3MCn5oZNtsf3pH46e7XBJcAAAAASUVORK5CYII=');
INSERT INTO journalentries(entry_id,journal_id,entry_title,entry,entry_time,entry_date,mins_ran,miles_ran,route) VALUES (160,'KRx-378','eget','eu magna vulputate luctus cum sociis','2:13 PM','8/21/2022',63.44,7.07,'data:image/png;base64,iVBORw0KGgoAAAANSUhEUgAAABAAAAAQCAYAAAAf8/9hAAAABGdBTUEAAK/INwWK6QAAABl0RVh0U29mdHdhcmUAQWRvYmUgSW1hZ2VSZWFkeXHJZTwAAAHjSURBVDjLdZO/alVBEMZ/5+TemxAbFUUskqAoSOJNp4KC4AsoPoGFIHY+gA+jiJXaKIiChbETtBYLUbSMRf6Aydndmfks9kRjvHdhGVh2fvN9uzONJK7fe7Ai6algA3FZCAmQqEF/dnihpK1v7x7dPw0woF64Izg3Xl5s1n9uIe0lQYUFCtjc+sVuEqHBKfpVAXB1vLzQXFtdYPHkGFUCoahVo1Y/fnie+bkBV27c5R8A0pHxyhKvPn5hY2MHRQAQeyokFGJze4cuZfav3gLNYDTg7Pklzpw4ijtIQYRwFx6BhdjtCk+erU0CCPfg+/o2o3ZI13WUlLGo58YMg+GIY4dmCWkCAAgPzAspJW5ePFPlV3VI4uHbz5S5IQfy/yooHngxzFser30iFcNcuAVGw3A0Ilt91IkAsyCXQg5QO0szHEIrogkiguwN2acCoJhjnZGKYx4Ujz5WOA2YD1BMU+BBSYVUvNpxkXuIuWgbsOxTHrG3UHIFWIhsgXtQQpTizNBS5jXZQkhkcywZqQQlAjdRwiml7wU5xWLaL1AvZa8WIjALzIRZ7YVWDW5CiIj48Z8F2pYLl1ZR0+AuzEX0UX035mxIkLq0dhDw5vXL97fr5O3rfwQHJhPx4uuH57f2AL8BfPrVlrs6xwsAAAAASUVORK5CYII=');
INSERT INTO journalentries(entry_id,journal_id,entry_title,entry,entry_time,entry_date,mins_ran,miles_ran,route) VALUES (161,'XzY-491','ut erat curabitur','ligula nec sem duis aliquam','1:08 PM','12/27/2021',44.82,4.91,'data:image/png;base64,iVBORw0KGgoAAAANSUhEUgAAABAAAAAQCAYAAAAf8/9hAAAABGdBTUEAAK/INwWK6QAAABl0RVh0U29mdHdhcmUAQWRvYmUgSW1hZ2VSZWFkeXHJZTwAAAIgSURBVDjLpVPPaxNBFP6SXZuYZWlsQbQhqRFsD1ahVgUPIuhBEDyKAU+ehB49FQTpQbwKggj+Cx6UgigloJQsqJcWCykppJVqTILi2iRms7szO86baVMFD4U8eMyP975vvvdmJiaEwCAWx4A2MIHpOM/+W0MUMekCQtDIpQdgjINzJqOhnDOEYQiTksfGTvWB1BMhoh3XBDQnkt0xiijGsbZW1ARkvt9WAB3UCRrEd0C7rhUlk7ZU4GkCzRwhlUojmz2DbtdFs1lBLndO7odYXV3A1NR1GIaJ9fW3cN0ttc+YjzhjYZ+ZwJub72WgJ8FnsbHhoNP5gXz+gkquVIrykBEQhvNQKpAE1BSqkzbIWq06qlUHnudicvIyLGsE9XoZtn0YExNXsL1dU7l0KB1kRpGnOquJoIKcc5TLb1TS9PQNZDKnsfToFuIrH+DXpPxhG73zl8BTPkySQfI5D1RTZmYKSloQdKTcURXbevEYhxpfcOLmLBL5k/A+LaJcKiJtSAVUm1YQYHn5+T+d7vvLJ7h4ew7J6jtg6QFSw2kcy42jUfoI0/d91dFEwvrr2vbundae+wvJI3ng2t29Fzh/FAc7ASnwZL2vVWfpdQnhy1Gol0ckpO546gC6K69gLczC9xroSoJ2y0DPGkJsP7+xVMjMD9nWvewoM834V7S/M3xuGjzsifux/X5np5Cb+/3z2x2Dx8a5IWoS9fTqInv4B7QMlwnqx2E+AAAAAElFTkSuQmCC');
INSERT INTO journalentries(entry_id,journal_id,entry_title,entry,entry_time,entry_date,mins_ran,miles_ran,route) VALUES (162,'euF-792','euismod scelerisque quam turpis','augue vestibulum ante ipsum','11:40 AM','5/28/2021',137.21,2.95,'data:image/png;base64,iVBORw0KGgoAAAANSUhEUgAAABAAAAAQCAYAAAAf8/9hAAAABGdBTUEAAK/INwWK6QAAABl0RVh0U29mdHdhcmUAQWRvYmUgSW1hZ2VSZWFkeXHJZTwAAAHaSURBVDjLlZO7a1NRHMfzfzhIKQ5OHR1ddRRBLA6lg4iTd5PSas37YR56Y2JiHgg21uoFxSatCVFjbl5iNBBiMmUJgWwZhCB4pR9/V4QKfSQdDufF5/v7nu85xwJYprV0Oq0kk8luIpEw4vG48f/eVDiVSikCTobDIePxmGg0yokEBO4OBgNGoxH5fJ5wOHwygVgsZpjVW60WqqqWzbVgMIjf78fn8xlTBcTy736/T7VaJRQKfQoEArqmafR6Pdxu9/ECkUjkglje63Q6NBoNisUihUKBcrlMpVLB6XR2D4df3VQnmRstsWzU63WazSZmX6vV0HWdUqmEw+GY2Gw25SC8dV1l1wrZNX5s3qLdbpPL5fB6vXumZalq2O32rtVqVQ6GuGnCd+HbFnx9AZrC+MkSHo/np8vlmj/M7f4ks6yysyawgB8fwPv70HgKG8v8cp/7fFRO/+AllewqNJ/DhyBsi9A7J1QTkF4E69mXRws8u6ayvSJwRqoG4K2Md+ygxyF5FdbPaMfdlIXUZfiyAUWx/OY25O4JHBP4CtyZ16a9EwuRi1CXs+5K1ew6lB9DXERX517P8tEsPDzfNIP6C5YeQewSrJyeCd4P0bnwXYISy3MCn5oZNtsf3pH46e7XBJcAAAAASUVORK5CYII=');
INSERT INTO journalentries(entry_id,journal_id,entry_title,entry,entry_time,entry_date,mins_ran,miles_ran,route) VALUES (163,'79w-479','in lectus','sed ante vivamus tortor duis mattis','2:39 PM','2/23/2022',134.69,3.56,'data:image/png;base64,iVBORw0KGgoAAAANSUhEUgAAABAAAAAQCAYAAAAf8/9hAAAABGdBTUEAAK/INwWK6QAAABl0RVh0U29mdHdhcmUAQWRvYmUgSW1hZ2VSZWFkeXHJZTwAAANBSURBVDjLXZNrSFNhGMcPQQQRfYv60meJoiCtROuDZRcEA6MP3ckwS0tlZVlptnXRqavMaqZ5Ka1Jq1bOmWiXs466mqZzLs0103CmLp27HOdlaf+es2xFL/xe/jzv8/+/vA/nMACYsWpmDiEmjEQTMU+o/wvVFs+e64mAP3XGoWLmEtljzXv7vSMsXM37bHp1ZEPyK6+WsM+ifa+O4tyGuJHxzjQ79euJpb4AWwWT6tLv/zY1VI3hd9GOD8oQXtowglvNNhS3DfoQ9DWuB23K1R6nSeLh205+J18LMZex3mPOu41p9qH6aIfuQciPvHd9eGQcgIL7CrmqA3mPO3DvdQ8Uhn6UvGXxSb11Ztz6eHro+TIzeQOYLwXMhq7C+ebGopWebLYHFfo+qNhedFtdGHHxGHaNwdznQnldN0rqe/GoUgajIniys3BhK3kDfINILq7KSXlqQmFDL5R0m7BGnU58/jaICdIC/E/gjqYbcq0F6UoO8aW6K74ZCNveghbtqScm3Kkxo5Nu9vz4Cd7jwe2SUtgoyD05iae1b8B9diJT2Q6hV/D4A3bmcnaRohVZD42wjXsxOjmDKTo4K5bggaoSKRckqNPpwQ5acEKuh9ArePwB2zNr7LFFeohLDejjvRQyA6vTjcuyqz4zZ2hHWtMJiOpjkfDmEGLL1BA8/oBt6U+0u66zkJS34K3FiQF6tNXtxQttI3rsLgxNAymNiSjvzsfVVgkSa2MQmXWrxR8Qduq+OEL8HEl3dZAqzRimgY16AfcMQdpBASfZeJSY81BMSBpTEK3cjUj55rW+gNAEeRDRseV8FUQFHLKUXTD0OsDTPHiPF0bShyujkd8hwyXDaeR9lCK57hjCczb8/dbXHpYdiZOWe8LPPMMB2UuIbnJIvtEA0fV6HM9lsU+xG7ntGTjXlIgc40UkaGKwXrxmwh+g0+nCTCYTXrPcdOixIqw5rsC6JJUPQe+4G4Ws1guQGtIRrz6EkPQgb+Dplb+foNFoFhG8xWKBuqrKvmpPmmTFrlQtYZ9FG3Fj84Sk6QyOVh5EcGogDmTv2eEfYllZ2QKii5gilv//KwtslIaORuRuQvC5QEjzM4apb4lQ/wXCx9fe4QKeWQAAAABJRU5ErkJggg==');
INSERT INTO journalentries(entry_id,journal_id,entry_title,entry,entry_time,entry_date,mins_ran,miles_ran,route) VALUES (164,'KRx-378','in est risus auctor','aliquam augue quam','8:07 PM','11/20/2022',11.02,4.94,'data:image/png;base64,iVBORw0KGgoAAAANSUhEUgAAABAAAAAQCAYAAAAf8/9hAAAABGdBTUEAAK/INwWK6QAAABl0RVh0U29mdHdhcmUAQWRvYmUgSW1hZ2VSZWFkeXHJZTwAAAKbSURBVDjLpZNdSNNRGMb/EcjsxiCkMKhGCEaxTAoh60qyIiKaiDTNUklTWatwoLnSbbiaa5vDMefGcv/+29gHa3ObqWvpprTp5kckrpvu2q0XhVZU7OlsF2I32sfFe/G85zy/l/c5HAoA9T+15eHS0lJOIpHI/ScA//liXYd55vOLUGxN6l1Zu8ssNPwxgJgr2x3zENpnofC9Q3fgPTK6VhGo3BZAzBy+OQbpqxXclDnh9o+/FZhmsrpO4cWle3rOloDX01F7ryWMRs0oRBrbfKb3aMg7m9H3n9qg1Oi0vwGWl5f1JKwkCSsZjUY/RCKR9OrqKoYY97e5uTk4HA6QHmQa4xdyF2q1el0ulyclEklSJBJFMklrU6kUCADhcJgbi8UQCARioVAIdru92ufzwWg0VvGZMtwaPgG9QQexWFyTAQuFwo8UmXI4Ho9jamqqYGJiguX3+0vcbvc+m83GMZvNeQaDoXhgYGB343DJV7Gfh2p9Ee6I69kEAoFAMJrdY3Jy8hMBgEzjBoNBWK3W6wLrWfCZ0nQzfRL1puNpkacKzoQG7a4rOKfemzbRRrS0tHRkAWNjY+MjIyMFTqeTZbFYOCaTKb+NKYV3UQf3gjZrtCf60R9qBx3rw21rBU49ZoHXyq3MAjweD5cAwDAM1+VyQafTXWsk+2bMqqAA8vE29L5sQo+/HpLRZuinpag1n0FhN/Vz4zlomv5BwmJptdoilUq1p8Z4BI54P6yzStDRPjx784RAWjE4LUGT9QIKu3K+7++kijcAJCyQsKBUKiGTyXB1kI2Lmv0oV+ejTJGHuuHT0EV60MBUoPBBLi43nA9v+5k211HpjvUbdDkOdlGpQ8Jdx3g8Xs5fAdgPqfUDXTuR30mxN/d/AaKgrAVJC0Z9AAAAAElFTkSuQmCC');
INSERT INTO journalentries(entry_id,journal_id,entry_title,entry,entry_time,entry_date,mins_ran,miles_ran,route) VALUES (165,'IMA-643','velit id pretium iaculis','sit amet nunc viverra dapibus','11:41 AM','7/21/2022',148.54,7.69,'data:image/png;base64,iVBORw0KGgoAAAANSUhEUgAAABAAAAAQCAYAAAAf8/9hAAAABGdBTUEAAK/INwWK6QAAABl0RVh0U29mdHdhcmUAQWRvYmUgSW1hZ2VSZWFkeXHJZTwAAAJtSURBVDjLrVNLSJRRFL4yziJqk6sWCbmIdraKCkKjaWglRBsJpIgKXFiLyLQ2EkGlEWkDFUG2mCFCrDGpUHFmnJfaTPo7zAOVeT9i3jNlNTGP/+ueWwOBEUFd+Lj89z/fd75zzr0MAPsXsP8qsLa21sqhXV1d1fp8Pq3X653weDwTbrdb63K5tCsrK9rl5eXWTQLr6+ttnBgJBoPIZrPI5XIC+Xxe7JlMRiCVSoGLwul0RhwOR5sQ4GQVJ8uFQgGZRBTvX4/BNDqMV7f78OL6RYHJwX6Yno5g6e04j4khnU5jcXFRXlhYUJFticiVSkUE3ju+74+YHOrHxsaGELHb7RLjdj4ZDAbIsowqF5l5NAjd5dN40KXCyIkDAg9PqfGs94z455ccKBaLoiSr1fqR6XS6eDKZRKlUQrVaFXu5XBYgZ78DLxuBQAAWiyXANBrNGH4ussa7DxKsN45AduksEomAN0+Q+aQwNzc3zNrb24/VBSiQjw1+vx/hcBihUAg0Gcq49HgAlq7dmFUpYezcCeOtbphMpm2sqanpYD07kYkUi8UQjUZFRvp2jd6Aq/cQSm/uQvZN4cvzS3D27MWMqvECUyqV+3kGqVarCbtESCQSiMfjAiRkPLkLXzkZ9zuAvu3AzRZkhg5j+qgiyPjaQiJ6vd5HViVJEvUS6kJkW156iV9XYWAHZo80yj+uI2MNHFvNZvM4n61MddOo6reQav785CzASd+uMOQ5It0KTKsV8U2PY35+vtlms1X5jMEFqVEw3+nBu/N78KGvBemrSgTONcDQ0VidUiuu/fWrs3U29/OMIbLN9xiR6fw750IHMReXp6cAAAAASUVORK5CYII=');
INSERT INTO journalentries(entry_id,journal_id,entry_title,entry,entry_time,entry_date,mins_ran,miles_ran,route) VALUES (166,'rPx-316','amet diam in','molestie sed justo pellentesque viverra pede','7:54 AM','11/1/2021',50.1,4.64,'data:image/png;base64,iVBORw0KGgoAAAANSUhEUgAAABAAAAAQCAYAAAAf8/9hAAAABGdBTUEAAK/INwWK6QAAABl0RVh0U29mdHdhcmUAQWRvYmUgSW1hZ2VSZWFkeXHJZTwAAAJrSURBVDjLlZNbSFNhAMcXZ3uTIJ+iMLK0CBkqmXlJicR8SB9rY62C8sGIHgrKCqIIKkgrKJPCC6hRKd0sLacrjQVa0kO6i5vOacdd3MW57Zw5d87Ov2/HECMtO/DjwHfO7/d937lIAEiWw9tbQHm0e/Tu7jydqyuXWuk+yUoXiPwgoL+O2e/X4OzcffK/AkROnO7OC8aiAUT9Bjje7PJNvdqZuOrAtCavIzhSA4EPQYg6MTt8F/TzzNpVBYic4XqfE0NsHvPTNYh6GknEi8nWdH7iiTzjnwEi6xlbK/F9MLYUivCsHgFTM8Zb0nR/Dbje5ah8A2cAYR7M2FEYmgtFGLMaAueDvacCo/XbVMsGiJzg6Mj2zrkHEIs6wFiOwNBUIBI0KcCH+sHQfTA/Spkaqd2S8EfA8Ta7bXaomszkRsRRQwJqWNtLfgUOgR1VIxYZh7PvMvR3km7+FiByir09ixO4ELigDuExtRgI28rhGVQgaDyI8fp89B/bBG2RDNpSmaAtk1UtBuyvs74GTA3kwTkRsVchPKoigcOLW7DW5WPoXC7mOm9DMHaBfXYWg6fkQneR9HRcPuDqPU7eOUM+mk6wFqVIaITMbFKS2ZX4pFyLMJFxrwyoXAfcSIbn1l5o9lMuCf0ik2bpj2JA4PyEmQV4/wJkLL5s4dtLLD38V9ZDu08KyY+29OaJp3LYHqfB2rQDY43bYalLhfnhVhjvb8Zw9Ub0lMrANJwAiBQ5L8EMYbKCgqaEYlf8mZaiU2y4+qU8lXNUJsN9UQZr+Rp8KJPyXcXUpVUF4nxWJF3QFFM2smyBnOm4HB//CRnU6d05um8NAAAAAElFTkSuQmCC');
INSERT INTO journalentries(entry_id,journal_id,entry_title,entry,entry_time,entry_date,mins_ran,miles_ran,route) VALUES (167,'TRf-332','in sapien','turpis integer aliquet','3:05 PM','11/4/2021',16.78,4.07,'data:image/png;base64,iVBORw0KGgoAAAANSUhEUgAAABAAAAAQCAYAAAAf8/9hAAAABGdBTUEAAK/INwWK6QAAABl0RVh0U29mdHdhcmUAQWRvYmUgSW1hZ2VSZWFkeXHJZTwAAAGBSURBVDjLY/j//z8DJZhhcBoQMuUBJxCzkWxAeXl5PYiOm/toTtDEB0U5OTkCqamp/XFxcfvDwsISYOpsbGwUjI2N12tpaQUgazYoKSn5D8QJgRPuqdevf/nKp+MOf3R0tEJISMh/Ly+vBGTL1NXVC1BcADQgobi4eH5ubu59ED9o4r05Hs23WkBsd3f3+XZ2dudhalVUVBxkZGQUUAwoLCx0ADpZAejk/0AnB7g13JTOX/z4lW3pVWmgkw0sLCz+A53sAFIrKSkZgBIG+fn5AZmZmQIgNtDJ+4ODg/eD2Pbl19odK65Ogzp5v7y8/HxxcXEFAQEBBxQD0tPTAxISEhwiIiIcAgICEry9vf8DnexgnnNJKHbGvVcGyedVgE5OUFZW/s/HxzcfJRaATnYAOtkBWRDo5PvAUAa7Qj/xfIV1waUVIDY3N/d9NjY2lMAEObkA6GS4nywtLRUMDAzqgU6uBzrZQTv2DKdX442r6uGnhVhYWAoYGBgEhkBSpqsBAOTifxrCztZUAAAAAElFTkSuQmCC');
INSERT INTO journalentries(entry_id,journal_id,entry_title,entry,entry_time,entry_date,mins_ran,miles_ran,route) VALUES (168,'mVO-526','ipsum aliquam non mauris','montes nascetur ridiculus mus vivamus vestibulum','2:27 PM','11/5/2022',76.31,0.44,'data:image/png;base64,iVBORw0KGgoAAAANSUhEUgAAABAAAAAQCAYAAAAf8/9hAAAABGdBTUEAAK/INwWK6QAAABl0RVh0U29mdHdhcmUAQWRvYmUgSW1hZ2VSZWFkeXHJZTwAAALhSURBVDjLdVNLSBtRFL1vZpKYTCQdUZNUMGahJbTF0roxG7NoqXQZKG6EQrV0Z6kLF0pDDSguxO7aRejKLLW7brRgiSWKVcFgq2JDSUJsYmKi0fw0M+m9Aw0KNnBnwnv3nHPPeW9YtVqF637r6+sDlUqlX5ZluLi48Ltcro/X9bHLBKFQyIGAONYZghOtra1NtL+6upoyGAwWXDMiWYvb7d75h+EugX0I3MamPWwyY8nlchmotFqtTGvn5+d7WNt+v993hWBra2tMFMVBm83GSZJESvtY5lKpBMViERRFIcJ93LegFa6xsXFwenp6jLACPZCVSyQS5IWRotlsFjmOI++qisPhoHWR9iKRCAQCgSqSc1cyCAaDEyaTaZRUKbiTkxOIRqOg0WjAbreDIAgqYaFQILuTIyMj6gQMA9rAcZuxRIvFIuXzechms0S4gv89Op0O0Ja3q6urm8TQKiwtLWWRLI+YQwEf99rb27mjoyNVlRSTySSgBc/U1NQXUvH5fLS2iAJAfU6nU0Kb0szMzE2OxiJvSKSOTipGoxHQTu14qYf2MUy1BzMDmpTssNnZ2Y10Ot2MY4qdnZ0SpY7HRj5XEOghMJb3AYt3K2ufoJKIwZm2TtnTtp2uaTrCtRDn5+cnrFbrKClRYHQKsVhMVWxJboIpHoQOlxt09ttQDC3Az+VFObu781olmJube4Mq4zgBOz4+ViegohOhsfPv+sD57BXow18B4t8ATDcgLdhgc2H5t3oPMAMFA2J6vZ4uFYTD4TxOYOjp6WFEAOkDqLPYAZ4M13IR3lqBV1hbzYLX6/VlMpnnGM5hQ0PD/fr6+s3e3l66lZAcfyQ/fNrHi9HPUC4moID9pzkedsMQr30LHo/nBb7u4Oi3MIMkKvO5XA5SqRREpLvlHyuByp+SHnK8BrIZBr/iTEbp9+x/n/PQ0NAAgvvpiBlj/mHN96Z85uAlLzObzFfjiPrweKEy+RdV4845vRqFoQAAAABJRU5ErkJggg==');
INSERT INTO journalentries(entry_id,journal_id,entry_title,entry,entry_time,entry_date,mins_ran,miles_ran,route) VALUES (169,'cBk-941','in quam fringilla','cras pellentesque volutpat dui maecenas tristique','6:21 AM','3/24/2021',16.35,3.25,'data:image/png;base64,iVBORw0KGgoAAAANSUhEUgAAABAAAAAQCAYAAAAf8/9hAAAABGdBTUEAAK/INwWK6QAAABl0RVh0U29mdHdhcmUAQWRvYmUgSW1hZ2VSZWFkeXHJZTwAAAMGSURBVBgZpcFNaJt1HMDx7/MkbdMkzZK0SZxLmlZc07pN+3KoVcEdehR0ysAd9OZBvCmIIIhMPMjQswheFF+QIVitJytTRi0r2crqbE1dbddtVdq0WdbmyfPy//1MQRS8+vlYqsr/EX767elkvif+QyLankctUMGoYnwf1/XxfR+v6eK6LoHjYpoOntOktrV7e31pdTJczHYtThwr5PtzaQ6IKgeMKCKKUcUYwYhijMGI4hvD5YVf0hfc+lL4SHcsn4mGqKz/QWAM5cU1Hh4bZP5KheHjvQS+cOXnNYaG+rh4cZFCXxZjhIH8ITL3HE6FLQtElbaQxc6e0AgsGqaNnYbP93MrGCOI2nh04lrtVLfrFPMpAhEsy8J68+NZtQMHWxTLDjExWmLXa8eIYEQRgcAIgQiJcIOZmXncvSqB57N1q06oszR5PW7vjUc7aGRzmVgmk7V+W/mVlcoKGxs32LixTnTvJ06Ep3DjIxCJyd3a9tXqnfrmcnnuVUtVOfDSe998Ov5g/5nB+4ocikcpZW0OSOBw69IbxLLjLK5uMl8boTy/OP3ZuRefoMWm5fRbX/V2J+OncpluPAPxDv5RW5umMz1M4vAIqf1ZCgmHtnjPI/zNPvnK55azUzs/2J+LYIXBsklELA54d29SrUzR1ZPE1KcoPPQceWeGviPx1Nijr71Oi33h3Wd1cKh/LJVMsVnzMSJ0tlmgytbSF6TvfxKal7n00SfEkw6xWplirEZXOnmaljAtTU/sze0a1zf3abo9zMxdIx0s81TfDpn+DKb+O6hg9ubpP/ky1W/fJ9peaqfFpiXwfXwjeEHA8upN7uw3OabfkewdRhpXUXEYe6aEeLeJRCocPTHJY4WNo7TYtDQ9D8fxKPR0UMxEmEgsUBoYJdq1jQZVsEKUv6wAgjQrZAaKjCZXQj+ePf6Apao8fuadpdy9ucG2SAwxAS/kPmTi+Q8I2WtosAso/7IJdZb489oCla/PnrdUlf+aPTe2rUaiKoqKoCKoCCqKiqCiIIKqlv8CsLWQKDaepcQAAAAASUVORK5CYII=');
INSERT INTO journalentries(entry_id,journal_id,entry_title,entry,entry_time,entry_date,mins_ran,miles_ran,route) VALUES (170,'SSe-901','ac tellus semper interdum','orci luctus et ultrices posuere','8:32 AM','1/29/2022',32.44,3.94,'data:image/png;base64,iVBORw0KGgoAAAANSUhEUgAAABAAAAAQCAYAAAAf8/9hAAAABGdBTUEAAK/INwWK6QAAABl0RVh0U29mdHdhcmUAQWRvYmUgSW1hZ2VSZWFkeXHJZTwAAAGWSURBVDjLlZNNSwJRFIa1Tf8hElq1qCDJxk22CdsErVvbLotQbGFkZBYWRqCghqv2tXHRokACw4IICvoHbRS/8HPGGbXe7hkcGTU/uvAwA3Pf555zhqsBoGFrkmFgGIcwxRijjIKmJTCIolhsNBrfzWYTf8G+IxgMBrolisBI4Wq1Cp7n25RKJRQKBaTTaVmSSqUQCoU6JLS0JKANtVoNkiTJT6JSqaBYLCKTycgCQRBAh0QiEVnSI6CwAgkoUC6Xkc1me1pqzUTbIWBttDfQO/WttJLL5eRKkslkf0E3aglVQvPI5/OjC9QSaodmQqJ/CYh6vS7PhSTEvwVUBQm8iUOcxl2jCSikQBW44064Hh1wPuzCEd0ZXVATBThjNhzE7Lj+DCPyEcDWjQUr3qUvzj4/PvQv+BInsNxuwHFnxdW7H4E3H2xRK0xHnMTt6+/Vgp9Bc1gPr8L/eg7fiwdrl2bozBOb6ruwyIbEs419L5P5Yhlnz8fwPLmwsDdHIYNaoCPJoKtscnNgJUNvn8XM9jSFdJT9BVHxpMfQmzHDAAAAAElFTkSuQmCC');
INSERT INTO journalentries(entry_id,journal_id,entry_title,entry,entry_time,entry_date,mins_ran,miles_ran,route) VALUES (171,'ysG-086','ut','leo rhoncus sed vestibulum sit amet','5:04 PM','1/30/2022',65.37,2.09,'data:image/png;base64,iVBORw0KGgoAAAANSUhEUgAAABAAAAAQCAYAAAAf8/9hAAAABGdBTUEAAK/INwWK6QAAABl0RVh0U29mdHdhcmUAQWRvYmUgSW1hZ2VSZWFkeXHJZTwAAAG1SURBVBgZpcG/S9RxHMfx5+dz3+LKsKxBC4KQXIvArYb+BQmuIYgGoaBJiAoiLCqwxUGwkBr7gaGOTu5NZhBkBRU3NEV2Q3d69/m+X+/6DEJcNoiPR3B3diKMjM1ePXN2+OFay3vcAQmXMBkuRy7cDLnjZphE7+7UXF39dmNhsjZdDJ8entpV7Yn9Vbajp9myKWC6aCWPrbVfbNd68sgfhZtz6UKHQBYIBCKRO3O3uHhylBOHT9G39yBFLPjb6ESdLLqLTSbj5etnZOutNlYa7s5WTEZW4E7mwMzSI340vlM/Xqe30ktZGjjg/EOlkUWTkT1ZekzFIscODfJ0cYZqZQ8YSI7jdJOJrHA5E/P32V/tY2hgiNKNA/v6WP34gXang7sIBLpJRhYl4+a52zSbLd58WmH5/TJzi/NstDew0pCcrUgii2VKZNdq12n8bPD5y1ee333Byru3BA8EAu5OtzKVZNFNbLp3+QGDA4Nk7Y1EJyXcRQiBbi6RRUlsKioF41fGyVI7IRP/I3eyMDI2O9t/9EhNZsiEmSEJSwlJyB2X4ebIhUtIZK8WJmvng7uzE5Ed+g22TgZNyTAeRAAAAABJRU5ErkJggg==');
INSERT INTO journalentries(entry_id,journal_id,entry_title,entry,entry_time,entry_date,mins_ran,miles_ran,route) VALUES (172,'UcE-352','a suscipit nulla elit','justo eu massa donec dapibus','3:44 PM','7/22/2021',54.85,9.66,'data:image/png;base64,iVBORw0KGgoAAAANSUhEUgAAABAAAAAQCAYAAAAf8/9hAAAABGdBTUEAAK/INwWK6QAAABl0RVh0U29mdHdhcmUAQWRvYmUgSW1hZ2VSZWFkeXHJZTwAAAJrSURBVDjLpZPPS1RRHMU/982bGUcZLemHkAougmhhIhgqtUqKgggXtWnt0mUg4V9gKNGmwKJFbYMwoxDaRAsXLrQyUlMricSycmbee/e9++79tvBHZNGmLxwOnMXhcDhfJSL8z/m7hcHBwSHgyraxiOzAGMPw8LDq7+8XrTWjo6NK7U4wMDAgvb29LCwsUKlUGBsb4+HNyyRLd7h0rYrm5mbq6+uJoojl5eV3fySoqalhZmaGtrY2amtr6e7u5tmbT0xOnqSvr40gCFhZWSGfzxMEQbM//7hjuqr26FGlPACKxWO0trby6EM9T997QI6TDY20Hz7MxMQEXV1dzM3N0djYiDEm5yvxjjSduJtVSoFA/tUtCoUCTxY9SioPHjz/Ch0NGUqlElproigijmPSNMUnFY1L8vHqTWySIQwN5XIZkRrEA5VRiKdYW1sjDMO/GBjliUuwSQ5xwvr6OqsLk1yrm6ZJ5n/r51wPwH3OnoGR14cQEXyUVLk0Ivi8RrA0xam6iJZMNbnz1/EzWUwSo7UmSRKy2Sz56j0k4xcJwxBjDD7Gwy8cYH/nVfZ3Og5GEVU5w/iDEcTGAGgdYFONtZrs3gu0A1NTUwDjPkZErMaFLxG7gRe+JRHD6RP7EKdRSnDGIdYi1lBo6WHx9g1mZ2fV5hJjRFyKM1+QdAOUj9gKSAoSI+IhNsClZcSWQaldU05EFBZJvyHpj03YDSTd2OIyYkuIDRCncfFHAL1jIIn7nobr1aaSK+KKnkgWXBFk31YHCeJtsvIsVmuRxMW/DHQ8tHSr9zhCD4riP19PAPUiwcm9bUn97zv/BLX9cx0txHrHAAAAAElFTkSuQmCC');
INSERT INTO journalentries(entry_id,journal_id,entry_title,entry,entry_time,entry_date,mins_ran,miles_ran,route) VALUES (173,'yIr-767','elementum','quam pharetra magna','8:06 AM','5/13/2021',118.18,8.73,'data:image/png;base64,iVBORw0KGgoAAAANSUhEUgAAABAAAAAQCAYAAAAf8/9hAAAABGdBTUEAAK/INwWK6QAAABl0RVh0U29mdHdhcmUAQWRvYmUgSW1hZ2VSZWFkeXHJZTwAAAJFSURBVDjLpZNNSFRRFMd/986dUaeZIS370BRbCKbgpiwIKYhWfSwKgqhNQau2bTOodq6CFkWbqBYtgmAIg7CgxL0iaBYZSYIfYfP9nHffe/e0mElrMW26m3s55/z+58/hHiUi/M8xjRLuprqiE9zFsQ0NNNerdRy0gzCquHlGVEMHd9QKx27tpucEeKtQ+gRhGUwCdAz8Ary/t9rQAY4kmQ5IdUDnIfCPw8IbWBwHBHb0gCXZWCBBiM3B/Guw67BvCAYvQ7IVpp6B50GZ0HweG5puzvT3K6X/oIXOmInpTA/0noXiMnx8AaXvcPA6rC3C2iwUwSjRfV3Dj+NKKZAajFIwlYXiLEzOQO9pOHoD3t2GuSwMXoC3C5AHQyhVnG3yVx4Q2RjoDEqlaQFoaoX2AVicAOdg4BJ8uA99pyC1t+aAQGlxlsgmECfY3Cze8heCeDduOovoMSTYgLkssVQbUi1gXl2ke8958DAGJc0u3MB6ILZCUBbah0dJBD5kusFFEFmIIkikAMW352dgaRwMniHQmJZdbD9wDXAgguDwZq6iKkuIjtVm4wQcJPc/gkIBXj5ZcoYRQyAiURXnzSBRAYlKSJhHtx9B2vpQYb4eLyJRBenoIkglhAnp0oDBR8SFuOAHEhZqxWG+/s4hYbEO1wVcFRTh1i5YEUWEhD/rYL3jpljpb1iqELL5/41Ylwu99WRQTqRxaS0SB5cG2YlEPmARXbuVjoj8soh1/pZA1R/9+vDcYYSTKNL/3F0B1KTFydPfoV+5q0ZcY8+j5QAAAABJRU5ErkJggg==');
INSERT INTO journalentries(entry_id,journal_id,entry_title,entry,entry_time,entry_date,mins_ran,miles_ran,route) VALUES (174,'tkj-966','tortor duis mattis egestas','tincidunt in leo maecenas','10:15 AM','9/9/2022',120.93,9.61,'data:image/png;base64,iVBORw0KGgoAAAANSUhEUgAAABAAAAAQCAYAAAAf8/9hAAAABGdBTUEAAK/INwWK6QAAABl0RVh0U29mdHdhcmUAQWRvYmUgSW1hZ2VSZWFkeXHJZTwAAACjSURBVDjL7ZNBCsIwEEVz1mwTo1YjiHdIqyWgFBGPonWTC8T2BjlE4JsUwU0ILe7ExUtgPvNmNkMAkG8gPyAwxiAHYwxKKUgpk/kg8N5n4Zwn6865j4CVLXj1AA//rArsW4hAzCil4wTFsUdx6rBuLLaXJ+aH+zTBqukDFpuzxe5qsagnCIbV32vHybF5Wd/GC3JkBfHJEZu11hBCJHPyvwXyAt6tONifnq6xAAAAAElFTkSuQmCC');
INSERT INTO journalentries(entry_id,journal_id,entry_title,entry,entry_time,entry_date,mins_ran,miles_ran,route) VALUES (175,'PGq-296','dui nec','morbi odio odio elementum eu','7:08 AM','9/17/2021',31.35,8.89,'data:image/png;base64,iVBORw0KGgoAAAANSUhEUgAAABAAAAAQCAYAAAAf8/9hAAAABGdBTUEAAK/INwWK6QAAABl0RVh0U29mdHdhcmUAQWRvYmUgSW1hZ2VSZWFkeXHJZTwAAALPSURBVDjLhZJvaJV1FMc/v7tnc1e9Cs6Jl9oNFWmtOU2lzTbxX2CWohLthYq+FImolHrhm6SgF77yRSNfFIJRvQgssEgwNkipRpG6FP+1ze6cbvdud+4+9z7/n3N6cVsrmHrgy4FzDh++h3NQVR6nDefXndxwrv2WqtLc3aKbT7fVTfUSPCQ2d3es2PLD+m6AwA67cqX88jcPb93pZm3qviq3Ts0ZVZ0RsOn7FxbGSl7KYdIOAzc99wmKI+Oc2HOMgTN9fNjb9VK4dG55Rgcbv1vX0rPtpzG36Bzonxh2333mIEeW72FjQxutH7yMNs8hms25mtrqUzM6WP91m/qufzgOq955q+VA+v7o79wp5ekr5Ohs3MFHZz+l7oZkfj6bHTI3v117uXZeU5Mx02b6/JI5dL3XOvTsXpJhgX47R+/oPTqXtlNtCV/+9gt/FYaY7ybftowmGhs6TlUbY0ABlAZjqL++hkxqEZeGB7g2VmDvsi1cuneBlU+1Uy441LpmhYj8YRGphwSz/JGPiYMqSMzDmBSvPr2dby734JiIbemV/Jn7lbWZV3jv8xO83rRg5P0jd68CxiI0CZWAOKhBRRE3i5sfZF9pgtf8kcpOQ2OVXDzD1tUZgMVL9md6Bk9nN1kYrZXIpXw/hz/ajwQOVbPm8+T2TzAYuq+cJ/dgHCdwaUwvo/25XdzuaoWINwAswgRWchH1bUcBAVVUbKLiRcQbpGOxj9Y7DE+M8eONCzQvWQXA4BfZq/8AVDX2EKcPjSfR2Ea8O6CCigfiolIiPcejc1WSZDJJ7j8nt/BRlQgJ82g0WYGIDxqB+qg4aFxGIhuNbTDmfz9jEagaYjQqoNGDiuLJaVhko3ERjcuoeIifBfD+BWggE5EzPjss1aSQVEK1GiQFuhCNfSBAE5VsEjGx56kG4k8DPP/4wMndz6O8iCHFo0IBczFA9LOp0t/gFKTUltQw1wAAAABJRU5ErkJggg==');
INSERT INTO journalentries(entry_id,journal_id,entry_title,entry,entry_time,entry_date,mins_ran,miles_ran,route) VALUES (176,'Uid-985','nibh','sapien iaculis congue vivamus metus','4:10 PM','6/2/2021',43.06,4.21,'data:image/png;base64,iVBORw0KGgoAAAANSUhEUgAAABAAAAAQCAYAAAAf8/9hAAAABGdBTUEAAK/INwWK6QAAABl0RVh0U29mdHdhcmUAQWRvYmUgSW1hZ2VSZWFkeXHJZTwAAAK4SURBVDjLlZJdTJJxFMZp6C2bd+bWhTXXReuirbtuWuZFMyt1iX04bWlfNmlqoqCCfDZSS1ABwUQ0NSQVVD5ETcCVqLS6yK8EslpttdlFoS6Vp//7urVaLuvdzs357/c8zznvYQBg7FR3vbKwfEzE2u5tR1jhkYR1/kZIR4WodJax/kvgjlscbvLXw/62H5opFcrtXBRbb7H+SYBEDmunKdgK02IbbG/6oHxajSJLAfK7r7D+KiB7UhXWTKtgX7Lg0es2GOd04A4UYSDUi2qvHNdNebjUnsXaVkA6Kgirp5SwEVjhlULqFsIwq0XLrAYP51tgDZlR5arARUPmyh8C4pHKlcbJOhLXgsDXeaxtrKLzRTskY5VbcNAMoYuP8y0Z67+NoPLVJoiGK743+O7Tsyo8UhpWexoQWg5A7hHBEuyGYIhPOSOr9RzY+vQoWkDlq6kQkUj1E/douGvBSGILaGcKFjuEW7CTRzlj4uM4yh2lSNOektACVCTVRC0GyYI6F1rpWR/MqCEmseVuEfoC3ahwlkElS4Q7ex+GE6MxxI6FuPAATiiTYhiSEYGBFPTP1egPPUZxPwfNrxrRNtdMYBPt1lSdjJclR7A6WIPIjAPhrkJM5h/cbE2PUTAko4LdVArqSNRTdXRc46x+Cya9PHMOHJlxWCEwlCkANwaQxeOz4iicx5lBeok8222dwa9HkZUD5bMa9C6awLeV4KwuFXwiMnwsChF/D379vghiqX6EFii2cvZXuco3XEE7bpqvgggiVXMqQjbtSNee5jmTmO++NV8GCLRWwsAyqaVrTJD+e1qgoOdGNLmu3ryOnE1OTz7OqE+uZ+jTDpNN76Xevew4oS83Yf0DNx6fyqIRyN2FkZSoDUcSk/fziHI7cg5lGy9Mk1+VvN15j7P3lBLHEBWbSkTBVP8HrJC/O3IOxUMAAAAASUVORK5CYII=');
INSERT INTO journalentries(entry_id,journal_id,entry_title,entry,entry_time,entry_date,mins_ran,miles_ran,route) VALUES (177,'NvZ-663','feugiat et eros vestibulum','quis tortor id','12:20 PM','5/2/2021',54.14,9.65,'data:image/png;base64,iVBORw0KGgoAAAANSUhEUgAAABAAAAAQCAYAAAAf8/9hAAAABGdBTUEAAK/INwWK6QAAABl0RVh0U29mdHdhcmUAQWRvYmUgSW1hZ2VSZWFkeXHJZTwAAAHiSURBVDjLpZPNaxNBGMb33/DWoxcPngr+B4pQggdL8WNbaxQbGtugkESE0IZEkiYhpC2GtJQatKW5pFYl2yrKCrZVrMYo2jbHfJElm/1IPJXHmdklbZGURBd+PPO++84zM+/ucAC4/4GzjC2PTKXzuvvZPlxPCcldOBd/4v7Cd9ybz8Exl8V4fAd3H3+GfeYjbLEtuOLvdTqPGXhT+YNopoxusUfeHTADuvK/YA28BTNwJffQbDa75obvtWHgfPILjUYDOkOHrutsLIpiWxqkhvcKpgFpmKqq6J/IttBITAvbPZqm4ZrnlWFAu11XFCh1glI3VTnRgL6/8vCFYUA/Va0mQ5Zlpgy5RrRGcoYeIht5wsCDVcPAkfgKSZJQNaFjqSr9de54KozxmauwhvrAPzoPi3PMMLDPfkKlUjnWAxofPcLzD0vwrAxiLTeNL0UB4fU7uBw+g96RU0FuNLaNUqlEKJtqcNRgKHAB6W8RpH9EWRzcuInwxi1q8JuzRTdRKBQJBRQJhRbFll50n8XLXOJYI1ez09QA9C4s3w6J7M8a9r/BoHcd1ycypMtrrFH97jTO2XoQEIbgE3g22ZfhD3fQyY0jhZOXgqcxJQyzlanSmPWg02tLiv0ElW7bVD/N/wGu4yJFlYuLaQAAAABJRU5ErkJggg==');
INSERT INTO journalentries(entry_id,journal_id,entry_title,entry,entry_time,entry_date,mins_ran,miles_ran,route) VALUES (178,'WT5-434','molestie nibh in','primis in faucibus orci luctus et','12:24 PM','3/31/2022',22.41,7.29,'data:image/png;base64,iVBORw0KGgoAAAANSUhEUgAAABAAAAAQCAYAAAAf8/9hAAAABGdBTUEAAK/INwWK6QAAABl0RVh0U29mdHdhcmUAQWRvYmUgSW1hZ2VSZWFkeXHJZTwAAALvSURBVDjLjZNvLNRxHMd/Tft50AOPqs1aTapJzp/8yYWaLM5k+a/F1F3FxXAidnIc53adc7j5uxo6OqX8PxcdZY7uWhJRD1pqrXWPCveb8ATvfq4yitaD95Pvvq/X5/t9f/clABCbpSv5CEnHWsNjWGvSncit9m0Jq3kMoybdcbEny3lRm33UqM11I/9LoE5xIGnQpJOxMN6UiNfNKdCXh6Kv4Jipr9CT/KdAk+ZI9mQ6m4bkQZh4wKOThomWDEy2Z2O4Ogo9BUyTJo9JbirQZDiRvXwXargsGJMP06GvCINW5IXHYm/oKqMw1iJAvyISLXxP6l66B7lB0JvlQmqzXSm9IgSTrZnQV0agX+qLt28mzOkW+aJPHgmDKgtdhSGo47pSVRddzBKCLoikC6L05WGYbOPTR42EVnIKL0deYHp6GrOzs5h6/w5NmT5oEwbjya0kNFwPgCyCQRWesSeJvjwPg74y/Nc9o2nYD+Njo5iZmTHDv5Oq8sGVehfUXvNDZ3EsKi57I9v3kIGgm2VpC5nLuqpoqIUnVj59nFqbvD7cBk/kq88jusYOJWwm+CcOLtNh/Swwj8nqyPUcUpTKVxYWFtYmJjceQ4LSDexaZ+S0R+LBiAIZD8/idMlu8AL3h/71jDKZbI6iKLMgiYY7XlWhdbTCDN4fKUNZfwaUhiJwVf5wl1guM0TbrDYIxGLxnMlkMgsu0fddhUu0qZD2JkH8KB5CNRsFmgTU6ESIveONg3nEEpH8lO3I6TwXE6UM7o+ShyzdHWzAqiTm9mE0vyiD6rkcSn0R6p7dpCWJqNYVIF7Fgm2uxTxDsC+NoOEvvO54CAauIbmbA44iDkajEaHVNghU7IFf6S54yawQV38cVYNCcBr9YSfagfDaADjx7L8T9OSBQIXvZy+hu+Ekz4sKvhr0lcvlfpBIJJBKpaB7QXFxMRzyt69cUPrBNsdyxV3gMEHD3w5cshkgtvqmf8ZGQMzvvWGBnXzCZv36D8sKlHMs9WAJAAAAAElFTkSuQmCC');
INSERT INTO journalentries(entry_id,journal_id,entry_title,entry,entry_time,entry_date,mins_ran,miles_ran,route) VALUES (179,'fa4-985','id ligula suspendisse ornare','nulla justo aliquam quis turpis','12:08 PM','6/5/2021',97.24,6.41,'data:image/png;base64,iVBORw0KGgoAAAANSUhEUgAAABAAAAAQCAYAAAAf8/9hAAAABGdBTUEAAK/INwWK6QAAABl0RVh0U29mdHdhcmUAQWRvYmUgSW1hZ2VSZWFkeXHJZTwAAAJ/SURBVDjLpZNLiI1xGMZ/3/edOWZojjkiudbMuEVMM4SMBVlbSUpZyAIhG4qlkcJWycZOSslCMTNFuYVpRrkzLuMy5tA4xulcv//t/Vt80ZTLxltvz7N43vd5F+8TeO/5n0r9JNLTs9A7t8FbO0WsfSvWdtdv2VIAKJ45kxWtt4rWh5xSQ6LUyeldXVcAAu890t29zzt3hPp0ljBCyiVMofhMjNkmWldE64t1U5qWTpjXiiuVqDx8RDX35ZxTalfgrl7d6K2+HC5cQBBGYAyk05jhYWrPX350WpcbWpsX17e0QGEMwgiasnzv7eX7oyfHUmLt3mjWTIJqFXJfwAlYS13zHKKV7XN9rInqG6D/AYgkBo0TyXSuId/Xvz0lxiyJMhkYegfGghdwDl68JpycgSiAwTeAgLYJ5scIWgUXx5mUGJPGOYgVKJUs0CZZMpIDaxNnEfAOlAFxYDSilKRE66K3dlpgDcQ1sC4ZtjbB8dxacBZSIYQhTqkwFKWu28FBmD0TKmWo1SCOwagEdZxgrZYYlEowv4X8jVuIUudDp9SJyodP7+NPI9C2FNJRIipXk4FqDVQM1QrUhbB2FYXRMXJXusdE667Ae0/++PFlotTZhmzjiknLlxOO5mDgCQRBcnq1Cm2L8M3zGO3p5fPte0/FmN0d/f13gp+v/Pnw4clOqQOi1P5sR1tj46wZcPceFMuwdjXFbwXen7+gRevTYsyxjoGB/K9PHF/vduxY4ZQ61dQ8d/XUDevBWfJ37jJy/eaQaL2z/f79a+P1wZ/C9Grz5ian1FHRek92zozg68s3l0Trg+19fUO/ib33f+3H69ZtetjZuf9fmuB/4/wDFoO2ZVesLdkAAAAASUVORK5CYII=');
INSERT INTO journalentries(entry_id,journal_id,entry_title,entry,entry_time,entry_date,mins_ran,miles_ran,route) VALUES (180,'atO-182','maecenas ut massa','faucibus accumsan odio curabitur','11:57 AM','3/8/2021',14.76,6.16,'data:image/png;base64,iVBORw0KGgoAAAANSUhEUgAAABAAAAAQCAYAAAAf8/9hAAAABGdBTUEAAK/INwWK6QAAABl0RVh0U29mdHdhcmUAQWRvYmUgSW1hZ2VSZWFkeXHJZTwAAAHkSURBVDjL3ZNvT1JhGMafb3G+TQqKECNFRIEDcvgXmB5IPNJmTdbC1SQ0S1xzZKXyT41TdpCOMyYtiXS9aW2uD8EbPsHV87RRmyLrdc92vbt/1/U8930/ZLYxASbpSwgz9SCin2+CHtJJwYoLgbITvvcOeN7a4S6NgTB45+cmCucvu8JMFOZCZQHpr0tYO12Ga9cKwpJz5xvIfH+GR2dxRGp+uSOs8Jxv39GKV+/gYS2OlXoSfNECMnMSRKw+hdS3BLI/Mlho3MPUR88lE+++ozlfjWG1kYJUCcNRsMCWM4NM02vf/hTgwsf+1uLpfTw4mcOtQ0G9aCDINiWmRiAdiAz+HTC6Nfi3QKx6uckjT3Pi0K1c1QPnzojahtsi3Zr2L/rfDGin5fE3o+pVxeYXRmVw3dA0Pddzfwz8Co82LFVERMuTbEyXJjGUMaqBgoBQ0Qfjmq5lWO3n9E/76IK8s4PCYHCytoDZgwhsWXPzosGNdYPszY1jTonBnxVgSuuhe6KhyfRDJGsJ3P0gQSqLDG7RBeE6PeF6Wie7X/MI5N2YLonoX+oFce1ZsXicQOJoHs68FdbNznBbAytaREthSHIE2lQPCF8cgT0/jLHtIQbD8sqEbrBuWYM+mqx93ANN8hp+AQOPtI0tirA3AAAAAElFTkSuQmCC');
INSERT INTO journalentries(entry_id,journal_id,entry_title,entry,entry_time,entry_date,mins_ran,miles_ran,route) VALUES (181,'owD-708','lacinia nisi venenatis','vestibulum quam sapien varius','6:20 AM','2/19/2021',47.82,5.44,'data:image/png;base64,iVBORw0KGgoAAAANSUhEUgAAABAAAAAQCAYAAAAf8/9hAAAABGdBTUEAAK/INwWK6QAAABl0RVh0U29mdHdhcmUAQWRvYmUgSW1hZ2VSZWFkeXHJZTwAAAJKSURBVBgZpcFdaI1xHMDx73POs7NzbMO25qXFGikRkmQXLuQlL3GpuHDhwkuSC1dKaQp37pTszhWFFJFGLG1cuDG1cyHKsnm3tXP2nGf/5//7/36myI2i9vlEZsZM5JihHDMUn7351fgLUcV7xYngPaRipE5wXkgzI/FKmgox0zYsK/GHIWqEYIgaEgwvhlfFe8OL4oOSidLz+DMxv1RqQlAQNSQoWTC8KF6MTBQngcwbTpTMKy2NMemkEDNtx5pGegerbFnVyEQtcP3ZOHu7mikVIoxpBoPDNfrKExzcNB8nytW+L2jqyTkRak5pbsyjCvV1OdIsUCpEXLz7kQjovvGejrYCK9pLtLcW6JxXJPWKJkIuccLzNwnrl87i9otxinURh7e2EecjJl3AgMQFVGHj8tn8VJ0KOB+wJJCbTI3NK5p4MlRh2+rZ1Jxy/tYozhvJVMAMkqlA5eEVysdXM7CzyNCRZSwt96AuI55IM3wwnpYrrFvSgBlMOsHMSFwAg5XD17CRR3TtP0R950rSV700DTxk0GpEW86Vbc/aZkbGHJlXnCjOG5koTpRMlAP9u9h99ASlt30w2g9z5vIt7uDBg9fElaqQZoGmYp6sLqLoI3y9IRLhJYdXoyX5QHFBJ+w6yW9x90IW8J14LPVcuj+KeUOdYplgXjEXIFMsKFsLLdRe3qPhzjFc+okaUK3k+Ra1EpkZ/9K/r7270NRwelGrxHFuhOpX4d3nfPBTdiYyM/7HwL7Fp5KxD0fyIeoIeRs1uLy9Vy78AKt+cH41HYv2AAAAAElFTkSuQmCC');
INSERT INTO journalentries(entry_id,journal_id,entry_title,entry,entry_time,entry_date,mins_ran,miles_ran,route) VALUES (182,'GXK-432','felis eu','dui vel nisl duis','2:30 PM','4/17/2022',81.22,2.67,'data:image/png;base64,iVBORw0KGgoAAAANSUhEUgAAABAAAAAQCAYAAAAf8/9hAAAABGdBTUEAAK/INwWK6QAAABl0RVh0U29mdHdhcmUAQWRvYmUgSW1hZ2VSZWFkeXHJZTwAAAJ+SURBVDjLpZNdSJNRGMeFoC50flVXBV1EoF3YdzKYG0u30FTsY9bQnLpqrSg/5uZe29RtimvkxBbCTJupmzpLl8tNxfwObUxTF2RQRNJFGOqFYELx/nt7LwaCzKKLH5zz8Px/POccThCAoP9hy+LNq+nVJZzdULMZULBCIGVGQpye2vhXAqlYVK5OiYIhMQx6Cg0vFDJ2CLLj9kGcJTRuKyAuxKKGCiqokIwmFPmcCOScDkPa0T3ktgJZbDjZa1Liq9uAcZMEGaciIGLuhZC5H4Lj4TDKrgQHFJgzD6yuvn+F5Tct+PbagumnRfjk0OC7z43W6wfX5ptu7QwouC9ielY8Nix5O7E+20bRTq9Xpttgzj3iDXgEvuJZMPt23Wht4UVseBvw4103zfpbK+qJ82BdezDCL7AythSw8+yRPIW1kaN+gaahBRRo69BaKEBvVjxERDNV+4Az5S/Bl7c/ji+whW8SMItcO/LrxyxcdQ/d9GT4I5INQxh0TWBKkoUUjRN6hw/C2jGwS7pJbp7FyJXZd/kFScVWXcbDcTg8i0jQusDTuSHQ92E2Iwnz2WlIrhoAt8yJVMMw1B2zuFw9RPLzGqr8ghlV1K8lpxKEbQa6rnm6Sah3w5aaAlVuMc5VuJBpmoDAOApJ/SSW+0oxWRS94RfMqaPJlQEtBDWjeNS/ACUlkrd4kW8aQEJZD+5aPJA2TKGyy4fEij6sDurgKT5M+gW+5jvENHHo5yXjCOI1vajs9tGUdc7hbGU/PdWfPeeeAyxFB2ZKYzaojG7TK3xulzIk2saYkzfMi1zqouKILrCUz2mYcjtYcjt5LMe0JlaZT3zpkDIC/sZ/4TfeSKfmHj5WOQAAAABJRU5ErkJggg==');
INSERT INTO journalentries(entry_id,journal_id,entry_title,entry,entry_time,entry_date,mins_ran,miles_ran,route) VALUES (183,'7O9-157','congue elementum','faucibus orci luctus et ultrices','3:38 PM','5/13/2021',49.58,2.36,'data:image/png;base64,iVBORw0KGgoAAAANSUhEUgAAABAAAAAQCAYAAAAf8/9hAAAABGdBTUEAAK/INwWK6QAAABl0RVh0U29mdHdhcmUAQWRvYmUgSW1hZ2VSZWFkeXHJZTwAAAIrSURBVDjLxVPLjhJBFD3V3dCYSZjwDipDRjCOCcTgLGalJmxYufAD0E/QHV9g3LjSsGDhik/QjTEaTdgaEsQQINEFJjwEecmr6Yf3lkJmPwsruXWrq+85dc+9VcJxHFxkKLjg0HgqlUpP1+t1drvdXrIsS2w2G9dqtXKzt21b6Lpu+P3+N4VC4QnH5/P5U3Lfy+XyL1EsFg9VVZ1kMhmwHAJIa1Tf4eH96zC+vcKLDyfwRm6i1Wo/Go/HLwnsJWPtZ2oikainUil/JBJBp9NBr9fDcDjE5aMTfPz8E835bdw6vQMhBLrd7gNFUXSPxwNN08RsNrur0alJr9eLer2OcDiMdDoNkgKSglAohEajgUqlgkAggGw2i36/j8lkImOazeYNjQMHgwGCwSC2B0d4/n6FhSlgU366cOHe1Wvwz+eUfgucJQPb7Tai0aiUqvC0WCwQi8Xw+ouBjaPA4yJzK7AUFz79OJDA0WgkwYZhgAq8z1JjAqq2tN+Wm4AqNGouXw9Bk+G4QR2SxmCO4zV7mQGz7Fh5OI79F0wkCpmqCCyXSxlzPoM9wS4DqijcjgHTJv22Q+k5ksiNFabTqQSapilJOJ79noAZa7UaMoc9qOYSG9oziUSxlriy+YpqtbrXvSPZEWjMxidwewLjMc6Oj2VxOGBO1WdivhvJZFLusf54PC5lMYHI5XKPqa/P6EP3+XyCry4T8E/2BHDoEIdv6fmH92/9Vvz31/gHd9iUVZFEDKoAAAAASUVORK5CYII=');
INSERT INTO journalentries(entry_id,journal_id,entry_title,entry,entry_time,entry_date,mins_ran,miles_ran,route) VALUES (184,'pr2-962','nisl ut volutpat sapien','parturient montes nascetur ridiculus','6:25 AM','8/16/2021',137.08,2.55,'data:image/png;base64,iVBORw0KGgoAAAANSUhEUgAAABAAAAAQCAYAAAAf8/9hAAAABGdBTUEAAK/INwWK6QAAABl0RVh0U29mdHdhcmUAQWRvYmUgSW1hZ2VSZWFkeXHJZTwAAAI5SURBVDjLpVM5q1pREJ6r1w33qLihIgoS0Z8QYhRCAjapXBqrFCn8BQ9SBixs1N+RVyqBGBvttFELxUJxRwm4gc81ZwauaNp3YJhz7p2Zb7nnctfrFV6zRPDKxQubTqfz+3w+h1nA6XSC4/F4i8PhcIuXlxfM5VQqFcE+DiWw5vdSqbRiMpmo6P91L1MikUClUoHBYBBJp9NlYsAQv+t0OpjNZiCTyW5N9424H41GoNFowO12I+gTe1zmms0moRsMBliv1w90UQo2chwHYrGY0NVqNSiVSiiVStDr9SI8oiN11IpFcrmcQkC/Z4L5crnAfr+HYDAI7Xb7iUek3W4Hi8WCDBKK0EzMwll4hmee50GlUhFLHBDG6XjAAiaJKItEogcGwiCn00l1drsde8I8oqJWDHyBgzabDcmwWCzQ7/dBoVCQvO12C1qtFubzOaxWK2JMA7ARA31AI41GI8RiMZLm8XigVqsRQDKZJCOn0ynU63UCogH4BXBAo9GgwnfhMORyOZKDLNAwbMpms5QDgQBEo1G8C8AzR0vFYvETUq9Wq4RIV5QZhQzi8Tjo9Xqij0YXCgUYj8dUw+Rc+EQi8Vm4LPl8/hvT/oNtda1W6xcz7kMmk5Hgd8eFA9k6svyH5Y+TyWTN3d82v9//1uv1/gyFQhaHw3FhLN6gYd1ul26oy+UCs9mMMv8Oh0MRu9KzhwE+n09stVqDDPHZZrOZWJMY/9jlcvmV5TEz9xl/B+bbmaEvGJMv/wD5tI7A5/InTwAAAABJRU5ErkJggg==');
INSERT INTO journalentries(entry_id,journal_id,entry_title,entry,entry_time,entry_date,mins_ran,miles_ran,route) VALUES (185,'M0u-575','vel dapibus at diam','primis in faucibus orci','12:39 PM','7/31/2022',17.11,8.42,'data:image/png;base64,iVBORw0KGgoAAAANSUhEUgAAABAAAAAQCAYAAAAf8/9hAAAABGdBTUEAAK/INwWK6QAAABl0RVh0U29mdHdhcmUAQWRvYmUgSW1hZ2VSZWFkeXHJZTwAAALQSURBVDjLbZNdSFNhGMf/55xtx6P7aG1rbiSbORwpm/QJQeGQPq/SFmiFFZjBQiiF6CboUrxIUqioKIO66SYRQVAiBIkiilJGyJQGrjl1pq42c+ecnfUcEQrdgd/Fed/n/3+e533el2lvbw8riuIiFnp7eytQ4AsGg98kSaqQZfn70NDQ7v/3NCT05HK5F8SVpqamfCEDEqt0Eyc372lIyBNnyF2ytXTLRSwPUc5DVIBW232U6YHmG+81JK4lqjYbsCScIB4SkY/ax0JGSAlssVXIC1YhCr9gEuYEURSniefE+JYKSGgkagnZpP2Kscwn7Ofugs15MbzUgPEVH0TxskzZGwlTIQOJiNKmz84DByx6rIjXkF71Yyl1HJHfNrV/hVBj7FsMaFHcMKg+Ya+AjimGjHJkTEnA+RIKI+GpKGLDYG8hAyNx2m631wzfjBeYAUstiJVqjBpbyOAXMRCNRmXvnYF9Ak1BygEiDbTF+gg79QwOBT5PUpWDFBfcYkDuOtooJ7gP2U7sQSN0U3HYlyfwxWbGm4VpGI1GfTqdrqqvr6/s6+vLJxKJ5Xg83hkOhx9wbre7QxUTvOFoqjTxdgSHtUZcvHAOTqcTBtMO0D0xOBwOVygUEjweD2OxWNTRHiMTrdpCinhFhIqn1uCXqnGkrg4d924hFf4Jp8MBn8+n4zhO19PTg9nZ2ZzBYBhpa2s7NTMzc1VtoYbE5wm3NV6EbXrzem8HLyn5wetphq43zGYzqAUkk0nQe/mj0WjOUkjGZDLxqgFppSc6ne5Z7N0aOPePdYOx26uMIjHo6upCSUnJ+lomkwHLsjxV06/+UwtrjN/vnySDXcSEVqttph5fBwKB0rKyMoUybZ+fn0ckEgHP83C5XKBxgyayFIvF2NHR0Tkmn//3AL1eL0eH5aOM/XSANhJx6kVYXFxsVRNarVY1szabzeboLJJUUcNfnRWk+01xXkAAAAAASUVORK5CYII=');
INSERT INTO journalentries(entry_id,journal_id,entry_title,entry,entry_time,entry_date,mins_ran,miles_ran,route) VALUES (186,'xsT-424','aenean sit amet','consequat morbi a','11:23 AM','4/6/2021',33.75,7.46,'data:image/png;base64,iVBORw0KGgoAAAANSUhEUgAAABAAAAAQCAYAAAAf8/9hAAAABGdBTUEAAK/INwWK6QAAABl0RVh0U29mdHdhcmUAQWRvYmUgSW1hZ2VSZWFkeXHJZTwAAAIfSURBVDjLjZNNSJRRFIafcRJSnGEszTQddQZUJCGTCiGjXLkaiIKgTUhECK6K1oGroE20adEmQnfVIqEYhKRgyiwlFBkcqVzYHzNiVo7f982957QQpxk08cDhcA+c57735R5Uld3kt+5u3a5fwi5jtL9/275PVfOHZDKp1lqMMWxWYwzpdJpEIkFdXR3RaJRYLObbnNlTSMvlckQiEQAKwapKb28vqko8Hi9SUAQwxgAwPr/xMqtgBUQFa6Gv3eC67v8Bnuehqhw9uLKtkRDaHWBiqRJRwciGgko7Tb0dI9hxBcdxdgYAHKvN/LvZOujSY0LhHrJf4jsrcF0XVeXl4j6sKkagMTdKZ/g4wdpO0uM3KfOFiwBF/2DV/kRVOdmQ5lRDmjM1szS4zwhUhbC/nnKg/SLR4Cdmh/tKtwBuTAw0zYXeo6qICCPDwyy8uU9161lwppl8OEJFaJ0afwbjeLEtABFpLin1k1ydRVWpDfymrfkQgcos4n4GFeyfdzSfvs6a692ZvNsdyAOuJa4Gsb4X+0urGFt6jtgcLRUfCYWPINkZVNbpOteKeF/ZuzdFuONC/XfP3MoDrLEDrufpQnqeteUsM2/v0dTWQ3kgg5pl8PmZepICBHFSVLc0UuZ4l18NHW73qSqDg4NaaOb5yAwnLj3AX7KImhVAi3z3l7XyY+4DqdGhR0XLtBmvb3dl1Eq5iqIiBan5igiqOvUX9fhxNiezxvQAAAAASUVORK5CYII=');
INSERT INTO journalentries(entry_id,journal_id,entry_title,entry,entry_time,entry_date,mins_ran,miles_ran,route) VALUES (187,'U5o-961','consequat varius','aliquam erat volutpat in congue etiam','10:44 AM','6/17/2021',98.46,5.28,'data:image/png;base64,iVBORw0KGgoAAAANSUhEUgAAABAAAAAQCAYAAAAf8/9hAAAABGdBTUEAAK/INwWK6QAAABl0RVh0U29mdHdhcmUAQWRvYmUgSW1hZ2VSZWFkeXHJZTwAAAElSURBVDjL3dM9SgNRFAXgM/kxPjQRLQIWFoHZTSAuwNbOeiCNbsBmQBBEmyCCLsJCQbEVwcI0KUxpKZlJ7jnXwomNipFg41nA9947977I3TFPSpgzfwOc3Y3D6W3eB4C9i2F/9/w5/AogPTEhBgDJY8qTmYHeTd4yedf4Xq4kkOomvUFrJsDo6fpKKUwBk2NjrRKMSn8ETq6zdiNEnUYtwhQghVAGVpfKnZ2jp/a3wPFVFoye1msRcgNM0xsJrxmxWAbMlG4fPIYvAaMnzXoprpYBo4MqnmDCaCyYEc1GNTYq+QQcXo5aRu8uL0SYFKdT04kQ2ZgY5QLkINXd2r//KLRSFJVSCA/DCeiABKhYcaMweMkgCpRD7kHyFMAmAET/9C/8Jm9+37CM1tkN3AAAAABJRU5ErkJggg==');
INSERT INTO journalentries(entry_id,journal_id,entry_title,entry,entry_time,entry_date,mins_ran,miles_ran,route) VALUES (188,'EKX-973','dolor','mus etiam vel augue vestibulum','8:16 AM','4/27/2022',107.72,0.41,'data:image/png;base64,iVBORw0KGgoAAAANSUhEUgAAABAAAAAQCAYAAAAf8/9hAAAABGdBTUEAAK/INwWK6QAAABl0RVh0U29mdHdhcmUAQWRvYmUgSW1hZ2VSZWFkeXHJZTwAAAL+SURBVBgZXcHPbxRlHMDhz3femdkunZ3Zdrublgptg7W0aig28SAYk8aDUuNFjkRvhBMHNfwL3vGgQcWEGGJiTCQxgjFoECTUqG1AKZj+MqUUum1xdmdnZ3dm9tW1TTQ+jxw5+vLlQqkwqZTiv4T/E4RtAiRpi431jW/NQqkwefb0x4ghJK2YfwmCRiO0hXEACFob6JZGk/L2qbcmTaUUKQkSn6f2zQxdl0PKp/bSmXO4e/c6c7Uz3C/75HIuDzd9lGlRqUW8cURjmQqDHb6/iT9qUwkCwku3CYI1giBAGjM06lXqYZVmPaBeD0iiGiItQDCFbZ5XBB2z62Q3vPMLmdd6KPXtJhsvUE+GyeVz2MrAtGyCMEKkAQgm/xB83ycIqlDKEnUlOJ/Nw3MtdHiVuHGYsGpQbF7hQOUiynma2oUr7Hc7MNnheSXQMXnPxT8xRtf7myQv9JHpabC3uUlB/cqAeZtszzG8oYP8uTTCMxtnMUFoi6IGtSBERFPtTFFPQHRuEf16gXz9DMN9wzj9h9hamMOWJjm3l+6exzCFbdlsHset4bkubdaxQbJvXkNVFaO9Q3hDL9JY+xR7l/DH7B2SluKTuRhD2Fb1awRBA79S46fVB5xfWOLmwS2ypou3b4ro/geI9QjLydERLmNPTFGJFQYiCODme6Ejz2yYsNy0KFYfMXZoHO/xV4lW38OwYpqVQcrfTXPPKGIUB2gz+ZvWmumVJWZW7+A4Oax784w4g5SenKL54EOUrYn8Ada/v8GP+0Ypd3YwZWdoMwUIkxrlNCZjO9iLK4xnR0haJdZuvUtXySba2sPG9Z+58dQE2uuis9kArWkzQBAxyOHiSA5rfpmxw8fJrFzj9ws/MPv1Fje/uoq7uBvD7MTGwsYijRMEMJMkJU1T+rvH6S/A5x+do/nblwwdeB6/vMnKrXn2nzyNld3DhIpRHTbKUKStlCRNkVeOTl0slnpeUpYJCJXZLxgfLPLs6CDlljC9XiDUGdqEHQJJklJ+WL70F3VJO/3fH/GfAAAAAElFTkSuQmCC');
INSERT INTO journalentries(entry_id,journal_id,entry_title,entry,entry_time,entry_date,mins_ran,miles_ran,route) VALUES (189,'TRf-332','integer ac leo','ornare imperdiet sapien urna','8:30 AM','8/31/2021',145.62,4.55,'data:image/png;base64,iVBORw0KGgoAAAANSUhEUgAAABAAAAAQCAYAAAAf8/9hAAAABGdBTUEAAK/INwWK6QAAABl0RVh0U29mdHdhcmUAQWRvYmUgSW1hZ2VSZWFkeXHJZTwAAAKDSURBVDjLhZNfSN1lGMc/7+939ORU1C0iszwSG2duOFqNBQ2meJUoY4MixiiKiCCGMMauZYJ00252uYIuRlsgKJRsDLE/VBIhu3B/knVmInpy/jnrpB71fX+/99uFO3KkrAfei/fh+Xx4eJ/nNZIoRtx9Vq6xCTs0hCTwHnmPJOQ9ya4u+PYHKkdumSKToCQURVvFRXBLUhRZV4oQbBO4aBOIYxTHBOlVyt6Y3brL+/8RWIesJdi3D8UxiWN5glfrYM8yQToN6+vI2v8U9JrZLGFTE+HLKcwLqwS72wmOGRKpFP7X35B1vTsKktev9ZD9o5epacJX1gga3iKofQ2lsmjiAXow2Vt773ZPKWMk4X5KVUhhWl6hF/j+5z5U2+IHZUcvQFCOnf4SNzD+tVrDi1KA9yJ2hYX6N+enjSTs9/Uz2tXcIPFkCiKoOw67Usg9Ri6PWxonLswjDN457PIUNrf4jpFEYcCc8I4vwgMfVSUaTiM7h7eP8S4HcQEUgUlgEtX4yJEfu0Zu7O5XJDljiouUv2r2+pih8v2n0uHzJ5F9hKJV5AsoXgMTEuWyzN3sj+0yPYcuq2/bI9a8rQxJjqz/Pjjo/7oPEtIG8hsgiyHk0Tf9ObdBRxH+xxTqTmvFVFQOu3wGGUAegwFtLhEhKy2faHjHMQKIpzrL6l7CmASKImwuiynbTVBeQ/kzzzbeuWhaSuu3/YWlwacrvGgPaw+Q/+USS6OjGQw/Vqb3vlu9v41k/UFyD+c6gTv/2kEcR62m6sWKhaHzLHw3eiVyHG7+WO/9OZHpmBz4bNauWdZX6dzesrR1Zj7l/Uwfk3fP8XppXhI/d1MzcobPb5ziXmn+b0pcjPW7AMpFAAAAAElFTkSuQmCC');
INSERT INTO journalentries(entry_id,journal_id,entry_title,entry,entry_time,entry_date,mins_ran,miles_ran,route) VALUES (190,'PGq-296','et','phasellus id sapien in sapien iaculis','9:26 AM','11/18/2022',72.23,5.29,'data:image/png;base64,iVBORw0KGgoAAAANSUhEUgAAABAAAAAQCAQAAAC1+jfqAAAABGdBTUEAAK/INwWK6QAAABl0RVh0U29mdHdhcmUAQWRvYmUgSW1hZ2VSZWFkeXHJZTwAAAE3SURBVCjPhZFfK4NxGIZ/R458Dz7B7wv4Go5WpJW8819mSw3bos202DsTNpT3FTbCRs0YkYPFasvKJhw5kpVEu5y8W0uZ7sPnup+e+34EorH+HIRZQsXfLtKkOSPJCXEOiLGNxgarpPniGW9WnPPN5y+9E3p5I4+n6DaLFHmeuOSRFEUSFNgjj04WDVcbQiCOuWBfnrIlE0RkjKDU8ck1VBytCIE45JYkD8QpECOHTpYIGVzYmo0UO5Q5IiyjqFLDKyNMyUVs1GJq1mvuiZJjkzvCZAhyw3ClrocVQiwwhwc3E4xjZ5f+SoOihpr66Hk1gOWWYGAeHzM4cWBnlEF6QZjLBqBaEbPKdMmpVP0WpbtkVjo/DMBv9aJzxTo2RhjAQoA0fkyFuhsmGWestqFL6cDEP9+s6gcdbFPqiEGjeAAAAABJRU5ErkJggg==');
INSERT INTO journalentries(entry_id,journal_id,entry_title,entry,entry_time,entry_date,mins_ran,miles_ran,route) VALUES (191,'XT5-942','ridiculus mus vivamus vestibulum','nec sem duis','4:51 PM','11/19/2022',5.49,8.49,'data:image/png;base64,iVBORw0KGgoAAAANSUhEUgAAABAAAAAQCAYAAAAf8/9hAAAABGdBTUEAAK/INwWK6QAAABl0RVh0U29mdHdhcmUAQWRvYmUgSW1hZ2VSZWFkeXHJZTwAAAJiSURBVDjLjZJNiI1RGMd/59x35l5T7x2DGRGJ0CBfpUlRJMlCSRZsUExTsxpr1lIWyupakIUFFnbSNAnJRlJMhhmM7zHkcr/vvO95zzmPxR3urHRPnc7p6fx/z/88/ZWI0Mp6m9ukSQXn0wu698Q/py6vGXx5FQARaWmPX1p3Ov9kSJLKE5keOfLr2bk1+0UE1YqDsVzfxZ4NvUNdm/fp2tdJbMVTejdan3j6oj9oxX6QTvd1bjygXX2MzKJlRO4rS3Zt6bC1Qq4lgDP2U1L4uEOn8ihdoz2bh6hOdTpOqYk7255nsuvXK6XnSIS4MvnFT5cGM+GS80G2Y2G4Mrsi0EWUDvGJYfzmRDQ2Xj4ZKNG9y3dea1NKgTTEKEXx1a1VheKV4e7th5WYEZT7zuvhKkE975S11Tfvy6eO3fhwO8BKhDfp+HsOZ1KgsygVMjP1kKW7jyuTzxEEnUw8snRsGGB130E3eXfft6NnPtwG0CRKizc40454jat9ZubHfbz5gUpNkUp3M/6gjursYXHXKKRMuw5k+b8BoyTj7QymDmJqJJUyYe8JurauBaBtwSBbBpqzUcF8cDpoAhJNMK+H+ev6AQ8iCB5vprDFe4grIbaE2DLiqmSWnYW4mZ2ARERchK+PNh67CmKL+KSAuBLY4my9jLgaSAzJnIwQI+ItPvnZ6ORKiC3O3guzncv/ACIW4rkAI6JwiP09Kyw2bbsSYitNsY8a37RzAGJ8wdZ/dSTV9hAfapE28CHIIsTFgEF041Ta4aJIxPi4CYjiC+8vH+pD2Isi/G+mBVCPDV6u/y39AQ7XjBmT8uenAAAAAElFTkSuQmCC');
INSERT INTO journalentries(entry_id,journal_id,entry_title,entry,entry_time,entry_date,mins_ran,miles_ran,route) VALUES (192,'ysG-086','quis odio consequat','donec vitae nisi nam ultrices','2:45 PM','2/10/2022',135.11,7.14,'data:image/png;base64,iVBORw0KGgoAAAANSUhEUgAAABAAAAAQCAYAAAAf8/9hAAAABGdBTUEAAK/INwWK6QAAABl0RVh0U29mdHdhcmUAQWRvYmUgSW1hZ2VSZWFkeXHJZTwAAAJgSURBVDjLnVNLa1NBFP7m3jQPSVKiTaskGKQKUqlSQZTqqlWrCwUX9bFx6dIf4MpFXQi6cafgQhAVJD7oLou2uFBEBLswCxFqbFRswZjHvbd3Zu6MZyYGiptKBy7f3DnnO+c7Z84wrTU2s6buT0wLKe86/+N8efZ88WL53NF15LNEflwY2pFjGykg8m7OxT7O+TMu5JQQIknkF9vzg26tXm9vqIDIOSKXi/mCQ+QKkV+WCkVLJvNBdq3y0EpQWkFFCpGij1BEEoJHCIWAL+vQqU/oz2TQ8X0sf1+BE45DihRi8eZJHN6TWpdTQypNQbooCYXUWGq9xXztFrRiOL3zDuJsCPfmfiLWo7V8Sdnxl6TALVFZMifUchRj2Zv2fLWRw9a0QtCR3QCnDqRRWWxjcjSNph/hyesGpo/kkIoz6K4oLNZ8LFSBS+MDCCngg4UVqEBQKVLCDxVyaRdUPhJ9DgKq3ZBvz/4AI/71p8so5eMYKaRQ2BbHrsEkAkE98yQcL5R489nDoeEteP6ugWQfw5XjecRchk4YWQUeoQl+bG/WltteM80lmxfB6QQaEyMZzH9s4cT+rFVzo/yNHDQ8cjRjYlDR5sOXDr6uhvZsjewq5HCaAacr03hVbcF1mDV2SJUZMJPZSPC4CQAqqY7f1Oz+lIuZCyXoUINNzlT1mbEc6r9CcKrLNMhkN503e25vonsbws5H93pLAwnMPVpCrNWWtmmZpAtO9ScFg0iQkySUDoTSlmSGi+LYQTMqey+ADV99r9cCkmxrIiM3e0IjnxMS0f6TAtvJfxbb7HPurT/OV55dSDB+9QAAAABJRU5ErkJggg==');
INSERT INTO journalentries(entry_id,journal_id,entry_title,entry,entry_time,entry_date,mins_ran,miles_ran,route) VALUES (193,'8wQ-023','aenean lectus pellentesque','accumsan odio curabitur convallis','4:27 PM','4/30/2022',35.97,0.44,'data:image/png;base64,iVBORw0KGgoAAAANSUhEUgAAABAAAAAQCAYAAAAf8/9hAAAABGdBTUEAAK/INwWK6QAAABl0RVh0U29mdHdhcmUAQWRvYmUgSW1hZ2VSZWFkeXHJZTwAAAKDSURBVDjLhZNfSN1lGMc/7+939ORU1C0iszwSG2duOFqNBQ2meJUoY4MixiiKiCCGMMauZYJ00252uYIuRlsgKJRsDLE/VBIhu3B/knVmInpy/jnrpB71fX+/99uFO3KkrAfei/fh+Xx4eJ/nNZIoRtx9Vq6xCTs0hCTwHnmPJOQ9ya4u+PYHKkdumSKToCQURVvFRXBLUhRZV4oQbBO4aBOIYxTHBOlVyt6Y3brL+/8RWIesJdi3D8UxiWN5glfrYM8yQToN6+vI2v8U9JrZLGFTE+HLKcwLqwS72wmOGRKpFP7X35B1vTsKktev9ZD9o5epacJX1gga3iKofQ2lsmjiAXow2Vt773ZPKWMk4X5KVUhhWl6hF/j+5z5U2+IHZUcvQFCOnf4SNzD+tVrDi1KA9yJ2hYX6N+enjSTs9/Uz2tXcIPFkCiKoOw67Usg9Ri6PWxonLswjDN457PIUNrf4jpFEYcCc8I4vwgMfVSUaTiM7h7eP8S4HcQEUgUlgEtX4yJEfu0Zu7O5XJDljiouUv2r2+pih8v2n0uHzJ5F9hKJV5AsoXgMTEuWyzN3sj+0yPYcuq2/bI9a8rQxJjqz/Pjjo/7oPEtIG8hsgiyHk0Tf9ObdBRxH+xxTqTmvFVFQOu3wGGUAegwFtLhEhKy2faHjHMQKIpzrL6l7CmASKImwuiynbTVBeQ/kzzzbeuWhaSuu3/YWlwacrvGgPaw+Q/+USS6OjGQw/Vqb3vlu9v41k/UFyD+c6gTv/2kEcR62m6sWKhaHzLHw3eiVyHG7+WO/9OZHpmBz4bNauWdZX6dzesrR1Zj7l/Uwfk3fP8XppXhI/d1MzcobPb5ziXmn+b0pcjPW7AMpFAAAAAElFTkSuQmCC');
INSERT INTO journalentries(entry_id,journal_id,entry_title,entry,entry_time,entry_date,mins_ran,miles_ran,route) VALUES (194,'8jq-863','ut massa','erat quisque erat','7:33 PM','9/7/2022',69.64,4.71,'data:image/png;base64,iVBORw0KGgoAAAANSUhEUgAAABAAAAAQCAYAAAAf8/9hAAAABGdBTUEAAK/INwWK6QAAABl0RVh0U29mdHdhcmUAQWRvYmUgSW1hZ2VSZWFkeXHJZTwAAAJBSURBVDjLpZNLSJRhFIaf/1JO3lAbZyjDbpiXRC1FFFsUtJSwhMBsFy3b2CZaRAiuWre2opDCBCtalBl5qzSjhAwkqlWljRZizuj/fee0mHKmaFF04PDCd+A557wfx1FV/id8gKvDX8+pctKqbBERrIARwVrBimKspKXFGsWKTHQdL6n3AUT1VGt9TvhfOp+//qZqbQIrEgbof3sZIwZjDYEYAhuk1Jq12pnGLoLAZqQBkj4cqzjxV92/JQyBsSkPrBUAekbm/gpwqK6A1XSA+QEAaNsX4cboLEebomtvg6P3KcsYJVrVgbc+l9hi4tcJAiuIKr4HNx/P4XkufU/mcFzwNcHOxF1C0SaejfYwn9tCeVEmq0ES4P5cQQHfc2htjOC7cKQhwuH6CE0bx4kU1ZG7aQ8FyyMc2LGY/FojKUBgBRXwXbgz+RnPS+q9p1N8mu4nJ5yHXbxFuLyNqaFurDEo6QAjqCrrPGiuLSTkOzTvDbPbGSBa1gKJ54xfuUZ2XpyMhQns3DhZGX4KYCRJ81yHgZcxAIbHHhIsLZCTv4ysvAMV7NIE2/d3EJ++hGfjaQBjkh64cLA6jO8aovO95BXXIMtTqMSpbS1FVj8QCs1QuK2JamfwNw9UqSzO5uNCnM3Ljwjll5CZE0PNPDgek30zgCCJGQp3baVs5QFDnZUVjqpyuvv1iAlszaqVrMBY2vUsDe0X8dz3qPkCpF+si7ehlNlXL5i53dnr/Omcxy7UxtRKpoqiImmpa4oIqjr5HZAwT/Ha9ghQAAAAAElFTkSuQmCC');
INSERT INTO journalentries(entry_id,journal_id,entry_title,entry,entry_time,entry_date,mins_ran,miles_ran,route) VALUES (195,'PoL-555','lorem ipsum dolor','vel enim sit amet','4:51 PM','1/17/2022',19.58,7.17,'data:image/png;base64,iVBORw0KGgoAAAANSUhEUgAAABAAAAAQCAQAAAC1+jfqAAAABGdBTUEAAK/INwWK6QAAABl0RVh0U29mdHdhcmUAQWRvYmUgSW1hZ2VSZWFkeXHJZTwAAAD0SURBVCjPfdExSwJxHMbx/yTc1NrUy+h1+AZ6GUJBaYdiKVwopjmYOASiINJgEVFwUFHo4BIiDtql/SPU5BDUQb8Nomh3J8/we4bP8MBPIOYpexdtPcvyyrO6ETxR5zGwAeiMeOfmxBE8MOKXKsWwA7hjSJceZbJhW1DC5BvJDy+kNRtwzYA2BgYSnUTEAgr0+aBJC0mbe85i/0AOkw4Gn8SH0Yo2CRGMrYEralyOq/SJzrRtBEJVvMoKyJCSyd3zZh2dUMZmZOotuYOIuAuYBKbqlgVcKPN7KhvccnRsAYv49/I0ODA9Lgfgcx1+7Vc8y8/+AURAMO9/VDEvAAAAAElFTkSuQmCC');
INSERT INTO journalentries(entry_id,journal_id,entry_title,entry,entry_time,entry_date,mins_ran,miles_ran,route) VALUES (196,'euF-792','tristique tortor eu','curae nulla dapibus dolor vel','6:10 PM','11/4/2021',21.64,5.12,'data:image/png;base64,iVBORw0KGgoAAAANSUhEUgAAABAAAAAQCAYAAAAf8/9hAAAABGdBTUEAAK/INwWK6QAAABl0RVh0U29mdHdhcmUAQWRvYmUgSW1hZ2VSZWFkeXHJZTwAAALzSURBVBgZpcFdSN11GMDx7/+cv06Px3ePujrqNHG6RYxazbEaxdquuinoIiLqtoIQ1nUrogiqXdTdroLIIroJ2l1GDW0uNzWcHdGpO2tTm1M3X875v/ye5+kIuwi6Cfp8PDPj//Bf+OB8XbYp/UtNqjyLeWCKmCFxTBjGxHFMFISEYYgrhkhQJCoG3F3dWMrnFp71O5qrp44ebMt2tjSwS83YJWqoGmKGiCJqiAiiRizC+OQfDT+Hmzn/wcaqbCaVZDa/ghPhytR1+h/rZWxilkMPt+NiZeLqdfr69jE8PEXbvmZElJ5sLZnWvfW+54GaUZb0WN9WCs6jIGWsF2J+Gp1DRFFLEFFJ6JWzdmeTjmw9ThXP8/De/fJXS7giCTW8RJKjj+5nIypHVBE1VMGJ4lSp8QsMDY0Rbq/hopjVW5v4l6bzr/Rm7KPG2qpkJpNtSZZXektzOZZW1oic4JwgosQCJ595gu4DXTo/vTW1vLWp13K/nfXMjF1vnv1h8MgjnS/1dnVQm06xvznBP7311XGCeJvu1KdMjM2c//rj15+jJEHJi+9/395Yl36+JdNIJJDew7+ELibb1Mf4xhv41bXHuM9/+vQ3XlrD73qf7KnA88FLUFPhMTB4HDNHpI7IOR6o76av9QhbwQ6/F0/XHT4x+t7loc/OeGbG2+cuyInHexJ/bRmdrdUc604zMNjPyYOvIqaICoqxcu8m9VXNXFz4kSs3LhC4sM6nJIg0sXznLvPLOwRhE0Oj0wQaIabk1+aI1eE0JpaYzXCLQ21PsR0XuLQ4vOZT4uKYWJTIOWYWbiJqBGUBThwtNe04FcSU5Xs3aEi3Mv7nCKOz41Y0DvuUBFFEsRjR1rQHcT5qxq3VkC8ufkKkEYGLeKjpAP1dpxjLDzNybYzmuZfjkW/PTfqULE5enSncXu0tq6hCxaGqJOMzpFxEhTNqTBgvDuAlKhnJXWZv/jXW59c/p8QzM/6Lrne8HdFkqqjSdftDW+S+vwHrxbCSH7ilcAAAAABJRU5ErkJggg==');
INSERT INTO journalentries(entry_id,journal_id,entry_title,entry,entry_time,entry_date,mins_ran,miles_ran,route) VALUES (197,'SLm-886','sit amet cursus id','vestibulum ante ipsum primis','6:06 AM','1/7/2022',67.43,4.06,'data:image/png;base64,iVBORw0KGgoAAAANSUhEUgAAABAAAAAQCAYAAAAf8/9hAAAABGdBTUEAAK/INwWK6QAAABl0RVh0U29mdHdhcmUAQWRvYmUgSW1hZ2VSZWFkeXHJZTwAAAKSSURBVBgZpcFNaNt1HMfx9+///2VptppujuE21LoNOjcHY6D4gGAUcToY6KVgFdHTTqIICirqdvHgyYPozQfQg9DhQYaSeaiu1DGkaKE6mXuwtqVNSqNJm/wf8vt+zCGDIbjLXi8niRsRcR317x6crVUfENfhJNGYfFgyIeleTLtlOizp+YGdR5FE+8pXyPS1zL6RacqCTcm08fbRn52TxOoPFRV3HqXbmCUqbsNvPsjA9kcgHgQM5Q2S5SmS2jTZ6u+Ubq3w98ynDD894zw9MpWTxWpzy30fgwyFFvk/Z/Hl+3HOk9W+pLDxABv2PgsKrJx7Dwv2GD0RPVsr37csXwcZ+cpJ8pVTWPInyABh6RLp4he0L7wFMtLVS8jsJ3o8fTIBhkIGloMzrDOFi3MUEhQS1E1BgahQpttu7gAanj4FAwksQyHHRQHogMtxSkEJWAoICwELZvR4+mQCGQoZUg6KgQRIESkKOQopkoE5FKxAj6dPwTBLiUp7CGsz4DZAlEHUAZdTO1ejfnae9lIFN+iRwtjIMV739Mns/eZvn708tO8FLJ3HRes4n+N8Rv3HBTpzJQ6NvUFx1110Zqr8eub0q6cfLSw6SVz11/ghDe55ivLeUcLaSQpbihA1mHzuA+5+5h1KFydgYRKGNrPih5munrnsuYaCbVu79G09KgxR3jeGi34BJsiWOwxs3wVHXuEqf3wHsbk7nCSudfnzA/ujQnm2PPIE5f1HiIsDTIw+xD2PP8mmuVOknSXaQKsZc/4iC04S//XHJ3feomAvRn7TmzeNVJgbH29Yq1S+bWs39tE8rXqXK8txyBO97STxf85/uPvmkHVPWNZ9rTntX1pfXTwWBzccYi0IPjpc7b77L4KQewoBSj4ZAAAAAElFTkSuQmCC');
INSERT INTO journalentries(entry_id,journal_id,entry_title,entry,entry_time,entry_date,mins_ran,miles_ran,route) VALUES (198,'xsT-424','consectetuer eget','a libero nam dui','8:14 PM','7/20/2021',39.53,6.21,'data:image/png;base64,iVBORw0KGgoAAAANSUhEUgAAABAAAAAQCAYAAAAf8/9hAAAABGdBTUEAAK/INwWK6QAAABl0RVh0U29mdHdhcmUAQWRvYmUgSW1hZ2VSZWFkeXHJZTwAAAJ8SURBVDjLlZJZSJRRFMd/39JipZXZmCURrRBjKshkJW20CFGSQlAotENQr9FT1IP2HoFPFRFhCSMYGS1GEUUrkZHY2DItUs30kTnjrN9dehhzFAzqwuHcc+6f3z3ncIyL9/uPa80BqVWxUgqpQCiFlAqpNEKqESaRQiOVetZYv8gHYCutj9T5cgv4j3Piyrtlf+62VKoAoP3DBYQSCClwlcCVbtZLMfx2bEUjrisnjABoAHYt3fdPv8eSAldIsgCpAGh5EP4nwLaKfNIjAWIIALCzykPrwxA7VhUO5/yPQ9RVZmMnkhxdgSsVSmtsC/yPwliWSdvjMIYJ5pCo/WkYtKIodJ7C8V/wMh+oAMCUUqEB2zKoW+HBNqG20sN2n4canweAGp+H1RNusWBWiDlVu6ld8poXTYurAYxTbZ/0oU1F3O/5hWGM7tc2IZZS5DvX8ebdY3rpRmJ97xFRxcC7V/HAs679tisUWmvGWVBdPpPOLocNpdm1uP3yB4tzAkwt2YKMdzOxoJik7KNoTdkkEetvtoXKDNEyDTq7HIBhbxrgKuiLz2Ba/0dMy8EwY4zPcyAZZ/BbyrKFEJkZmLCupIB7rx3WejMVJMPdBB+dIX+6RokEpvoFZi7aTfPmciDZHYgctF2ZacE7dwrffiZYUJhD8Psg8vMNjM9Xmbe8Cp2+hSGj9NxMYSWTJFKSjx8i9Q0tQb8tpX54suVtWVqqya6QuEIiheLw7A7K128g7TRj21N5dSfNpU+bCedVMBiNd1y7UOMHQGs9pn1pq36SCjXpWGCrfn56ZfTsnoUNY+nsv63s16DTGRm4Oy/+M5bo7f1xdO+5t61j6X4DmUx477d3qncAAAAASUVORK5CYII=');
INSERT INTO journalentries(entry_id,journal_id,entry_title,entry,entry_time,entry_date,mins_ran,miles_ran,route) VALUES (199,'y9I-479','mattis nibh ligula','quis augue luctus tincidunt nulla','1:18 PM','6/30/2022',82.06,7.7,'data:image/png;base64,iVBORw0KGgoAAAANSUhEUgAAABAAAAAQCAYAAAAf8/9hAAAABGdBTUEAAK/INwWK6QAAABl0RVh0U29mdHdhcmUAQWRvYmUgSW1hZ2VSZWFkeXHJZTwAAAI2SURBVDjLpVNNaBNBFP42aZNqXEw1iv0xFUpBLWmrF0v1IpKiKOohBwUvhYDgz0G8eIugYBBFD+JBpV49ekqpHoQklGBpzNb0UIwkoFarIvnT5m9mfDPJhlJTEVx4vN3Z9/28eTOaEAL/87StXYjH409rtdq5arXaRhmUVVQqFZmf+Xy+sy0JDMPYTIAnTqfTZ7dvRJlA4BzKH7ns7HRienrqDH39SZBIJI5KsMvl6nE4HEhnPkGqcy7ABSciAUZk5XK5dQtUPOV2u9XCykoJVQK/NeaIgDfDO35MtdGSQPZos9mQz+fryoxh7+CIUhcNdbnZ6zqQzIxAskgORVo3ErOUmVKX/7qOn/q7g/peCVUsCQY9+5W66UKsswcW04FJoEikMqv3/k1PYzJ7H3xVXcsWmuAG0FSfXHyMn4UaEpkwcttSOH/vtCj8yhWyxR+3Q7eMm4pAWjNPpATxhmVOa1e2XsciZpEpxeA9fBC9WwbwauG5HktGboxe6nY2W5BTsFqtdWXGV41QIPk5jJHdw2AWhuEuL5hWxahnTEIvWhoOXkciERSLRei6jo4NdjqBmiJi5OJ7YRnt2iac3HNZubx65BH6tw/J1w5F4Pf7D6RSqROhUGguGg3DbtOwq68XbncP+nZ2I1/MYmFpBsGXE4og+GIC77/Oy9eStvY2BgKBcRrrHQqPeZk+8CTa+5cxNnQIAzv24d2XN5iZj+JjOndX+9frTBsWpHSBQqcoUDyMPVi69hviC4VQKCIpUgAAAABJRU5ErkJggg==');
INSERT INTO journalentries(entry_id,journal_id,entry_title,entry,entry_time,entry_date,mins_ran,miles_ran,route) VALUES (200,'pOO-016','augue luctus tincidunt nulla','nulla eget eros elementum pellentesque quisque','6:48 PM','4/7/2021',85.5,1.8,'data:image/png;base64,iVBORw0KGgoAAAANSUhEUgAAABAAAAAQCAYAAAAf8/9hAAAABGdBTUEAAK/INwWK6QAAABl0RVh0U29mdHdhcmUAQWRvYmUgSW1hZ2VSZWFkeXHJZTwAAAJlSURBVDjLpZNNSJRhEMd/z7u6666b6VaQFoohgYpYFHoKo2+SDnbo4smOHQUvfVy6CoHHTkUQHYLCgyAEK32AUUSHCqKMxYIs3ErXV3ff93memQ7FJhkdak7DMPPjz8z8jaryP1Hze8HNmKwqoyqcEKFPFVR4IsK0Clc2ndJwfb9Zr8DNmAEVrpnWsXbT2Icmc6AeLRfx354TvR0viDDSNKT3NwBc3gxp48CdYPswmtmMX3uNRF9QVwFTR1DXgbEB0fvbRJ/vn952Ru9WATZvcqrMJ3puZSUo4SsFsCuIi1Bf+QERxaRaSaR6WJ49G4rQ1jysXwMAFUaDtgtZTYJEBXCr5CeLIDH4mAf3QGyIK73AR+/IdF7IimcUIAAQYdA09SOVAurKqFgOnkyjYlFvOTAQohKhNsQtPaOmcTfiGVwP6CLVgLil6pCKRV2M+vhnblEfI1ERiPCe9uoZVSirqyTxDnxMuFzixdM5St9CEEd9xtDd3UAm5VECUEWExC8FngK2DCQJl1eYzb+iZUeWw8d3cehYG80taR4/WiBcKWOCDOJrsBFzVQUiTNni8z1BYyvp2rf0D3RSX1tGfAX1ETtbkuSae0n7j9Q09FIuzmNjptYrmFh7dTnEbSKR7SSbBpUIfFzdR9p/JFHfgaZ6WXh4ObQRE1VA02ldFGFkbe4G6A4SDf2YRA4VBVGC5FZqtx1BM4f48nISGzOy97wubnjlhZvmqHiu1neNtSe3dBPUBiAOF3lWF97waXa84Czn9l3U6T96AeDDdZMVz5gIJ7ynz8XgLE+cZdpZxvdf+ouZ/iW+AxEldjf3XZxpAAAAAElFTkSuQmCC');



DROP TABLE IF EXISTS organizations;

CREATE TABLE organizations (
	organization_id VARCHAR(4) NOT NULL,
	org_name VARCHAR(34) NOT NULL,
	org_number VARCHAR(50) NOT NULL,
	city VARCHAR(50) NOT NULL,
	usstate VARCHAR(50) NOT NULL,
	CONSTRAINT orgpk PRIMARY KEY (organization_id)
);

INSERT INTO organizations(organization_id,org_name,org_number,city,usstate) VALUES (1,'pede lobortis','919-249-9294','Raleigh','North Carolina');
INSERT INTO organizations(organization_id,org_name,org_number,city,usstate) VALUES (2,'quisque','813-318-8733','Tampa','Florida');
INSERT INTO organizations(organization_id,org_name,org_number,city,usstate) VALUES (3,'nibh fusce','812-446-0379','Evansville','Indiana');
INSERT INTO organizations(organization_id,org_name,org_number,city,usstate) VALUES (4,'non','330-176-4286','Warren','Ohio');
INSERT INTO organizations(organization_id,org_name,org_number,city,usstate) VALUES (5,'suscipit nulla','203-481-5227','New Haven','Connecticut');

DROP TABLE IF EXISTS raceorganizers;

CREATE TABLE raceorganizers (
	organizer_id INT NOT NULL,
	first_name VARCHAR(50) NOT NULL,
	last_name VARCHAR(50) NOT NULL,
	gender VARCHAR(50) NOT NULL,
	city VARCHAR(50) NOT NULL,
	usstate VARCHAR(50) NOT NULL,
	email VARCHAR(50) NOT NULL,
	organization_id VARCHAR(4) NOT NULL,
	CONSTRAINT organizerspk PRIMARY KEY (organizer_id),
	CONSTRAINT organizersfk_1
        FOREIGN KEY (organization_id) REFERENCES organizations (organization_id)
);

INSERT INTO raceorganizers(organizer_id,first_name,last_name,gender,city,usstate,email,organization_id) VALUES (1,'Berny','Rosenfelt','Polygender','Gastonia','North Carolina','brosenfelt0@ebay.com',5);
INSERT INTO raceorganizers(organizer_id,first_name,last_name,gender,city,usstate,email,organization_id) VALUES (2,'Gabriella','Kits','Female','San Francisco','California','gkits1@icq.com',4);
INSERT INTO raceorganizers(organizer_id,first_name,last_name,gender,city,usstate,email,organization_id) VALUES (3,'Sarajane','Roelvink','Genderfluid','Seattle','Washington','sroelvink2@cbsnews.com',2);
INSERT INTO raceorganizers(organizer_id,first_name,last_name,gender,city,usstate,email,organization_id) VALUES (4,'Carleton','Ganter','Male','Houston','Texas','cganter3@indiatimes.com',4);
INSERT INTO raceorganizers(organizer_id,first_name,last_name,gender,city,usstate,email,organization_id) VALUES (5,'Vincenty','Brito','Male','Newport News','Virginia','vbrito4@google.es',2);
INSERT INTO raceorganizers(organizer_id,first_name,last_name,gender,city,usstate,email,organization_id) VALUES (6,'Haven','Sallnow','Male','Bakersfield','California','hsallnow5@census.gov',5);
INSERT INTO raceorganizers(organizer_id,first_name,last_name,gender,city,usstate,email,organization_id) VALUES (7,'Sheffy','Seeviour','Male','San Diego','California','sseeviour6@feedburner.com',5);
INSERT INTO raceorganizers(organizer_id,first_name,last_name,gender,city,usstate,email,organization_id) VALUES (8,'Catlee','Koene','Female','Wichita','Kansas','ckoene7@mtv.com',5);
INSERT INTO raceorganizers(organizer_id,first_name,last_name,gender,city,usstate,email,organization_id) VALUES (9,'Josephina','Hoxey','Female','Tampa','Florida','jhoxey8@pen.io',5);
INSERT INTO raceorganizers(organizer_id,first_name,last_name,gender,city,usstate,email,organization_id) VALUES (10,'Gage','Edison','Male','Springfield','Missouri','gedison9@bloglines.com',5);
INSERT INTO raceorganizers(organizer_id,first_name,last_name,gender,city,usstate,email,organization_id) VALUES (11,'Earvin','Tunder','Male','Redwood City','California','etundera@squidoo.com',4);
INSERT INTO raceorganizers(organizer_id,first_name,last_name,gender,city,usstate,email,organization_id) VALUES (12,'Ariadne','Vedikhov','Female','Saint Louis','Missouri','avedikhovb@mozilla.com',5);
INSERT INTO raceorganizers(organizer_id,first_name,last_name,gender,city,usstate,email,organization_id) VALUES (13,'Rabbi','Gainsborough','Male','Canton','Ohio','rgainsboroughc@theglobeandmail.com',4);
INSERT INTO raceorganizers(organizer_id,first_name,last_name,gender,city,usstate,email,organization_id) VALUES (14,'Brooks','Lain','Male','El Paso','Texas','blaind@elegantthemes.com',2);
INSERT INTO raceorganizers(organizer_id,first_name,last_name,gender,city,usstate,email,organization_id) VALUES (15,'Francisca','Lantuff','Agender','Evansville','Indiana','flantuffe@networkadvertising.org',3);
INSERT INTO raceorganizers(organizer_id,first_name,last_name,gender,city,usstate,email,organization_id) VALUES (16,'Haley','Alliott','Male','Madison','Wisconsin','halliottf@quantcast.com',3);
INSERT INTO raceorganizers(organizer_id,first_name,last_name,gender,city,usstate,email,organization_id) VALUES (17,'Hillyer','Mc Dermid','Male','Sacramento','California','hmcdermidg@purevolume.com',3);
INSERT INTO raceorganizers(organizer_id,first_name,last_name,gender,city,usstate,email,organization_id) VALUES (18,'Dode','Nannizzi','Female','Van Nuys','California','dnannizzih@usnews.com',4);
INSERT INTO raceorganizers(organizer_id,first_name,last_name,gender,city,usstate,email,organization_id) VALUES (19,'Anabel','Zanicchi','Female','Las Cruces','New Mexico','azanicchii@comcast.net',5);
INSERT INTO raceorganizers(organizer_id,first_name,last_name,gender,city,usstate,email,organization_id) VALUES (20,'Juliane','Aughton','Female','Miami','Florida','jaughtonj@reference.com',4);
INSERT INTO raceorganizers(organizer_id,first_name,last_name,gender,city,usstate,email,organization_id) VALUES (21,'Olia','Skellorne','Female','New York City','New York','oskellornek@nifty.com',5);
INSERT INTO raceorganizers(organizer_id,first_name,last_name,gender,city,usstate,email,organization_id) VALUES (22,'Cleopatra','Barke','Female','Houston','Texas','cbarkel@indiatimes.com',2);
INSERT INTO raceorganizers(organizer_id,first_name,last_name,gender,city,usstate,email,organization_id) VALUES (23,'Arte','Bonavia','Male','Springfield','Massachusetts','abonaviam@odnoklassniki.ru',3);
INSERT INTO raceorganizers(organizer_id,first_name,last_name,gender,city,usstate,email,organization_id) VALUES (24,'Lou','Aime','Female','Jacksonville','Florida','laimen@joomla.org',1);
INSERT INTO raceorganizers(organizer_id,first_name,last_name,gender,city,usstate,email,organization_id) VALUES (25,'Ragnar','Triebner','Male','New York City','New York','rtriebnero@newsvine.com',1);
INSERT INTO raceorganizers(organizer_id,first_name,last_name,gender,city,usstate,email,organization_id) VALUES (26,'Cecil','Dilliway','Male','Indianapolis','Indiana','cdilliwayp@51.la',2);
INSERT INTO raceorganizers(organizer_id,first_name,last_name,gender,city,usstate,email,organization_id) VALUES (27,'Nolie','Matusovsky','Female','Austin','Texas','nmatusovskyq@cnet.com',5);
INSERT INTO raceorganizers(organizer_id,first_name,last_name,gender,city,usstate,email,organization_id) VALUES (28,'Katlin','Chimes','Female','Oklahoma City','Oklahoma','kchimesr@illinois.edu',4);
INSERT INTO raceorganizers(organizer_id,first_name,last_name,gender,city,usstate,email,organization_id) VALUES (29,'Leodora','Scholer','Female','Columbus','Ohio','lscholers@theglobeandmail.com',3);
INSERT INTO raceorganizers(organizer_id,first_name,last_name,gender,city,usstate,email,organization_id) VALUES (30,'Onfroi','Lenham','Male','Lexington','Kentucky','olenhamt@alexa.com',5);


DROP TABLE IF EXISTS races;

CREATE TABLE races (
	race_id INT NOT NULL,
	race_name VARCHAR(124) NOT NULL,
	race_city VARCHAR(13) NOT NULL,
	race_state VARCHAR(50) NOT NULL,
	race_date VARCHAR(15) NOT NULL,
	race_desc TEXT NOT NULL,
	start_time VARCHAR(7) NOT NULL,
	organizer_id INT NOT NULL,
	CONSTRAINT racespk PRIMARY KEY (race_id),
	CONSTRAINT racesfk_1
        FOREIGN KEY (organizer_id) REFERENCES raceorganizers (organizer_id)
);

INSERT INTO races(race_id,race_name,race_city,race_state,race_date,race_desc,start_time,organizer_id) VALUES (1,'aliquam sit','Columbus','Georgia','11/29/2029','quam sollicitudin vitae consectetuer eget rutrum at','8:00 AM',29);
INSERT INTO races(race_id,race_name,race_city,race_state,race_date,race_desc,start_time,organizer_id) VALUES (2,'donec odio justo','Carson City','Nevada','2/26/2029','porttitor id consequat in consequat ut nulla','9:00 AM',16);
INSERT INTO races(race_id,race_name,race_city,race_state,race_date,race_desc,start_time,organizer_id) VALUES (3,'odio consequat varius','Syracuse','New York','5/13/2028','in sapien iaculis congue vivamus','8:30 AM',11);
INSERT INTO races(race_id,race_name,race_city,race_state,race_date,race_desc,start_time,organizer_id) VALUES (4,'molestie hendrerit at vulputate','Richmond','Virginia','1/6/2024','ultrices enim lorem ipsum dolor','8:00 AM',11);
INSERT INTO races(race_id,race_name,race_city,race_state,race_date,race_desc,start_time,organizer_id) VALUES (5,'quis orci nullam molestie nibh','Dayton','Ohio','12/4/2023','in purus eu magna vulputate luctus cum sociis','9:00 AM',13);
INSERT INTO races(race_id,race_name,race_city,race_state,race_date,race_desc,start_time,organizer_id) VALUES (6,'lobortis vel dapibus at','Santa Cruz','California','2/6/2027','eros vestibulum ac est lacinia','8:30 AM',11);
INSERT INTO races(race_id,race_name,race_city,race_state,race_date,race_desc,start_time,organizer_id) VALUES (7,'mi sit amet lobortis','Albuquerque','New Mexico','12/22/2025','mauris laoreet ut rhoncus aliquet','8:00 AM',1);
INSERT INTO races(race_id,race_name,race_city,race_state,race_date,race_desc,start_time,organizer_id) VALUES (8,'ornare consequat lectus in est','Denton','Texas','9/24/2029','donec ut mauris eget massa tempor convallis nulla','9:00 AM',10);
INSERT INTO races(race_id,race_name,race_city,race_state,race_date,race_desc,start_time,organizer_id) VALUES (9,'sapien a libero','San Antonio','Texas','6/9/2027','tincidunt ante vel ipsum praesent blandit lacinia erat vestibulum','8:30 AM',8);
INSERT INTO races(race_id,race_name,race_city,race_state,race_date,race_desc,start_time,organizer_id) VALUES (10,'pede lobortis','Jamaica','New York','10/16/2025','suspendisse ornare consequat lectus in est risus auctor sed','8:00 AM',12);
INSERT INTO races(race_id,race_name,race_city,race_state,race_date,race_desc,start_time,organizer_id) VALUES (11,'nisl ut volutpat sapien arcu','Miami','Florida','11/21/2028','id nulla ultrices aliquet maecenas leo odio condimentum id luctus','9:00 AM',14);
INSERT INTO races(race_id,race_name,race_city,race_state,race_date,race_desc,start_time,organizer_id) VALUES (12,'felis ut at dolor','Pompano Beach','Florida','8/22/2023','ante ipsum primis in faucibus','8:30 AM',6);
INSERT INTO races(race_id,race_name,race_city,race_state,race_date,race_desc,start_time,organizer_id) VALUES (13,'commodo placerat praesent blandit nam','Milwaukee','Wisconsin','8/1/2023','convallis nulla neque libero convallis eget eleifend','8:00 AM',4);
INSERT INTO races(race_id,race_name,race_city,race_state,race_date,race_desc,start_time,organizer_id) VALUES (14,'rutrum nulla nunc purus phasellus','Kansas City','Missouri','10/26/2024','hac habitasse platea dictumst morbi vestibulum velit id pretium iaculis','9:00 AM',30);
INSERT INTO races(race_id,race_name,race_city,race_state,race_date,race_desc,start_time,organizer_id) VALUES (15,'non sodales sed tincidunt','Albany','New York','4/27/2026','libero non mattis pulvinar nulla pede ullamcorper augue a suscipit','8:30 AM',26);
INSERT INTO races(race_id,race_name,race_city,race_state,race_date,race_desc,start_time,organizer_id) VALUES (16,'pulvinar nulla pede ullamcorper','Louisville','Kentucky','9/11/2023','vestibulum aliquet ultrices erat tortor sollicitudin mi sit','8:00 AM',12);
INSERT INTO races(race_id,race_name,race_city,race_state,race_date,race_desc,start_time,organizer_id) VALUES (17,'vivamus vel nulla','Erie','Pennsylvania','12/5/2023','convallis nulla neque libero convallis eget','9:00 AM',16);
INSERT INTO races(race_id,race_name,race_city,race_state,race_date,race_desc,start_time,organizer_id) VALUES (18,'dolor morbi vel','San Francisco','California','10/24/2029','vestibulum eget vulputate ut ultrices vel','8:30 AM',25);
INSERT INTO races(race_id,race_name,race_city,race_state,race_date,race_desc,start_time,organizer_id) VALUES (19,'quisque arcu libero','Albany','New York','7/28/2030','interdum venenatis turpis enim blandit mi in porttitor pede','8:00 AM',28);
INSERT INTO races(race_id,race_name,race_city,race_state,race_date,race_desc,start_time,organizer_id) VALUES (20,'amet lobortis','Fairfield','Connecticut','2/4/2029','eleifend pede libero quis orci nullam molestie','9:00 AM',16);


DROP TABLE IF EXISTS volunteers;

CREATE TABLE volunteers (
	volunteer_id INT NOT NULL,
	first_name VARCHAR(50) NOT NULL,
	last_name VARCHAR(50) NOT NULL,
	gender VARCHAR(50) NOT NULL,
	age INT NOT NULL,
	job_desc TEXT NOT NULL,
	race_id INT NOT NULL,
	CONSTRAINT volpk PRIMARY KEY (volunteer_id),
	CONSTRAINT volfk_1
        FOREIGN KEY (race_id) REFERENCES races (race_id)
);

INSERT INTO volunteers(volunteer_id,first_name,last_name,gender,age,job_desc,race_id) VALUES (1,'Aime','Risley','Female',24,'rutrum neque aenean',3);
INSERT INTO volunteers(volunteer_id,first_name,last_name,gender,age,job_desc,race_id) VALUES (2,'Eli','De Caville','Male',34,'metus aenean fermentum',11);
INSERT INTO volunteers(volunteer_id,first_name,last_name,gender,age,job_desc,race_id) VALUES (3,'Cyrill','Ickeringill','Male',20,'sollicitudin vitae',20);
INSERT INTO volunteers(volunteer_id,first_name,last_name,gender,age,job_desc,race_id) VALUES (4,'Angeli','Skelhorne','Male',43,'eu',19);
INSERT INTO volunteers(volunteer_id,first_name,last_name,gender,age,job_desc,race_id) VALUES (5,'Kain','Baswall','Genderfluid',36,'cras',1);
INSERT INTO volunteers(volunteer_id,first_name,last_name,gender,age,job_desc,race_id) VALUES (6,'Aube','Gheorghe','Male',29,'neque libero convallis',15);
INSERT INTO volunteers(volunteer_id,first_name,last_name,gender,age,job_desc,race_id) VALUES (7,'Lenci','Triggle','Male',32,'ut massa volutpat',12);
INSERT INTO volunteers(volunteer_id,first_name,last_name,gender,age,job_desc,race_id) VALUES (8,'Minne','Challice','Female',19,'sodales sed',10);
INSERT INTO volunteers(volunteer_id,first_name,last_name,gender,age,job_desc,race_id) VALUES (9,'Opal','Bromhead','Polygender',43,'quisque arcu libero',9);
INSERT INTO volunteers(volunteer_id,first_name,last_name,gender,age,job_desc,race_id) VALUES (10,'Ardelia','Banasiak','Female',39,'ipsum primis',6);
INSERT INTO volunteers(volunteer_id,first_name,last_name,gender,age,job_desc,race_id) VALUES (11,'Natty','Padefield','Male',50,'sit',19);
INSERT INTO volunteers(volunteer_id,first_name,last_name,gender,age,job_desc,race_id) VALUES (12,'Hercules','Roche','Male',33,'curabitur in',3);
INSERT INTO volunteers(volunteer_id,first_name,last_name,gender,age,job_desc,race_id) VALUES (13,'Ruthy','Toohey','Female',43,'volutpat quam',5);
INSERT INTO volunteers(volunteer_id,first_name,last_name,gender,age,job_desc,race_id) VALUES (14,'Cassandra','Beveridge','Female',50,'magna vulputate luctus',11);
INSERT INTO volunteers(volunteer_id,first_name,last_name,gender,age,job_desc,race_id) VALUES (15,'Tobe','Bealing','Male',45,'in congue',12);
INSERT INTO volunteers(volunteer_id,first_name,last_name,gender,age,job_desc,race_id) VALUES (16,'Constantia','Hancill','Female',24,'convallis nulla',6);
INSERT INTO volunteers(volunteer_id,first_name,last_name,gender,age,job_desc,race_id) VALUES (17,'Ora','Havile','Female',16,'ante nulla justo',1);
INSERT INTO volunteers(volunteer_id,first_name,last_name,gender,age,job_desc,race_id) VALUES (18,'Rosaline','Rau','Female',50,'eros vestibulum',18);
INSERT INTO volunteers(volunteer_id,first_name,last_name,gender,age,job_desc,race_id) VALUES (19,'Torrey','MacKnocker','Male',35,'rutrum ac lobortis',13);
INSERT INTO volunteers(volunteer_id,first_name,last_name,gender,age,job_desc,race_id) VALUES (20,'Barrie','Bracknall','Male',35,'turpis',2);
INSERT INTO volunteers(volunteer_id,first_name,last_name,gender,age,job_desc,race_id) VALUES (21,'Sidney','Cornil','Male',48,'montes nascetur ridiculus',4);
INSERT INTO volunteers(volunteer_id,first_name,last_name,gender,age,job_desc,race_id) VALUES (22,'Kevon','Rosenfarb','Male',20,'in',9);
INSERT INTO volunteers(volunteer_id,first_name,last_name,gender,age,job_desc,race_id) VALUES (23,'Clea','Samways','Female',23,'magna',12);
INSERT INTO volunteers(volunteer_id,first_name,last_name,gender,age,job_desc,race_id) VALUES (24,'Dorian','Phlippsen','Female',48,'odio cras mi',2);
INSERT INTO volunteers(volunteer_id,first_name,last_name,gender,age,job_desc,race_id) VALUES (25,'Joel','Camp','Male',22,'nulla mollis',18);
INSERT INTO volunteers(volunteer_id,first_name,last_name,gender,age,job_desc,race_id) VALUES (26,'Giorgi','Gerrish','Male',18,'in',10);
INSERT INTO volunteers(volunteer_id,first_name,last_name,gender,age,job_desc,race_id) VALUES (27,'Abbe','Ferreri','Male',41,'massa',11);
INSERT INTO volunteers(volunteer_id,first_name,last_name,gender,age,job_desc,race_id) VALUES (28,'Cordey','Champion','Female',34,'lorem integer',15);
INSERT INTO volunteers(volunteer_id,first_name,last_name,gender,age,job_desc,race_id) VALUES (29,'Chaddy','Kivits','Genderqueer',23,'nibh',20);
INSERT INTO volunteers(volunteer_id,first_name,last_name,gender,age,job_desc,race_id) VALUES (30,'Zackariah','Fried','Male',23,'nisl',3);
INSERT INTO volunteers(volunteer_id,first_name,last_name,gender,age,job_desc,race_id) VALUES (31,'Obediah','Ogbourne','Bigender',18,'non velit donec',12);
INSERT INTO volunteers(volunteer_id,first_name,last_name,gender,age,job_desc,race_id) VALUES (32,'Shantee','Bjerkan','Female',24,'urna',10);
INSERT INTO volunteers(volunteer_id,first_name,last_name,gender,age,job_desc,race_id) VALUES (33,'Clarice','Crummay','Female',35,'cras',9);
INSERT INTO volunteers(volunteer_id,first_name,last_name,gender,age,job_desc,race_id) VALUES (34,'Arch','Osban','Male',45,'commodo',13);
INSERT INTO volunteers(volunteer_id,first_name,last_name,gender,age,job_desc,race_id) VALUES (35,'Loralee','Andrag','Female',29,'vel augue vestibulum',16);
INSERT INTO volunteers(volunteer_id,first_name,last_name,gender,age,job_desc,race_id) VALUES (36,'Nicoline','Wratten','Female',31,'orci',2);
INSERT INTO volunteers(volunteer_id,first_name,last_name,gender,age,job_desc,race_id) VALUES (37,'Wadsworth','Spridgeon','Male',41,'lorem vitae mattis',18);
INSERT INTO volunteers(volunteer_id,first_name,last_name,gender,age,job_desc,race_id) VALUES (38,'Moyra','Beacham','Female',32,'felis ut at',17);
INSERT INTO volunteers(volunteer_id,first_name,last_name,gender,age,job_desc,race_id) VALUES (39,'Grier','Downage','Female',17,'ut volutpat sapien',14);
INSERT INTO volunteers(volunteer_id,first_name,last_name,gender,age,job_desc,race_id) VALUES (40,'Saree','MacDearmaid','Female',44,'erat',11);
INSERT INTO volunteers(volunteer_id,first_name,last_name,gender,age,job_desc,race_id) VALUES (41,'Powell','Acomb','Male',17,'eu magna',12);
INSERT INTO volunteers(volunteer_id,first_name,last_name,gender,age,job_desc,race_id) VALUES (42,'Karel','Standering','Male',20,'lobortis ligula sit',8);
INSERT INTO volunteers(volunteer_id,first_name,last_name,gender,age,job_desc,race_id) VALUES (43,'Irma','Rodge','Female',28,'in hac',17);
INSERT INTO volunteers(volunteer_id,first_name,last_name,gender,age,job_desc,race_id) VALUES (44,'Glynda','Cory','Female',30,'nec nisi',19);
INSERT INTO volunteers(volunteer_id,first_name,last_name,gender,age,job_desc,race_id) VALUES (45,'Washington','Skeels','Male',44,'turpis a pede',4);
INSERT INTO volunteers(volunteer_id,first_name,last_name,gender,age,job_desc,race_id) VALUES (46,'Mickey','Newband','Male',38,'volutpat eleifend donec',10);
INSERT INTO volunteers(volunteer_id,first_name,last_name,gender,age,job_desc,race_id) VALUES (47,'Kennedy','Sumption','Male',34,'molestie lorem quisque',9);
INSERT INTO volunteers(volunteer_id,first_name,last_name,gender,age,job_desc,race_id) VALUES (48,'Robin','Bacup','Bigender',29,'in',2);
INSERT INTO volunteers(volunteer_id,first_name,last_name,gender,age,job_desc,race_id) VALUES (49,'Tommie','Joe','Male',41,'nisl',5);
INSERT INTO volunteers(volunteer_id,first_name,last_name,gender,age,job_desc,race_id) VALUES (50,'Rochester','Illston','Male',33,'nulla ultrices',18);
INSERT INTO volunteers(volunteer_id,first_name,last_name,gender,age,job_desc,race_id) VALUES (51,'Kellyann','Grimble','Female',35,'habitasse platea dictumst',10);
INSERT INTO volunteers(volunteer_id,first_name,last_name,gender,age,job_desc,race_id) VALUES (52,'Hildagard','Jozsa','Female',33,'nibh',16);
INSERT INTO volunteers(volunteer_id,first_name,last_name,gender,age,job_desc,race_id) VALUES (53,'Hortensia','Sempill','Female',26,'ac',19);
INSERT INTO volunteers(volunteer_id,first_name,last_name,gender,age,job_desc,race_id) VALUES (54,'Melodee','Buxam','Female',23,'etiam justo etiam',9);
INSERT INTO volunteers(volunteer_id,first_name,last_name,gender,age,job_desc,race_id) VALUES (55,'Mufi','Kopecka','Female',43,'vulputate ut ultrices',15);
INSERT INTO volunteers(volunteer_id,first_name,last_name,gender,age,job_desc,race_id) VALUES (56,'Caitrin','Jaskowicz','Female',23,'ultrices',11);
INSERT INTO volunteers(volunteer_id,first_name,last_name,gender,age,job_desc,race_id) VALUES (57,'Kennett','Wheeliker','Male',25,'felis ut at',20);
INSERT INTO volunteers(volunteer_id,first_name,last_name,gender,age,job_desc,race_id) VALUES (58,'Hannis','Nibloe','Female',16,'urna',4);
INSERT INTO volunteers(volunteer_id,first_name,last_name,gender,age,job_desc,race_id) VALUES (59,'Ginelle','Morriarty','Female',24,'dictumst',14);
INSERT INTO volunteers(volunteer_id,first_name,last_name,gender,age,job_desc,race_id) VALUES (60,'Nerissa','Gorhardt','Female',39,'et magnis dis',13);
INSERT INTO volunteers(volunteer_id,first_name,last_name,gender,age,job_desc,race_id) VALUES (61,'Nelson','Zeal','Male',38,'montes',2);
INSERT INTO volunteers(volunteer_id,first_name,last_name,gender,age,job_desc,race_id) VALUES (62,'Gunner','Hills','Male',29,'eget tincidunt eget',20);
INSERT INTO volunteers(volunteer_id,first_name,last_name,gender,age,job_desc,race_id) VALUES (63,'Tedra','Bostick','Female',21,'ante vel ipsum',12);
INSERT INTO volunteers(volunteer_id,first_name,last_name,gender,age,job_desc,race_id) VALUES (64,'Aarika','Ogilby','Female',47,'augue quam',3);
INSERT INTO volunteers(volunteer_id,first_name,last_name,gender,age,job_desc,race_id) VALUES (65,'Akim','Ketts','Agender',24,'habitasse platea',18);
INSERT INTO volunteers(volunteer_id,first_name,last_name,gender,age,job_desc,race_id) VALUES (66,'Hillyer','Shepherd','Male',43,'ultrices phasellus',8);
INSERT INTO volunteers(volunteer_id,first_name,last_name,gender,age,job_desc,race_id) VALUES (67,'Vicki','Swinnard','Female',25,'tortor',7);
INSERT INTO volunteers(volunteer_id,first_name,last_name,gender,age,job_desc,race_id) VALUES (68,'Bale','Hawksley','Male',25,'ac nulla sed',13);
INSERT INTO volunteers(volunteer_id,first_name,last_name,gender,age,job_desc,race_id) VALUES (69,'Ker','Scyone','Male',32,'orci luctus',14);
INSERT INTO volunteers(volunteer_id,first_name,last_name,gender,age,job_desc,race_id) VALUES (70,'Veradis','Thome','Female',30,'neque sapien',15);
INSERT INTO volunteers(volunteer_id,first_name,last_name,gender,age,job_desc,race_id) VALUES (71,'Albina','Van der Mark','Female',19,'pede venenatis',10);
INSERT INTO volunteers(volunteer_id,first_name,last_name,gender,age,job_desc,race_id) VALUES (72,'Willis','Faraday','Male',25,'est',19);
INSERT INTO volunteers(volunteer_id,first_name,last_name,gender,age,job_desc,race_id) VALUES (73,'Gilbertine','Ferrers','Female',23,'convallis',1);
INSERT INTO volunteers(volunteer_id,first_name,last_name,gender,age,job_desc,race_id) VALUES (74,'Constantine','Buckhurst','Male',26,'platea',5);
INSERT INTO volunteers(volunteer_id,first_name,last_name,gender,age,job_desc,race_id) VALUES (75,'Emmie','Breche','Bigender',22,'nulla facilisi cras',7);
INSERT INTO volunteers(volunteer_id,first_name,last_name,gender,age,job_desc,race_id) VALUES (76,'Doll','Janaud','Female',39,'massa id nisl',6);
INSERT INTO volunteers(volunteer_id,first_name,last_name,gender,age,job_desc,race_id) VALUES (77,'Cash','Lissenden','Male',19,'amet',16);
INSERT INTO volunteers(volunteer_id,first_name,last_name,gender,age,job_desc,race_id) VALUES (78,'Jordan','Spellworth','Agender',48,'tortor',17);
INSERT INTO volunteers(volunteer_id,first_name,last_name,gender,age,job_desc,race_id) VALUES (79,'Lacie','Beades','Polygender',50,'molestie',3);
INSERT INTO volunteers(volunteer_id,first_name,last_name,gender,age,job_desc,race_id) VALUES (80,'Anselma','Gurry','Female',37,'mauris lacinia',2);
INSERT INTO volunteers(volunteer_id,first_name,last_name,gender,age,job_desc,race_id) VALUES (81,'Burgess','Soan','Male',36,'vel nulla',11);
INSERT INTO volunteers(volunteer_id,first_name,last_name,gender,age,job_desc,race_id) VALUES (82,'Danila','Rountree','Female',39,'vivamus metus arcu',8);
INSERT INTO volunteers(volunteer_id,first_name,last_name,gender,age,job_desc,race_id) VALUES (83,'Worth','Cottrell','Male',40,'semper porta volutpat',13);
INSERT INTO volunteers(volunteer_id,first_name,last_name,gender,age,job_desc,race_id) VALUES (84,'Andonis','Swepson','Male',41,'vivamus',16);
INSERT INTO volunteers(volunteer_id,first_name,last_name,gender,age,job_desc,race_id) VALUES (85,'Orland','Shitliff','Male',49,'tempor turpis nec',20);
INSERT INTO volunteers(volunteer_id,first_name,last_name,gender,age,job_desc,race_id) VALUES (86,'Janelle','Jagiela','Female',33,'semper porta volutpat',5);
INSERT INTO volunteers(volunteer_id,first_name,last_name,gender,age,job_desc,race_id) VALUES (87,'Janette','Curbishley','Female',18,'etiam vel',10);
INSERT INTO volunteers(volunteer_id,first_name,last_name,gender,age,job_desc,race_id) VALUES (88,'Bevvy','Krojn','Female',21,'felis sed',17);
INSERT INTO volunteers(volunteer_id,first_name,last_name,gender,age,job_desc,race_id) VALUES (89,'Bran','Dallin','Male',30,'eu interdum',19);
INSERT INTO volunteers(volunteer_id,first_name,last_name,gender,age,job_desc,race_id) VALUES (90,'Lyon','Guiu','Male',40,'donec ut dolor',18);
INSERT INTO volunteers(volunteer_id,first_name,last_name,gender,age,job_desc,race_id) VALUES (91,'Augie','Balcers','Male',24,'nec',14);
INSERT INTO volunteers(volunteer_id,first_name,last_name,gender,age,job_desc,race_id) VALUES (92,'Leta','Willan','Female',33,'fringilla rhoncus mauris',6);
INSERT INTO volunteers(volunteer_id,first_name,last_name,gender,age,job_desc,race_id) VALUES (93,'Blaine','Bosenworth','Male',28,'ultrices posuere cubilia',20);
INSERT INTO volunteers(volunteer_id,first_name,last_name,gender,age,job_desc,race_id) VALUES (94,'Nickolaus','Gunthorpe','Male',43,'cras pellentesque volutpat',7);
INSERT INTO volunteers(volunteer_id,first_name,last_name,gender,age,job_desc,race_id) VALUES (95,'Alyse','Breddy','Female',17,'quis',8);
INSERT INTO volunteers(volunteer_id,first_name,last_name,gender,age,job_desc,race_id) VALUES (96,'Herta','Jiles','Female',26,'lectus',4);
INSERT INTO volunteers(volunteer_id,first_name,last_name,gender,age,job_desc,race_id) VALUES (97,'Reagan','McKeaveney','Male',17,'tortor eu',12);
INSERT INTO volunteers(volunteer_id,first_name,last_name,gender,age,job_desc,race_id) VALUES (98,'Ellyn','Titmuss','Female',20,'in',15);
INSERT INTO volunteers(volunteer_id,first_name,last_name,gender,age,job_desc,race_id) VALUES (99,'Jerrold','Myton','Male',43,'ultrices enim lorem',1);
INSERT INTO volunteers(volunteer_id,first_name,last_name,gender,age,job_desc,race_id) VALUES (100,'Gerry','Errol','Female',48,'justo maecenas rhoncus',5);
INSERT INTO volunteers(volunteer_id,first_name,last_name,gender,age,job_desc,race_id) VALUES (101,'Verene','Punshon','Female',27,'velit',1);
INSERT INTO volunteers(volunteer_id,first_name,last_name,gender,age,job_desc,race_id) VALUES (102,'Tedda','McIlraith','Female',50,'in',14);
INSERT INTO volunteers(volunteer_id,first_name,last_name,gender,age,job_desc,race_id) VALUES (103,'Genny','Arnholdt','Female',24,'libero quis orci',20);
INSERT INTO volunteers(volunteer_id,first_name,last_name,gender,age,job_desc,race_id) VALUES (104,'Torrance','Learmonth','Male',47,'aliquam',9);
INSERT INTO volunteers(volunteer_id,first_name,last_name,gender,age,job_desc,race_id) VALUES (105,'Sibel','Jedrzejczak','Female',34,'odio porttitor id',6);
INSERT INTO volunteers(volunteer_id,first_name,last_name,gender,age,job_desc,race_id) VALUES (106,'Chico','Stickles','Male',42,'potenti',11);
INSERT INTO volunteers(volunteer_id,first_name,last_name,gender,age,job_desc,race_id) VALUES (107,'Kev','Hupe','Male',24,'sapien dignissim vestibulum',8);
INSERT INTO volunteers(volunteer_id,first_name,last_name,gender,age,job_desc,race_id) VALUES (108,'Jereme','Teek','Male',41,'ac',5);
INSERT INTO volunteers(volunteer_id,first_name,last_name,gender,age,job_desc,race_id) VALUES (109,'Trevar','Rentelll','Male',23,'consectetuer adipiscing',13);
INSERT INTO volunteers(volunteer_id,first_name,last_name,gender,age,job_desc,race_id) VALUES (110,'Colman','Domenichini','Male',37,'ac',4);
INSERT INTO volunteers(volunteer_id,first_name,last_name,gender,age,job_desc,race_id) VALUES (111,'Chery','Collman','Female',40,'in',7);
INSERT INTO volunteers(volunteer_id,first_name,last_name,gender,age,job_desc,race_id) VALUES (112,'Debbi','Spraging','Female',41,'id mauris vulputate',15);
INSERT INTO volunteers(volunteer_id,first_name,last_name,gender,age,job_desc,race_id) VALUES (113,'Kylynn','Vize','Female',30,'lectus in quam',17);
INSERT INTO volunteers(volunteer_id,first_name,last_name,gender,age,job_desc,race_id) VALUES (114,'Rozamond','Andersch','Female',21,'vel',12);
INSERT INTO volunteers(volunteer_id,first_name,last_name,gender,age,job_desc,race_id) VALUES (115,'Padriac','Pleavin','Male',20,'turpis',1);
INSERT INTO volunteers(volunteer_id,first_name,last_name,gender,age,job_desc,race_id) VALUES (116,'Zaria','O''Siaghail','Female',24,'porttitor',11);
INSERT INTO volunteers(volunteer_id,first_name,last_name,gender,age,job_desc,race_id) VALUES (117,'Mireille','Dowling','Female',50,'magnis',4);
INSERT INTO volunteers(volunteer_id,first_name,last_name,gender,age,job_desc,race_id) VALUES (118,'Jeno','Hinckes','Male',34,'tempus vel',6);
INSERT INTO volunteers(volunteer_id,first_name,last_name,gender,age,job_desc,race_id) VALUES (119,'Roth','Glinde','Polygender',17,'non sodales',16);
INSERT INTO volunteers(volunteer_id,first_name,last_name,gender,age,job_desc,race_id) VALUES (120,'Estel','Grenkov','Female',35,'eget nunc',14);
INSERT INTO volunteers(volunteer_id,first_name,last_name,gender,age,job_desc,race_id) VALUES (121,'Judon','Keme','Male',23,'aliquet maecenas',19);
INSERT INTO volunteers(volunteer_id,first_name,last_name,gender,age,job_desc,race_id) VALUES (122,'Johannah','Milsap','Female',34,'congue',15);
INSERT INTO volunteers(volunteer_id,first_name,last_name,gender,age,job_desc,race_id) VALUES (123,'Angel','Huddleston','Male',34,'in',10);
INSERT INTO volunteers(volunteer_id,first_name,last_name,gender,age,job_desc,race_id) VALUES (124,'Derward','Huscroft','Male',20,'sit amet turpis',3);
INSERT INTO volunteers(volunteer_id,first_name,last_name,gender,age,job_desc,race_id) VALUES (125,'Oren','Mebes','Male',24,'quisque porta',20);
INSERT INTO volunteers(volunteer_id,first_name,last_name,gender,age,job_desc,race_id) VALUES (126,'Arabella','Botler','Female',20,'in',11);
INSERT INTO volunteers(volunteer_id,first_name,last_name,gender,age,job_desc,race_id) VALUES (127,'Jeannie','Eacle','Female',25,'ultrices enim',9);
INSERT INTO volunteers(volunteer_id,first_name,last_name,gender,age,job_desc,race_id) VALUES (128,'Kelsey','Marmion','Male',38,'velit',4);
INSERT INTO volunteers(volunteer_id,first_name,last_name,gender,age,job_desc,race_id) VALUES (129,'Robinett','Kaszper','Female',27,'libero',8);
INSERT INTO volunteers(volunteer_id,first_name,last_name,gender,age,job_desc,race_id) VALUES (130,'Kirstyn','Headley','Female',47,'suspendisse potenti',16);
INSERT INTO volunteers(volunteer_id,first_name,last_name,gender,age,job_desc,race_id) VALUES (131,'Gene','Sorrie','Male',38,'faucibus orci',16);
INSERT INTO volunteers(volunteer_id,first_name,last_name,gender,age,job_desc,race_id) VALUES (132,'Christiana','Fumagall','Agender',38,'ullamcorper purus',15);
INSERT INTO volunteers(volunteer_id,first_name,last_name,gender,age,job_desc,race_id) VALUES (133,'Allina','Snoddin','Female',40,'integer aliquet massa',14);
INSERT INTO volunteers(volunteer_id,first_name,last_name,gender,age,job_desc,race_id) VALUES (134,'Quincey','Josephson','Male',48,'interdum mauris non',11);
INSERT INTO volunteers(volunteer_id,first_name,last_name,gender,age,job_desc,race_id) VALUES (135,'Calida','Michurin','Female',38,'vel ipsum praesent',4);
INSERT INTO volunteers(volunteer_id,first_name,last_name,gender,age,job_desc,race_id) VALUES (136,'Jeremiah','Tocknell','Non-binary',34,'mauris',7);
INSERT INTO volunteers(volunteer_id,first_name,last_name,gender,age,job_desc,race_id) VALUES (137,'Minnaminnie','Franceschino','Female',41,'id sapien',10);
INSERT INTO volunteers(volunteer_id,first_name,last_name,gender,age,job_desc,race_id) VALUES (138,'Maurits','Ganiclef','Genderfluid',19,'quisque',1);
INSERT INTO volunteers(volunteer_id,first_name,last_name,gender,age,job_desc,race_id) VALUES (139,'Myrle','McLukie','Female',29,'nulla ultrices',9);
INSERT INTO volunteers(volunteer_id,first_name,last_name,gender,age,job_desc,race_id) VALUES (140,'Rhona','Scollard','Female',50,'nulla nunc purus',2);
INSERT INTO volunteers(volunteer_id,first_name,last_name,gender,age,job_desc,race_id) VALUES (141,'Bel','Vinten','Female',41,'sem mauris laoreet',6);
INSERT INTO volunteers(volunteer_id,first_name,last_name,gender,age,job_desc,race_id) VALUES (142,'Tammie','Jolliss','Male',40,'justo',13);
INSERT INTO volunteers(volunteer_id,first_name,last_name,gender,age,job_desc,race_id) VALUES (143,'Edwina','Blazej','Genderqueer',30,'in faucibus orci',3);
INSERT INTO volunteers(volunteer_id,first_name,last_name,gender,age,job_desc,race_id) VALUES (144,'Lanny','Roadnight','Male',39,'quisque',15);
INSERT INTO volunteers(volunteer_id,first_name,last_name,gender,age,job_desc,race_id) VALUES (145,'Stacee','Ewols','Male',36,'hac habitasse platea',19);
INSERT INTO volunteers(volunteer_id,first_name,last_name,gender,age,job_desc,race_id) VALUES (146,'Lisbeth','O''Mailey','Female',34,'donec diam neque',16);
INSERT INTO volunteers(volunteer_id,first_name,last_name,gender,age,job_desc,race_id) VALUES (147,'Hastie','Wakeham','Male',47,'gravida nisi at',8);
INSERT INTO volunteers(volunteer_id,first_name,last_name,gender,age,job_desc,race_id) VALUES (148,'Anderson','Teape','Male',44,'congue',18);
INSERT INTO volunteers(volunteer_id,first_name,last_name,gender,age,job_desc,race_id) VALUES (149,'Hannis','Damant','Female',19,'neque sapien placerat',1);
INSERT INTO volunteers(volunteer_id,first_name,last_name,gender,age,job_desc,race_id) VALUES (150,'Tirrell','Smallpiece','Male',33,'a suscipit',11);
INSERT INTO volunteers(volunteer_id,first_name,last_name,gender,age,job_desc,race_id) VALUES (151,'Evita','Hitcham','Female',37,'adipiscing elit',14);
INSERT INTO volunteers(volunteer_id,first_name,last_name,gender,age,job_desc,race_id) VALUES (152,'Ninon','Malec','Female',50,'convallis eget',20);
INSERT INTO volunteers(volunteer_id,first_name,last_name,gender,age,job_desc,race_id) VALUES (153,'Ardys','Espy','Female',43,'lorem vitae mattis',4);
INSERT INTO volunteers(volunteer_id,first_name,last_name,gender,age,job_desc,race_id) VALUES (154,'Dominga','McVitie','Female',42,'ultrices',15);
INSERT INTO volunteers(volunteer_id,first_name,last_name,gender,age,job_desc,race_id) VALUES (155,'Franciska','Thame','Female',35,'vel dapibus at',18);
INSERT INTO volunteers(volunteer_id,first_name,last_name,gender,age,job_desc,race_id) VALUES (156,'Gennifer','O''Deegan','Female',41,'duis ac',5);
INSERT INTO volunteers(volunteer_id,first_name,last_name,gender,age,job_desc,race_id) VALUES (157,'Gaynor','O''Sherin','Female',48,'scelerisque mauris sit',13);
INSERT INTO volunteers(volunteer_id,first_name,last_name,gender,age,job_desc,race_id) VALUES (158,'Forester','Bassham','Male',18,'magna vulputate luctus',19);
INSERT INTO volunteers(volunteer_id,first_name,last_name,gender,age,job_desc,race_id) VALUES (159,'Yolanthe','Featonby','Female',44,'nec',1);
INSERT INTO volunteers(volunteer_id,first_name,last_name,gender,age,job_desc,race_id) VALUES (160,'Sianna','Samples','Female',25,'nec sem duis',6);
INSERT INTO volunteers(volunteer_id,first_name,last_name,gender,age,job_desc,race_id) VALUES (161,'Grace','Giraldon','Male',23,'vestibulum',10);
INSERT INTO volunteers(volunteer_id,first_name,last_name,gender,age,job_desc,race_id) VALUES (162,'Tiphanie','McCritchie','Female',32,'lobortis',4);
INSERT INTO volunteers(volunteer_id,first_name,last_name,gender,age,job_desc,race_id) VALUES (163,'Emilia','Ducker','Bigender',17,'commodo vulputate justo',3);
INSERT INTO volunteers(volunteer_id,first_name,last_name,gender,age,job_desc,race_id) VALUES (164,'Marijn','Woofendell','Bigender',48,'libero ut massa',16);
INSERT INTO volunteers(volunteer_id,first_name,last_name,gender,age,job_desc,race_id) VALUES (165,'Delcina','Ridgeway','Non-binary',29,'nam',8);
INSERT INTO volunteers(volunteer_id,first_name,last_name,gender,age,job_desc,race_id) VALUES (166,'Ingrid','Blunsden','Female',50,'eu tincidunt in',18);
INSERT INTO volunteers(volunteer_id,first_name,last_name,gender,age,job_desc,race_id) VALUES (167,'Lucita','McCauley','Female',32,'est risus',17);
INSERT INTO volunteers(volunteer_id,first_name,last_name,gender,age,job_desc,race_id) VALUES (168,'Belle','Creevy','Female',50,'pede libero quis',2);
INSERT INTO volunteers(volunteer_id,first_name,last_name,gender,age,job_desc,race_id) VALUES (169,'Ibrahim','Strowthers','Male',43,'tempus vivamus in',19);
INSERT INTO volunteers(volunteer_id,first_name,last_name,gender,age,job_desc,race_id) VALUES (170,'Malina','Cahan','Female',46,'turpis integer',20);
INSERT INTO volunteers(volunteer_id,first_name,last_name,gender,age,job_desc,race_id) VALUES (171,'Clevie','Burtenshaw','Male',32,'libero non',18);
INSERT INTO volunteers(volunteer_id,first_name,last_name,gender,age,job_desc,race_id) VALUES (172,'Nona','Goodlatt','Female',50,'amet',13);
INSERT INTO volunteers(volunteer_id,first_name,last_name,gender,age,job_desc,race_id) VALUES (173,'Ray','Unwin','Female',22,'leo odio porttitor',15);
INSERT INTO volunteers(volunteer_id,first_name,last_name,gender,age,job_desc,race_id) VALUES (174,'Nial','Demkowicz','Male',43,'lacus curabitur',19);
INSERT INTO volunteers(volunteer_id,first_name,last_name,gender,age,job_desc,race_id) VALUES (175,'Lynsey','Currer','Female',21,'eget eros',10);
INSERT INTO volunteers(volunteer_id,first_name,last_name,gender,age,job_desc,race_id) VALUES (176,'Casar','Habercham','Male',38,'lorem',12);
INSERT INTO volunteers(volunteer_id,first_name,last_name,gender,age,job_desc,race_id) VALUES (177,'Jeane','Bazylets','Polygender',33,'justo',8);
INSERT INTO volunteers(volunteer_id,first_name,last_name,gender,age,job_desc,race_id) VALUES (178,'Dewain','Delooze','Male',21,'platea dictumst maecenas',14);
INSERT INTO volunteers(volunteer_id,first_name,last_name,gender,age,job_desc,race_id) VALUES (179,'Verena','Simchenko','Agender',49,'donec diam',4);
INSERT INTO volunteers(volunteer_id,first_name,last_name,gender,age,job_desc,race_id) VALUES (180,'Ninetta','Gatlin','Female',21,'vestibulum ante',1);
INSERT INTO volunteers(volunteer_id,first_name,last_name,gender,age,job_desc,race_id) VALUES (181,'Angel','Horsted','Male',30,'volutpat',3);
INSERT INTO volunteers(volunteer_id,first_name,last_name,gender,age,job_desc,race_id) VALUES (182,'Cchaddie','Wroth','Male',36,'diam erat fermentum',12);
INSERT INTO volunteers(volunteer_id,first_name,last_name,gender,age,job_desc,race_id) VALUES (183,'Yule','Shorter','Male',44,'vulputate',17);
INSERT INTO volunteers(volunteer_id,first_name,last_name,gender,age,job_desc,race_id) VALUES (184,'Gideon','O''Kielt','Male',31,'erat',19);
INSERT INTO volunteers(volunteer_id,first_name,last_name,gender,age,job_desc,race_id) VALUES (185,'Kassandra','Bartalini','Female',46,'at turpis',20);
INSERT INTO volunteers(volunteer_id,first_name,last_name,gender,age,job_desc,race_id) VALUES (186,'Dugald','Hambright','Male',40,'iaculis',18);
INSERT INTO volunteers(volunteer_id,first_name,last_name,gender,age,job_desc,race_id) VALUES (187,'Sherri','Bagger','Genderqueer',29,'sem',16);
INSERT INTO volunteers(volunteer_id,first_name,last_name,gender,age,job_desc,race_id) VALUES (188,'Darcy','Reedie','Male',33,'pede',2);
INSERT INTO volunteers(volunteer_id,first_name,last_name,gender,age,job_desc,race_id) VALUES (189,'Jsandye','Yakubovich','Female',42,'nulla pede',1);
INSERT INTO volunteers(volunteer_id,first_name,last_name,gender,age,job_desc,race_id) VALUES (190,'Justus','Gonnet','Male',24,'neque',5);
INSERT INTO volunteers(volunteer_id,first_name,last_name,gender,age,job_desc,race_id) VALUES (191,'Louisa','Van Saltsberg','Female',46,'congue',19);
INSERT INTO volunteers(volunteer_id,first_name,last_name,gender,age,job_desc,race_id) VALUES (192,'Alexina','Scurrah','Female',16,'vestibulum',18);
INSERT INTO volunteers(volunteer_id,first_name,last_name,gender,age,job_desc,race_id) VALUES (193,'Rosalynd','Bernardot','Female',28,'augue vestibulum',7);
INSERT INTO volunteers(volunteer_id,first_name,last_name,gender,age,job_desc,race_id) VALUES (194,'Joshuah','Brettor','Male',26,'nibh fusce lacus',11);
INSERT INTO volunteers(volunteer_id,first_name,last_name,gender,age,job_desc,race_id) VALUES (195,'Torrie','Hurrell','Female',18,'ridiculus',9);
INSERT INTO volunteers(volunteer_id,first_name,last_name,gender,age,job_desc,race_id) VALUES (196,'Brion','Python','Male',38,'diam in magna',16);
INSERT INTO volunteers(volunteer_id,first_name,last_name,gender,age,job_desc,race_id) VALUES (197,'Derward','Moraleda','Male',48,'enim leo rhoncus',13);
INSERT INTO volunteers(volunteer_id,first_name,last_name,gender,age,job_desc,race_id) VALUES (198,'Phil','McKibbin','Male',28,'orci',8);
INSERT INTO volunteers(volunteer_id,first_name,last_name,gender,age,job_desc,race_id) VALUES (199,'Aleece','Smidmor','Female',43,'egestas',12);
INSERT INTO volunteers(volunteer_id,first_name,last_name,gender,age,job_desc,race_id) VALUES (200,'Ode','Hawkswood','Male',20,'amet diam in',15);

DROP TABLE IF EXISTS services;

CREATE TABLE services (
    service_id INT NOT NULL,
	company_name VARCHAR(50) NOT NULL,
	service_desc VARCHAR(500) NOT NULL,
	cost INT NOT NULL,
	hours_hired INT NOT NULL,
	race_id INT NOT NULL,
	CONSTRAINT servicespk PRIMARY KEY (service_id),
	CONSTRAINT servicesfk_1
        FOREIGN KEY (race_id) REFERENCES races (race_id)
);

INSERT INTO services(service_id,company_name,service_desc,cost,hours_hired,race_id) VALUES (1,'massa tempor convallis','faucibus accumsan odio curabitur convallis',2793,8,4);
INSERT INTO services(service_id,company_name,service_desc,cost,hours_hired,race_id) VALUES (2,'erat curabitur gravida','quam sapien varius ut blandit',3549,1,18);
INSERT INTO services(service_id,company_name,service_desc,cost,hours_hired,race_id) VALUES (3,'ac neque','erat fermentum justo nec condimentum',4813,6,13);
INSERT INTO services(service_id,company_name,service_desc,cost,hours_hired,race_id) VALUES (4,'accumsan odio curabitur','varius nulla facilisi cras',4755,2,8);
INSERT INTO services(service_id,company_name,service_desc,cost,hours_hired,race_id) VALUES (5,'nisl duis bibendum','mi sit amet lobortis sapien sapien',3697,10,7);
INSERT INTO services(service_id,company_name,service_desc,cost,hours_hired,race_id) VALUES (6,'molestie nibh in lectus','in felis eu sapien cursus',3370,9,14);
INSERT INTO services(service_id,company_name,service_desc,cost,hours_hired,race_id) VALUES (7,'venenatis non','id massa id',2427,5,2);
INSERT INTO services(service_id,company_name,service_desc,cost,hours_hired,race_id) VALUES (8,'pede ac diam','nibh quisque id',2070,7,20);
INSERT INTO services(service_id,company_name,service_desc,cost,hours_hired,race_id) VALUES (9,'tempus semper est','mauris sit amet eros suspendisse accumsan',3403,5,17);
INSERT INTO services(service_id,company_name,service_desc,cost,hours_hired,race_id) VALUES (10,'in libero ut','eu massa donec dapibus',3724,2,20);
INSERT INTO services(service_id,company_name,service_desc,cost,hours_hired,race_id) VALUES (11,'donec ut dolor','nibh in lectus pellentesque at',3876,5,8);
INSERT INTO services(service_id,company_name,service_desc,cost,hours_hired,race_id) VALUES (12,'nam nulla','elementum ligula vehicula consequat',4646,1,17);
INSERT INTO services(service_id,company_name,service_desc,cost,hours_hired,race_id) VALUES (13,'odio consequat','odio porttitor id consequat',3980,8,2);
INSERT INTO services(service_id,company_name,service_desc,cost,hours_hired,race_id) VALUES (14,'aliquam quis','vel nulla eget eros elementum pellentesque',3591,4,15);
INSERT INTO services(service_id,company_name,service_desc,cost,hours_hired,race_id) VALUES (15,'et commodo vulputate','nisi venenatis tristique',4311,10,1);
INSERT INTO services(service_id,company_name,service_desc,cost,hours_hired,race_id) VALUES (16,'dictumst etiam faucibus','integer ac neque duis bibendum',4188,9,6);
INSERT INTO services(service_id,company_name,service_desc,cost,hours_hired,race_id) VALUES (17,'dui vel','sed augue aliquam erat volutpat in',4037,2,18);
INSERT INTO services(service_id,company_name,service_desc,cost,hours_hired,race_id) VALUES (18,'eros elementum','eget congue eget semper',4451,6,8);
INSERT INTO services(service_id,company_name,service_desc,cost,hours_hired,race_id) VALUES (19,'augue vel accumsan','leo odio condimentum id luctus',4823,10,17);
INSERT INTO services(service_id,company_name,service_desc,cost,hours_hired,race_id) VALUES (20,'sit amet','tortor id nulla ultrices',3445,10,10);
INSERT INTO services(service_id,company_name,service_desc,cost,hours_hired,race_id) VALUES (21,'ridiculus mus vivamus vestibulum','pede justo eu massa donec',3151,1,17);
INSERT INTO services(service_id,company_name,service_desc,cost,hours_hired,race_id) VALUES (22,'quisque id justo','vel nulla eget eros elementum',2445,3,6);
INSERT INTO services(service_id,company_name,service_desc,cost,hours_hired,race_id) VALUES (23,'diam id ornare imperdiet','et commodo vulputate justo in',2592,8,3);
INSERT INTO services(service_id,company_name,service_desc,cost,hours_hired,race_id) VALUES (24,'posuere cubilia curae','felis eu sapien cursus vestibulum proin',3613,3,12);
INSERT INTO services(service_id,company_name,service_desc,cost,hours_hired,race_id) VALUES (25,'praesent blandit','mattis egestas metus aenean fermentum donec',2740,2,11);
INSERT INTO services(service_id,company_name,service_desc,cost,hours_hired,race_id) VALUES (26,'ligula sit amet eleifend','pellentesque at nulla suspendisse',4707,2,13);
INSERT INTO services(service_id,company_name,service_desc,cost,hours_hired,race_id) VALUES (27,'in quam fringilla','lobortis sapien sapien non mi',4919,3,8);
INSERT INTO services(service_id,company_name,service_desc,cost,hours_hired,race_id) VALUES (28,'consequat nulla','nulla nunc purus phasellus',3288,10,10);
INSERT INTO services(service_id,company_name,service_desc,cost,hours_hired,race_id) VALUES (29,'bibendum felis sed','tortor id nulla ultrices',2923,3,16);
INSERT INTO services(service_id,company_name,service_desc,cost,hours_hired,race_id) VALUES (30,'nunc proin','enim leo rhoncus sed',2929,8,9);
INSERT INTO services(service_id,company_name,service_desc,cost,hours_hired,race_id) VALUES (31,'tellus in sagittis','ante vel ipsum praesent blandit',3234,1,7);
INSERT INTO services(service_id,company_name,service_desc,cost,hours_hired,race_id) VALUES (32,'lectus aliquam sit amet','neque libero convallis eget',4814,2,9);
INSERT INTO services(service_id,company_name,service_desc,cost,hours_hired,race_id) VALUES (33,'etiam vel augue vestibulum','purus aliquet at',4793,4,17);
INSERT INTO services(service_id,company_name,service_desc,cost,hours_hired,race_id) VALUES (34,'libero ut massa volutpat','venenatis tristique fusce',2645,1,6);
INSERT INTO services(service_id,company_name,service_desc,cost,hours_hired,race_id) VALUES (35,'suspendisse potenti cras in','eleifend luctus ultricies eu nibh',3257,7,13);
INSERT INTO services(service_id,company_name,service_desc,cost,hours_hired,race_id) VALUES (36,'turpis a pede posuere','posuere cubilia curae nulla dapibus',3794,4,11);
INSERT INTO services(service_id,company_name,service_desc,cost,hours_hired,race_id) VALUES (37,'vitae nisl','dapibus nulla suscipit',4323,2,19);
INSERT INTO services(service_id,company_name,service_desc,cost,hours_hired,race_id) VALUES (38,'dapibus at diam','lorem integer tincidunt',2007,3,18);
INSERT INTO services(service_id,company_name,service_desc,cost,hours_hired,race_id) VALUES (39,'non mauris morbi','ut volutpat sapien arcu sed',3048,1,12);
INSERT INTO services(service_id,company_name,service_desc,cost,hours_hired,race_id) VALUES (40,'sapien cursus vestibulum','ligula in lacus curabitur',2970,7,4);
INSERT INTO services(service_id,company_name,service_desc,cost,hours_hired,race_id) VALUES (41,'congue etiam justo','felis donec semper sapien a',4684,9,11);
INSERT INTO services(service_id,company_name,service_desc,cost,hours_hired,race_id) VALUES (42,'urna ut','turpis eget elit sodales scelerisque mauris',3581,7,6);
INSERT INTO services(service_id,company_name,service_desc,cost,hours_hired,race_id) VALUES (43,'tempor convallis','at vulputate vitae nisl aenean',2983,1,3);
INSERT INTO services(service_id,company_name,service_desc,cost,hours_hired,race_id) VALUES (44,'laoreet ut rhoncus','erat fermentum justo nec condimentum neque',4872,6,5);
INSERT INTO services(service_id,company_name,service_desc,cost,hours_hired,race_id) VALUES (45,'massa tempor','vel nulla eget eros elementum pellentesque',2830,7,20);
INSERT INTO services(service_id,company_name,service_desc,cost,hours_hired,race_id) VALUES (46,'ante ipsum primis in','phasellus id sapien in',4663,9,9);
INSERT INTO services(service_id,company_name,service_desc,cost,hours_hired,race_id) VALUES (47,'pulvinar nulla','neque libero convallis eget eleifend',3654,8,19);
INSERT INTO services(service_id,company_name,service_desc,cost,hours_hired,race_id) VALUES (48,'consequat ut nulla','rhoncus aliquam lacus morbi quis tortor',3089,8,16);
INSERT INTO services(service_id,company_name,service_desc,cost,hours_hired,race_id) VALUES (49,'sem sed sagittis','integer ac neque duis bibendum',4638,7,13);
INSERT INTO services(service_id,company_name,service_desc,cost,hours_hired,race_id) VALUES (50,'fusce posuere felis sed','eget tempus vel',3575,7,17);


DROP TABLE IF EXISTS coachesplanners;

create table coachesplanners (
	planner_id VARCHAR(50) NOT NULL,
	coach_id INT NOT NULL,
	CONSTRAINT cplannerspk PRIMARY KEY (planner_id),
	CONSTRAINT cplannersfk_1
        FOREIGN KEY (coach_id) REFERENCES coaches (coach_id)
);

INSERT INTO coachesplanners(planner_id,coach_id) VALUES ('643-7cn',1);
INSERT INTO coachesplanners(planner_id,coach_id) VALUES ('150-QOT',2);
INSERT INTO coachesplanners(planner_id,coach_id) VALUES ('777-SFv',3);
INSERT INTO coachesplanners(planner_id,coach_id) VALUES ('788-bLX',4);
INSERT INTO coachesplanners(planner_id,coach_id) VALUES ('031-sxu',5);
INSERT INTO coachesplanners(planner_id,coach_id) VALUES ('305-bUX',6);
INSERT INTO coachesplanners(planner_id,coach_id) VALUES ('007-Irh',7);

DROP TABLE IF EXISTS practiceplans;

CREATE TABLE practiceplans (
	plan_id INT NOT NULL,
	planner_id VARCHAR(10) NOT NULL,
	prac_date VARCHAR(15) NOT NULL,
	prac_time VARCHAR(50) NOT NULL,
	prac_desc TEXT NOT NULL,
	attend_req VARCHAR(13) NOT NULL,
	CONSTRAINT pracplanspk PRIMARY KEY (plan_id),
	CONSTRAINT pracplansfk_1
        FOREIGN KEY (planner_id) REFERENCES coachesplanners (planner_id)
);

INSERT INTO practiceplans(plan_id,planner_id,prac_date,prac_time,prac_desc,attend_req) VALUES (1,'150-QOT','1/18/2023','8:43 AM','vestibulum ante ipsum primis','Mandatory');
INSERT INTO practiceplans(plan_id,planner_id,prac_date,prac_time,prac_desc,attend_req) VALUES (2,'305-bUX','3/15/2023','6:00 PM','at ipsum ac tellus','Not Mandatory');
INSERT INTO practiceplans(plan_id,planner_id,prac_date,prac_time,prac_desc,attend_req) VALUES (3,'643-7cn','6/8/2023','10:18 AM','nibh in quis justo maecenas','Not Mandatory');
INSERT INTO practiceplans(plan_id,planner_id,prac_date,prac_time,prac_desc,attend_req) VALUES (4,'788-bLX','2/6/2023','2:42 PM','et ultrices posuere','Not Mandatory');
INSERT INTO practiceplans(plan_id,planner_id,prac_date,prac_time,prac_desc,attend_req) VALUES (5,'031-sxu','8/15/2023','12:04 PM','donec quis orci eget orci vehicula','Not Mandatory');
INSERT INTO practiceplans(plan_id,planner_id,prac_date,prac_time,prac_desc,attend_req) VALUES (6,'777-SFv','1/16/2023','10:39 AM','dui vel','Not Mandatory');
INSERT INTO practiceplans(plan_id,planner_id,prac_date,prac_time,prac_desc,attend_req) VALUES (7,'788-bLX','5/13/2023','10:49 AM','porta volutpat erat quisque erat eros','Not Mandatory');
INSERT INTO practiceplans(plan_id,planner_id,prac_date,prac_time,prac_desc,attend_req) VALUES (8,'150-QOT','1/2/2023','7:27 PM','vel nisl','Not Mandatory');
INSERT INTO practiceplans(plan_id,planner_id,prac_date,prac_time,prac_desc,attend_req) VALUES (9,'007-Irh','5/13/2023','7:00 PM','integer tincidunt ante','Not Mandatory');
INSERT INTO practiceplans(plan_id,planner_id,prac_date,prac_time,prac_desc,attend_req) VALUES (10,'150-QOT','3/28/2023','3:48 PM','vulputate luctus cum','Mandatory');
INSERT INTO practiceplans(plan_id,planner_id,prac_date,prac_time,prac_desc,attend_req) VALUES (11,'305-bUX','10/24/2023','4:16 PM','pellentesque quisque porta volutpat erat quisque','Mandatory');
INSERT INTO practiceplans(plan_id,planner_id,prac_date,prac_time,prac_desc,attend_req) VALUES (12,'031-sxu','9/29/2023','6:12 PM','pellentesque eget nunc donec quis orci','Not Mandatory');
INSERT INTO practiceplans(plan_id,planner_id,prac_date,prac_time,prac_desc,attend_req) VALUES (13,'643-7cn','11/22/2023','7:01 PM','turpis adipiscing lorem vitae mattis','Mandatory');
INSERT INTO practiceplans(plan_id,planner_id,prac_date,prac_time,prac_desc,attend_req) VALUES (14,'007-Irh','11/14/2023','9:09 AM','felis sed','Not Mandatory');
INSERT INTO practiceplans(plan_id,planner_id,prac_date,prac_time,prac_desc,attend_req) VALUES (15,'305-bUX','8/14/2023','8:02 AM','enim sit amet nunc','Mandatory');
INSERT INTO practiceplans(plan_id,planner_id,prac_date,prac_time,prac_desc,attend_req) VALUES (16,'031-sxu','9/8/2023','11:11 AM','mi pede malesuada in imperdiet','Mandatory');
INSERT INTO practiceplans(plan_id,planner_id,prac_date,prac_time,prac_desc,attend_req) VALUES (17,'305-bUX','1/30/2023','8:21 AM','sem mauris laoreet ut rhoncus aliquet','Not Mandatory');
INSERT INTO practiceplans(plan_id,planner_id,prac_date,prac_time,prac_desc,attend_req) VALUES (18,'643-7cn','3/10/2023','7:14 PM','a feugiat','Not Mandatory');
INSERT INTO practiceplans(plan_id,planner_id,prac_date,prac_time,prac_desc,attend_req) VALUES (19,'788-bLX','7/12/2023','11:58 AM','arcu libero','Mandatory');
INSERT INTO practiceplans(plan_id,planner_id,prac_date,prac_time,prac_desc,attend_req) VALUES (20,'777-SFv','11/26/2023','11:01 AM','congue diam id','Not Mandatory');
INSERT INTO practiceplans(plan_id,planner_id,prac_date,prac_time,prac_desc,attend_req) VALUES (21,'150-QOT','9/9/2023','5:41 PM','enim blandit mi in porttitor pede','Mandatory');
INSERT INTO practiceplans(plan_id,planner_id,prac_date,prac_time,prac_desc,attend_req) VALUES (22,'031-sxu','1/16/2023','6:46 PM','penatibus et magnis dis','Mandatory');
INSERT INTO practiceplans(plan_id,planner_id,prac_date,prac_time,prac_desc,attend_req) VALUES (23,'788-bLX','12/11/2023','9:09 AM','in tempor turpis nec euismod scelerisque','Not Mandatory');
INSERT INTO practiceplans(plan_id,planner_id,prac_date,prac_time,prac_desc,attend_req) VALUES (24,'777-SFv','5/1/2023','12:17 PM','nisi eu','Not Mandatory');
INSERT INTO practiceplans(plan_id,planner_id,prac_date,prac_time,prac_desc,attend_req) VALUES (25,'007-Irh','10/23/2023','6:57 PM','nulla integer pede justo lacinia eget','Not Mandatory');
INSERT INTO practiceplans(plan_id,planner_id,prac_date,prac_time,prac_desc,attend_req) VALUES (26,'305-bUX','3/18/2023','9:38 AM','nec nisi volutpat eleifend','Not Mandatory');
INSERT INTO practiceplans(plan_id,planner_id,prac_date,prac_time,prac_desc,attend_req) VALUES (27,'031-sxu','12/17/2023','10:17 AM','quisque id justo sit amet','Mandatory');
INSERT INTO practiceplans(plan_id,planner_id,prac_date,prac_time,prac_desc,attend_req) VALUES (28,'150-QOT','2/7/2023','2:54 PM','in libero ut massa volutpat convallis','Mandatory');
INSERT INTO practiceplans(plan_id,planner_id,prac_date,prac_time,prac_desc,attend_req) VALUES (29,'643-7cn','4/12/2023','7:05 PM','eu massa donec dapibus duis','Not Mandatory');
INSERT INTO practiceplans(plan_id,planner_id,prac_date,prac_time,prac_desc,attend_req) VALUES (30,'007-Irh','7/20/2023','4:23 PM','potenti in eleifend quam','Not Mandatory');
INSERT INTO practiceplans(plan_id,planner_id,prac_date,prac_time,prac_desc,attend_req) VALUES (31,'643-7cn','7/18/2023','6:15 PM','erat tortor sollicitudin mi sit amet','Mandatory');
INSERT INTO practiceplans(plan_id,planner_id,prac_date,prac_time,prac_desc,attend_req) VALUES (32,'150-QOT','12/13/2023','4:07 PM','faucibus accumsan','Mandatory');
INSERT INTO practiceplans(plan_id,planner_id,prac_date,prac_time,prac_desc,attend_req) VALUES (33,'305-bUX','1/28/2023','11:35 AM','luctus rutrum nulla','Not Mandatory');
INSERT INTO practiceplans(plan_id,planner_id,prac_date,prac_time,prac_desc,attend_req) VALUES (34,'007-Irh','9/12/2023','10:29 AM','placerat praesent blandit nam','Not Mandatory');
INSERT INTO practiceplans(plan_id,planner_id,prac_date,prac_time,prac_desc,attend_req) VALUES (35,'031-sxu','9/20/2023','3:50 PM','montes nascetur ridiculus mus etiam vel','Mandatory');
INSERT INTO practiceplans(plan_id,planner_id,prac_date,prac_time,prac_desc,attend_req) VALUES (36,'150-QOT','9/27/2023','3:37 PM','orci luctus et ultrices','Not Mandatory');
INSERT INTO practiceplans(plan_id,planner_id,prac_date,prac_time,prac_desc,attend_req) VALUES (37,'305-bUX','4/16/2023','5:15 PM','lobortis vel dapibus at diam','Not Mandatory');
INSERT INTO practiceplans(plan_id,planner_id,prac_date,prac_time,prac_desc,attend_req) VALUES (38,'150-QOT','12/3/2023','3:08 PM','non lectus aliquam sit','Not Mandatory');
INSERT INTO practiceplans(plan_id,planner_id,prac_date,prac_time,prac_desc,attend_req) VALUES (39,'777-SFv','4/16/2023','11:54 AM','vestibulum ac','Mandatory');
INSERT INTO practiceplans(plan_id,planner_id,prac_date,prac_time,prac_desc,attend_req) VALUES (40,'777-SFv','7/30/2023','10:19 AM','ut tellus nulla ut erat','Not Mandatory');
INSERT INTO practiceplans(plan_id,planner_id,prac_date,prac_time,prac_desc,attend_req) VALUES (41,'788-bLX','3/3/2023','11:18 AM','amet sem fusce consequat nulla','Not Mandatory');
INSERT INTO practiceplans(plan_id,planner_id,prac_date,prac_time,prac_desc,attend_req) VALUES (42,'305-bUX','10/21/2023','1:46 PM','phasellus sit','Mandatory');
INSERT INTO practiceplans(plan_id,planner_id,prac_date,prac_time,prac_desc,attend_req) VALUES (43,'788-bLX','10/12/2023','4:22 PM','curabitur at ipsum ac tellus','Mandatory');
INSERT INTO practiceplans(plan_id,planner_id,prac_date,prac_time,prac_desc,attend_req) VALUES (44,'777-SFv','10/23/2023','10:05 AM','odio elementum eu interdum eu','Not Mandatory');
INSERT INTO practiceplans(plan_id,planner_id,prac_date,prac_time,prac_desc,attend_req) VALUES (45,'007-Irh','9/25/2023','7:32 PM','eu massa donec dapibus','Not Mandatory');
INSERT INTO practiceplans(plan_id,planner_id,prac_date,prac_time,prac_desc,attend_req) VALUES (46,'788-bLX','11/24/2023','10:59 AM','ac lobortis vel dapibus at diam','Not Mandatory');
INSERT INTO practiceplans(plan_id,planner_id,prac_date,prac_time,prac_desc,attend_req) VALUES (47,'305-bUX','10/6/2023','8:24 AM','velit eu est congue','Mandatory');
INSERT INTO practiceplans(plan_id,planner_id,prac_date,prac_time,prac_desc,attend_req) VALUES (48,'150-QOT','5/5/2023','11:44 AM','sit amet nunc viverra dapibus','Mandatory');
INSERT INTO practiceplans(plan_id,planner_id,prac_date,prac_time,prac_desc,attend_req) VALUES (49,'007-Irh','6/3/2023','7:03 PM','nunc vestibulum ante ipsum primis','Not Mandatory');
INSERT INTO practiceplans(plan_id,planner_id,prac_date,prac_time,prac_desc,attend_req) VALUES (50,'305-bUX','10/1/2023','12:37 PM','aliquam erat','Mandatory');
INSERT INTO practiceplans(plan_id,planner_id,prac_date,prac_time,prac_desc,attend_req) VALUES (51,'150-QOT','4/18/2023','12:41 PM','donec ut dolor morbi vel','Mandatory');
INSERT INTO practiceplans(plan_id,planner_id,prac_date,prac_time,prac_desc,attend_req) VALUES (52,'788-bLX','5/1/2023','11:08 AM','tristique tortor','Not Mandatory');
INSERT INTO practiceplans(plan_id,planner_id,prac_date,prac_time,prac_desc,attend_req) VALUES (53,'031-sxu','4/30/2023','2:01 PM','nulla elit ac nulla','Not Mandatory');
INSERT INTO practiceplans(plan_id,planner_id,prac_date,prac_time,prac_desc,attend_req) VALUES (54,'643-7cn','9/16/2023','8:59 AM','egestas metus aenean','Not Mandatory');
INSERT INTO practiceplans(plan_id,planner_id,prac_date,prac_time,prac_desc,attend_req) VALUES (55,'305-bUX','10/6/2023','9:52 AM','augue a suscipit nulla elit','Mandatory');
INSERT INTO practiceplans(plan_id,planner_id,prac_date,prac_time,prac_desc,attend_req) VALUES (56,'150-QOT','10/9/2023','2:19 PM','velit donec','Not Mandatory');
INSERT INTO practiceplans(plan_id,planner_id,prac_date,prac_time,prac_desc,attend_req) VALUES (57,'007-Irh','9/4/2023','11:33 AM','suspendisse accumsan tortor quis turpis sed','Not Mandatory');
INSERT INTO practiceplans(plan_id,planner_id,prac_date,prac_time,prac_desc,attend_req) VALUES (58,'788-bLX','8/3/2023','2:38 PM','potenti cras in','Not Mandatory');
INSERT INTO practiceplans(plan_id,planner_id,prac_date,prac_time,prac_desc,attend_req) VALUES (59,'150-QOT','4/14/2023','5:29 PM','sed tincidunt eu felis','Mandatory');
INSERT INTO practiceplans(plan_id,planner_id,prac_date,prac_time,prac_desc,attend_req) VALUES (60,'777-SFv','9/21/2023','8:58 AM','sit amet nunc viverra dapibus nulla','Mandatory');
INSERT INTO practiceplans(plan_id,planner_id,prac_date,prac_time,prac_desc,attend_req) VALUES (61,'305-bUX','1/26/2023','5:47 PM','morbi vestibulum velit id','Not Mandatory');
INSERT INTO practiceplans(plan_id,planner_id,prac_date,prac_time,prac_desc,attend_req) VALUES (62,'643-7cn','6/26/2023','11:33 AM','quis libero nullam','Mandatory');
INSERT INTO practiceplans(plan_id,planner_id,prac_date,prac_time,prac_desc,attend_req) VALUES (63,'031-sxu','5/11/2023','8:31 AM','rhoncus dui vel sem sed sagittis','Not Mandatory');
INSERT INTO practiceplans(plan_id,planner_id,prac_date,prac_time,prac_desc,attend_req) VALUES (64,'007-Irh','8/4/2023','4:35 PM','quisque arcu libero','Not Mandatory');
INSERT INTO practiceplans(plan_id,planner_id,prac_date,prac_time,prac_desc,attend_req) VALUES (65,'007-Irh','6/19/2023','9:52 AM','quam fringilla rhoncus','Not Mandatory');
INSERT INTO practiceplans(plan_id,planner_id,prac_date,prac_time,prac_desc,attend_req) VALUES (66,'788-bLX','6/23/2023','11:34 AM','ullamcorper augue a suscipit','Mandatory');
INSERT INTO practiceplans(plan_id,planner_id,prac_date,prac_time,prac_desc,attend_req) VALUES (67,'031-sxu','7/26/2023','6:56 PM','vehicula condimentum','Not Mandatory');
INSERT INTO practiceplans(plan_id,planner_id,prac_date,prac_time,prac_desc,attend_req) VALUES (68,'643-7cn','4/22/2023','10:58 AM','rhoncus aliquet pulvinar','Not Mandatory');
INSERT INTO practiceplans(plan_id,planner_id,prac_date,prac_time,prac_desc,attend_req) VALUES (69,'305-bUX','7/24/2023','10:54 AM','vel ipsum praesent blandit','Mandatory');
INSERT INTO practiceplans(plan_id,planner_id,prac_date,prac_time,prac_desc,attend_req) VALUES (70,'777-SFv','12/20/2023','9:02 AM','in felis donec semper sapien','Not Mandatory');

DROP TABLE IF EXISTS merchinvoices;

CREATE TABLE merchinvoices (
	invoice_id INT NOT NULL,
	invoice_date VARCHAR(15) NOT NULL,
	billing_city VARCHAR(50) NOT NULL,
	billing_state VARCHAR(50) NOT NULL,
	total VARCHAR(50) NOT NULL,
	company VARCHAR(50) NOT NULL,
	coach_id INT NOT NULL,
	CONSTRAINT merchpk PRIMARY KEY (invoice_id),
	CONSTRAINT merchfk_1
        FOREIGN KEY (coach_id) REFERENCES coaches (coach_id)
);

INSERT INTO merchinvoices(invoice_id,invoice_date,billing_city,billing_state,total,company,coach_id) VALUES (1,'3/16/2022','Dallas','Texas','$271.27','Towne, Flatley and Pouros',4);
INSERT INTO merchinvoices(invoice_id,invoice_date,billing_city,billing_state,total,company,coach_id) VALUES (2,'1/21/2022','Hampton','Virginia','$667.73','Kovacek-McDermott',1);
INSERT INTO merchinvoices(invoice_id,invoice_date,billing_city,billing_state,total,company,coach_id) VALUES (3,'11/21/2022','Visalia','California','$429.35','Feil-Daniel',5);
INSERT INTO merchinvoices(invoice_id,invoice_date,billing_city,billing_state,total,company,coach_id) VALUES (4,'4/14/2022','Terre Haute','Indiana','$869.34','Miller-Mayert',2);
INSERT INTO merchinvoices(invoice_id,invoice_date,billing_city,billing_state,total,company,coach_id) VALUES (5,'11/16/2022','Orlando','Florida','$712.23','Anderson-Langworth',5);
INSERT INTO merchinvoices(invoice_id,invoice_date,billing_city,billing_state,total,company,coach_id) VALUES (6,'11/25/2021','San Diego','California','$87.81','Block-Macejkovic',7);
INSERT INTO merchinvoices(invoice_id,invoice_date,billing_city,billing_state,total,company,coach_id) VALUES (7,'10/15/2022','Seattle','Washington','$368.13','Mohr, Kunze and Hermann',5);
INSERT INTO merchinvoices(invoice_id,invoice_date,billing_city,billing_state,total,company,coach_id) VALUES (8,'4/30/2022','Louisville','Kentucky','$644.43','Hirthe Inc',7);
INSERT INTO merchinvoices(invoice_id,invoice_date,billing_city,billing_state,total,company,coach_id) VALUES (9,'12/17/2021','Lancaster','California','$474.40','Ledner and Sons',6);
INSERT INTO merchinvoices(invoice_id,invoice_date,billing_city,billing_state,total,company,coach_id) VALUES (10,'4/16/2022','Seattle','Washington','$518.93','VonRueden, Ankunding and Harvey',5);
INSERT INTO merchinvoices(invoice_id,invoice_date,billing_city,billing_state,total,company,coach_id) VALUES (11,'7/15/2022','Anaheim','California','$360.79','Tromp Group',2);
INSERT INTO merchinvoices(invoice_id,invoice_date,billing_city,billing_state,total,company,coach_id) VALUES (12,'1/31/2022','Philadelphia','Pennsylvania','$466.51','Hills and Sons',2);
INSERT INTO merchinvoices(invoice_id,invoice_date,billing_city,billing_state,total,company,coach_id) VALUES (13,'5/4/2022','Lynn','Massachusetts','$501.07','Nader, Turcotte and Cronin',1);
INSERT INTO merchinvoices(invoice_id,invoice_date,billing_city,billing_state,total,company,coach_id) VALUES (14,'10/25/2022','Atlanta','Georgia','$111.10','Johns, Cormier and Cruickshank',1);
INSERT INTO merchinvoices(invoice_id,invoice_date,billing_city,billing_state,total,company,coach_id) VALUES (15,'10/26/2022','Fresno','California','$53.46','Schimmel-Wiza',1);

DROP TABLE IF EXISTS invoicelines;

CREATE TABLE invoicelines (
	invoicelineid INT NOT NULL,
	unit_price VARCHAR(50) NOT NULL,
	quantity INT NOT NULL,
	product_name VARCHAR(100) NOT NULL,
	invoice_id INT NOT NULL,
	CONSTRAINT invlinespk PRIMARY KEY (invoicelineid),
	CONSTRAINT invlinesfk_1
        FOREIGN KEY (invoice_id) REFERENCES merchinvoices (invoice_id)
);

INSERT INTO invoicelines(invoicelineid,unit_price,quantity,product_name,invoice_id) VALUES (1,'$21.00',6,'justo eu',12);
INSERT INTO invoicelines(invoicelineid,unit_price,quantity,product_name,invoice_id) VALUES (2,'$35.78',7,'metus vitae',15);
INSERT INTO invoicelines(invoicelineid,unit_price,quantity,product_name,invoice_id) VALUES (3,'$6.31',6,'orci',14);
INSERT INTO invoicelines(invoicelineid,unit_price,quantity,product_name,invoice_id) VALUES (4,'$13.54',7,'cursus',3);
INSERT INTO invoicelines(invoicelineid,unit_price,quantity,product_name,invoice_id) VALUES (5,'$24.97',10,'hac',4);
INSERT INTO invoicelines(invoicelineid,unit_price,quantity,product_name,invoice_id) VALUES (6,'$17.90',7,'pellentesque',10);
INSERT INTO invoicelines(invoicelineid,unit_price,quantity,product_name,invoice_id) VALUES (7,'$48.23',10,'curae nulla',9);
INSERT INTO invoicelines(invoicelineid,unit_price,quantity,product_name,invoice_id) VALUES (8,'$9.91',8,'vel',14);
INSERT INTO invoicelines(invoicelineid,unit_price,quantity,product_name,invoice_id) VALUES (9,'$19.27',10,'amet',5);
INSERT INTO invoicelines(invoicelineid,unit_price,quantity,product_name,invoice_id) VALUES (10,'$21.18',8,'dis',1);
INSERT INTO invoicelines(invoicelineid,unit_price,quantity,product_name,invoice_id) VALUES (11,'$16.99',10,'lacus',6);
INSERT INTO invoicelines(invoicelineid,unit_price,quantity,product_name,invoice_id) VALUES (12,'$15.13',10,'cras pellentesque',2);
INSERT INTO invoicelines(invoicelineid,unit_price,quantity,product_name,invoice_id) VALUES (13,'$15.28',8,'interdum',4);
INSERT INTO invoicelines(invoicelineid,unit_price,quantity,product_name,invoice_id) VALUES (14,'$18.47',10,'sed nisl',3);
INSERT INTO invoicelines(invoicelineid,unit_price,quantity,product_name,invoice_id) VALUES (15,'$12.68',7,'vel sem',6);
INSERT INTO invoicelines(invoicelineid,unit_price,quantity,product_name,invoice_id) VALUES (16,'$22.56',7,'ut',2);
INSERT INTO invoicelines(invoicelineid,unit_price,quantity,product_name,invoice_id) VALUES (17,'$49.34',9,'vitae',7);
INSERT INTO invoicelines(invoicelineid,unit_price,quantity,product_name,invoice_id) VALUES (18,'$42.01',10,'sit',10);
INSERT INTO invoicelines(invoicelineid,unit_price,quantity,product_name,invoice_id) VALUES (19,'$48.34',9,'tempus vivamus',9);
INSERT INTO invoicelines(invoicelineid,unit_price,quantity,product_name,invoice_id) VALUES (20,'$9.17',7,'erat fermentum',11);
INSERT INTO invoicelines(invoicelineid,unit_price,quantity,product_name,invoice_id) VALUES (21,'$8.87',9,'hendrerit',15);
INSERT INTO invoicelines(invoicelineid,unit_price,quantity,product_name,invoice_id) VALUES (22,'$41.83',9,'nulla',12);
INSERT INTO invoicelines(invoicelineid,unit_price,quantity,product_name,invoice_id) VALUES (23,'$27.46',8,'at turpis',5);
INSERT INTO invoicelines(invoicelineid,unit_price,quantity,product_name,invoice_id) VALUES (24,'$14.36',6,'vivamus vel',8);
INSERT INTO invoicelines(invoicelineid,unit_price,quantity,product_name,invoice_id) VALUES (25,'$10.37',9,'ultrices',4);
INSERT INTO invoicelines(invoicelineid,unit_price,quantity,product_name,invoice_id) VALUES (26,'$25.13',6,'vel',13);
INSERT INTO invoicelines(invoicelineid,unit_price,quantity,product_name,invoice_id) VALUES (27,'$11.83',6,'curabitur',3);
INSERT INTO invoicelines(invoicelineid,unit_price,quantity,product_name,invoice_id) VALUES (28,'$21.21',6,'a',8);
INSERT INTO invoicelines(invoicelineid,unit_price,quantity,product_name,invoice_id) VALUES (29,'$4.78',8,'faucibus orci',2);
INSERT INTO invoicelines(invoicelineid,unit_price,quantity,product_name,invoice_id) VALUES (30,'$10.80',10,'in tempor',15);
INSERT INTO invoicelines(invoicelineid,unit_price,quantity,product_name,invoice_id) VALUES (31,'$1.54',10,'dolor',4);
INSERT INTO invoicelines(invoicelineid,unit_price,quantity,product_name,invoice_id) VALUES (32,'$12.38',10,'rutrum rutrum',8);
INSERT INTO invoicelines(invoicelineid,unit_price,quantity,product_name,invoice_id) VALUES (33,'$1.29',10,'varius',9);
INSERT INTO invoicelines(invoicelineid,unit_price,quantity,product_name,invoice_id) VALUES (34,'$44.01',6,'ac',13);
INSERT INTO invoicelines(invoicelineid,unit_price,quantity,product_name,invoice_id) VALUES (35,'$46.19',7,'sit',1);
INSERT INTO invoicelines(invoicelineid,unit_price,quantity,product_name,invoice_id) VALUES (36,'$29.77',7,'diam vitae',10);
INSERT INTO invoicelines(invoicelineid,unit_price,quantity,product_name,invoice_id) VALUES (37,'$48.14',6,'volutpat',2);
INSERT INTO invoicelines(invoicelineid,unit_price,quantity,product_name,invoice_id) VALUES (38,'$27.76',7,'vivamus',3);
INSERT INTO invoicelines(invoicelineid,unit_price,quantity,product_name,invoice_id) VALUES (39,'$28.15',6,'nulla',7);
INSERT INTO invoicelines(invoicelineid,unit_price,quantity,product_name,invoice_id) VALUES (40,'$15.43',6,'orci',5);
INSERT INTO invoicelines(invoicelineid,unit_price,quantity,product_name,invoice_id) VALUES (41,'$11.56',9,'mattis nibh',11);
INSERT INTO invoicelines(invoicelineid,unit_price,quantity,product_name,invoice_id) VALUES (42,'$21.49',7,'donec',1);
INSERT INTO invoicelines(invoicelineid,unit_price,quantity,product_name,invoice_id) VALUES (43,'$19.46',10,'ultrices libero',6);
INSERT INTO invoicelines(invoicelineid,unit_price,quantity,product_name,invoice_id) VALUES (44,'$17.66',8,'porta volutpat',1);
INSERT INTO invoicelines(invoicelineid,unit_price,quantity,product_name,invoice_id) VALUES (45,'$46.05',9,'suspendisse potenti',2);
INSERT INTO invoicelines(invoicelineid,unit_price,quantity,product_name,invoice_id) VALUES (46,'$19.04',6,'cubilia curae',15);
INSERT INTO invoicelines(invoicelineid,unit_price,quantity,product_name,invoice_id) VALUES (47,'$25.43',8,'praesent blandit',9);
INSERT INTO invoicelines(invoicelineid,unit_price,quantity,product_name,invoice_id) VALUES (48,'$48.53',9,'morbi a',3);
INSERT INTO invoicelines(invoicelineid,unit_price,quantity,product_name,invoice_id) VALUES (49,'$3.23',7,'ipsum',14);
INSERT INTO invoicelines(invoicelineid,unit_price,quantity,product_name,invoice_id) VALUES (50,'$32.67',5,'tristique in',10);
INSERT INTO invoicelines(invoicelineid,unit_price,quantity,product_name,invoice_id) VALUES (51,'$20.42',8,'non',8);
INSERT INTO invoicelines(invoicelineid,unit_price,quantity,product_name,invoice_id) VALUES (52,'$46.02',6,'ultrices aliquet',15);
INSERT INTO invoicelines(invoicelineid,unit_price,quantity,product_name,invoice_id) VALUES (53,'$40.15',5,'potenti',2);
INSERT INTO invoicelines(invoicelineid,unit_price,quantity,product_name,invoice_id) VALUES (54,'$40.14',5,'maecenas',6);
INSERT INTO invoicelines(invoicelineid,unit_price,quantity,product_name,invoice_id) VALUES (55,'$25.81',6,'potenti',10);
INSERT INTO invoicelines(invoicelineid,unit_price,quantity,product_name,invoice_id) VALUES (56,'$3.59',10,'pharetra magna',11);
INSERT INTO invoicelines(invoicelineid,unit_price,quantity,product_name,invoice_id) VALUES (57,'$9.52',7,'suspendisse',12);
INSERT INTO invoicelines(invoicelineid,unit_price,quantity,product_name,invoice_id) VALUES (58,'$4.49',9,'nibh',1);
INSERT INTO invoicelines(invoicelineid,unit_price,quantity,product_name,invoice_id) VALUES (59,'$12.31',10,'cursus urna',5);
INSERT INTO invoicelines(invoicelineid,unit_price,quantity,product_name,invoice_id) VALUES (60,'$49.31',8,'nec',13);
INSERT INTO invoicelines(invoicelineid,unit_price,quantity,product_name,invoice_id) VALUES (61,'$29.87',7,'nulla',2);
INSERT INTO invoicelines(invoicelineid,unit_price,quantity,product_name,invoice_id) VALUES (62,'$11.29',6,'dui maecenas',8);
INSERT INTO invoicelines(invoicelineid,unit_price,quantity,product_name,invoice_id) VALUES (63,'$13.01',8,'ac nulla',4);
INSERT INTO invoicelines(invoicelineid,unit_price,quantity,product_name,invoice_id) VALUES (64,'$30.12',9,'donec',5);
INSERT INTO invoicelines(invoicelineid,unit_price,quantity,product_name,invoice_id) VALUES (65,'$2.96',7,'elit ac',10);
INSERT INTO invoicelines(invoicelineid,unit_price,quantity,product_name,invoice_id) VALUES (66,'$24.14',7,'dolor sit',12);
INSERT INTO invoicelines(invoicelineid,unit_price,quantity,product_name,invoice_id) VALUES (67,'$30.13',9,'sem',11);
INSERT INTO invoicelines(invoicelineid,unit_price,quantity,product_name,invoice_id) VALUES (68,'$20.32',10,'lectus aliquam',2);
INSERT INTO invoicelines(invoicelineid,unit_price,quantity,product_name,invoice_id) VALUES (69,'$16.15',10,'diam vitae',3);
INSERT INTO invoicelines(invoicelineid,unit_price,quantity,product_name,invoice_id) VALUES (70,'$0.00',5,'neque libero',8);
INSERT INTO invoicelines(invoicelineid,unit_price,quantity,product_name,invoice_id) VALUES (71,'$38.86',10,'magna',4);
INSERT INTO invoicelines(invoicelineid,unit_price,quantity,product_name,invoice_id) VALUES (72,'$36.75',8,'nibh fusce',6);
INSERT INTO invoicelines(invoicelineid,unit_price,quantity,product_name,invoice_id) VALUES (73,'$24.59',10,'aliquam convallis',5);
INSERT INTO invoicelines(invoicelineid,unit_price,quantity,product_name,invoice_id) VALUES (74,'$49.28',5,'felis',14);
INSERT INTO invoicelines(invoicelineid,unit_price,quantity,product_name,invoice_id) VALUES (75,'$10.72',8,'iaculis',7);
INSERT INTO invoicelines(invoicelineid,unit_price,quantity,product_name,invoice_id) VALUES (76,'$4.80',7,'blandit',9);
INSERT INTO invoicelines(invoicelineid,unit_price,quantity,product_name,invoice_id) VALUES (77,'$25.32',7,'id sapien',11);
INSERT INTO invoicelines(invoicelineid,unit_price,quantity,product_name,invoice_id) VALUES (78,'$9.39',5,'curae',8);
INSERT INTO invoicelines(invoicelineid,unit_price,quantity,product_name,invoice_id) VALUES (79,'$3.51',6,'dapibus at',6);
INSERT INTO invoicelines(invoicelineid,unit_price,quantity,product_name,invoice_id) VALUES (80,'$38.86',5,'interdum venenatis',11);
INSERT INTO invoicelines(invoicelineid,unit_price,quantity,product_name,invoice_id) VALUES (81,'$27.58',7,'ut at',14);
INSERT INTO invoicelines(invoicelineid,unit_price,quantity,product_name,invoice_id) VALUES (82,'$14.58',8,'orci luctus',9);
INSERT INTO invoicelines(invoicelineid,unit_price,quantity,product_name,invoice_id) VALUES (83,'$15.90',9,'nulla',13);
INSERT INTO invoicelines(invoicelineid,unit_price,quantity,product_name,invoice_id) VALUES (84,'$30.59',7,'etiam',4);
INSERT INTO invoicelines(invoicelineid,unit_price,quantity,product_name,invoice_id) VALUES (85,'$44.29',7,'dapibus',12);
INSERT INTO invoicelines(invoicelineid,unit_price,quantity,product_name,invoice_id) VALUES (86,'$27.46',9,'nulla',2);
INSERT INTO invoicelines(invoicelineid,unit_price,quantity,product_name,invoice_id) VALUES (87,'$36.66',9,'primis',3);
INSERT INTO invoicelines(invoicelineid,unit_price,quantity,product_name,invoice_id) VALUES (88,'$40.12',9,'non velit',13);
INSERT INTO invoicelines(invoicelineid,unit_price,quantity,product_name,invoice_id) VALUES (89,'$22.54',10,'pretium iaculis',10);
INSERT INTO invoicelines(invoicelineid,unit_price,quantity,product_name,invoice_id) VALUES (90,'$6.88',6,'congue',5);
INSERT INTO invoicelines(invoicelineid,unit_price,quantity,product_name,invoice_id) VALUES (91,'$11.84',9,'eget eros',14);
INSERT INTO invoicelines(invoicelineid,unit_price,quantity,product_name,invoice_id) VALUES (92,'$18.37',7,'pellentesque at',6);
INSERT INTO invoicelines(invoicelineid,unit_price,quantity,product_name,invoice_id) VALUES (93,'$46.93',9,'at diam',7);
INSERT INTO invoicelines(invoicelineid,unit_price,quantity,product_name,invoice_id) VALUES (94,'$47.45',8,'enim',8);
INSERT INTO invoicelines(invoicelineid,unit_price,quantity,product_name,invoice_id) VALUES (95,'$34.61',7,'cras pellentesque',2);
INSERT INTO invoicelines(invoicelineid,unit_price,quantity,product_name,invoice_id) VALUES (96,'$15.72',6,'felis',5);
INSERT INTO invoicelines(invoicelineid,unit_price,quantity,product_name,invoice_id) VALUES (97,'$46.95',10,'id sapien',3);
INSERT INTO invoicelines(invoicelineid,unit_price,quantity,product_name,invoice_id) VALUES (98,'$37.22',5,'molestie',10);
INSERT INTO invoicelines(invoicelineid,unit_price,quantity,product_name,invoice_id) VALUES (99,'$16.83',6,'porta',5);
INSERT INTO invoicelines(invoicelineid,unit_price,quantity,product_name,invoice_id) VALUES (100,'$42.42',9,'rutrum neque',11);
INSERT INTO invoicelines(invoicelineid,unit_price,quantity,product_name,invoice_id) VALUES (101,'$39.90',5,'tellus',7);
INSERT INTO invoicelines(invoicelineid,unit_price,quantity,product_name,invoice_id) VALUES (102,'$45.71',5,'pulvinar',9);
INSERT INTO invoicelines(invoicelineid,unit_price,quantity,product_name,invoice_id) VALUES (103,'$28.27',7,'neque aenean',5);
INSERT INTO invoicelines(invoicelineid,unit_price,quantity,product_name,invoice_id) VALUES (104,'$15.39',6,'ultrices',12);
INSERT INTO invoicelines(invoicelineid,unit_price,quantity,product_name,invoice_id) VALUES (105,'$30.99',9,'proin leo',2);
INSERT INTO invoicelines(invoicelineid,unit_price,quantity,product_name,invoice_id) VALUES (106,'$34.73',7,'quisque',7);
INSERT INTO invoicelines(invoicelineid,unit_price,quantity,product_name,invoice_id) VALUES (107,'$12.13',9,'lacus',15);
INSERT INTO invoicelines(invoicelineid,unit_price,quantity,product_name,invoice_id) VALUES (108,'$13.96',7,'vel',8);
INSERT INTO invoicelines(invoicelineid,unit_price,quantity,product_name,invoice_id) VALUES (109,'$32.56',9,'magna at',13);
INSERT INTO invoicelines(invoicelineid,unit_price,quantity,product_name,invoice_id) VALUES (110,'$9.79',8,'aliquet ultrices',4);
INSERT INTO invoicelines(invoicelineid,unit_price,quantity,product_name,invoice_id) VALUES (111,'$47.74',6,'rhoncus',1);
INSERT INTO invoicelines(invoicelineid,unit_price,quantity,product_name,invoice_id) VALUES (112,'$20.04',7,'rhoncus aliquet',2);
INSERT INTO invoicelines(invoicelineid,unit_price,quantity,product_name,invoice_id) VALUES (113,'$23.17',8,'felis eu',5);
INSERT INTO invoicelines(invoicelineid,unit_price,quantity,product_name,invoice_id) VALUES (114,'$49.70',6,'consequat ut',12);
INSERT INTO invoicelines(invoicelineid,unit_price,quantity,product_name,invoice_id) VALUES (115,'$43.33',9,'vel lectus',5);
INSERT INTO invoicelines(invoicelineid,unit_price,quantity,product_name,invoice_id) VALUES (116,'$9.09',10,'maecenas leo',3);
INSERT INTO invoicelines(invoicelineid,unit_price,quantity,product_name,invoice_id) VALUES (117,'$25.66',6,'nunc purus',10);
INSERT INTO invoicelines(invoicelineid,unit_price,quantity,product_name,invoice_id) VALUES (118,'$19.72',10,'nam',4);
INSERT INTO invoicelines(invoicelineid,unit_price,quantity,product_name,invoice_id) VALUES (119,'$31.96',5,'id justo',8);
INSERT INTO invoicelines(invoicelineid,unit_price,quantity,product_name,invoice_id) VALUES (120,'$25.61',6,'lobortis',13);


DROP TABLE IF EXISTS individualentries;

CREATE TABLE individualentries (
    entry_id INT NOT NULL,
    runner_id INT NOT NULL,
    race_id INT NOT NULL,
    CONSTRAINT indivent_pk PRIMARY KEY (entry_id),
    CONSTRAINT indivent_fk1
        FOREIGN KEY (runner_id) REFERENCES runners (runner_id),
    CONSTRAINT indivent_fk2 
        FOREIGN KEY (race_id) REFERENCES races (race_id)
);

INSERT INTO individualentries(entry_id,runner_id,race_id) VALUES (1,23,17);
INSERT INTO individualentries(entry_id,runner_id,race_id) VALUES (2,52,1);
INSERT INTO individualentries(entry_id,runner_id,race_id) VALUES (3,41,20);
INSERT INTO individualentries(entry_id,runner_id,race_id) VALUES (4,46,14);
INSERT INTO individualentries(entry_id,runner_id,race_id) VALUES (5,60,18);
INSERT INTO individualentries(entry_id,runner_id,race_id) VALUES (6,64,9);
INSERT INTO individualentries(entry_id,runner_id,race_id) VALUES (7,17,1);
INSERT INTO individualentries(entry_id,runner_id,race_id) VALUES (8,41,8);
INSERT INTO individualentries(entry_id,runner_id,race_id) VALUES (9,50,9);
INSERT INTO individualentries(entry_id,runner_id,race_id) VALUES (10,13,1);
INSERT INTO individualentries(entry_id,runner_id,race_id) VALUES (11,41,15);
INSERT INTO individualentries(entry_id,runner_id,race_id) VALUES (12,36,19);
INSERT INTO individualentries(entry_id,runner_id,race_id) VALUES (13,54,6);
INSERT INTO individualentries(entry_id,runner_id,race_id) VALUES (14,11,1);
INSERT INTO individualentries(entry_id,runner_id,race_id) VALUES (15,29,16);
INSERT INTO individualentries(entry_id,runner_id,race_id) VALUES (16,24,19);
INSERT INTO individualentries(entry_id,runner_id,race_id) VALUES (17,35,7);
INSERT INTO individualentries(entry_id,runner_id,race_id) VALUES (18,47,16);
INSERT INTO individualentries(entry_id,runner_id,race_id) VALUES (19,22,14);
INSERT INTO individualentries(entry_id,runner_id,race_id) VALUES (20,50,16);
INSERT INTO individualentries(entry_id,runner_id,race_id) VALUES (21,70,20);
INSERT INTO individualentries(entry_id,runner_id,race_id) VALUES (22,40,3);
INSERT INTO individualentries(entry_id,runner_id,race_id) VALUES (23,41,1);
INSERT INTO individualentries(entry_id,runner_id,race_id) VALUES (24,46,5);
INSERT INTO individualentries(entry_id,runner_id,race_id) VALUES (25,12,6);
INSERT INTO individualentries(entry_id,runner_id,race_id) VALUES (26,37,16);
INSERT INTO individualentries(entry_id,runner_id,race_id) VALUES (27,5,17);
INSERT INTO individualentries(entry_id,runner_id,race_id) VALUES (28,1,10);
INSERT INTO individualentries(entry_id,runner_id,race_id) VALUES (29,26,1);
INSERT INTO individualentries(entry_id,runner_id,race_id) VALUES (30,28,15);
INSERT INTO individualentries(entry_id,runner_id,race_id) VALUES (31,4,18);
INSERT INTO individualentries(entry_id,runner_id,race_id) VALUES (32,29,1);
INSERT INTO individualentries(entry_id,runner_id,race_id) VALUES (33,38,5);
INSERT INTO individualentries(entry_id,runner_id,race_id) VALUES (34,15,14);
INSERT INTO individualentries(entry_id,runner_id,race_id) VALUES (35,40,18);
INSERT INTO individualentries(entry_id,runner_id,race_id) VALUES (36,66,4);
INSERT INTO individualentries(entry_id,runner_id,race_id) VALUES (37,14,9);
INSERT INTO individualentries(entry_id,runner_id,race_id) VALUES (38,20,7);
INSERT INTO individualentries(entry_id,runner_id,race_id) VALUES (39,2,12);
INSERT INTO individualentries(entry_id,runner_id,race_id) VALUES (40,12,14);

DROP TABLE IF EXISTS teamentries;

CREATE TABLE teamentries (
    entry_id INT AUTO_INCREMENT NOT NULL,
    team_id INT NOT NULL,
    race_id INT NOT NULL,
    CONSTRAINT teament_pk PRIMARY KEY (entry_id),
    CONSTRAINT teament_fk1 
        FOREIGN KEY (team_id) REFERENCES teams (team_id),
    CONSTRAINT teament_fk2
        FOREIGN KEY (race_id) REFERENCES races (race_id)
);

INSERT INTO teamentries(entry_id,team_id,race_id) VALUES (1,7,16);
INSERT INTO teamentries(entry_id,team_id,race_id) VALUES (2,4,19);
INSERT INTO teamentries(entry_id,team_id,race_id) VALUES (3,4,14);
INSERT INTO teamentries(entry_id,team_id,race_id) VALUES (4,2,1);
INSERT INTO teamentries(entry_id,team_id,race_id) VALUES (5,2,17);
INSERT INTO teamentries(entry_id,team_id,race_id) VALUES (6,6,1);
INSERT INTO teamentries(entry_id,team_id,race_id) VALUES (7,3,6);
INSERT INTO teamentries(entry_id,team_id,race_id) VALUES (8,7,2);
INSERT INTO teamentries(entry_id,team_id,race_id) VALUES (9,7,4);
INSERT INTO teamentries(entry_id,team_id,race_id) VALUES (10,1,17);
INSERT INTO teamentries(entry_id,team_id,race_id) VALUES (11,1,14);
INSERT INTO teamentries(entry_id,team_id,race_id) VALUES (12,7,10);
INSERT INTO teamentries(entry_id,team_id,race_id) VALUES (13,3,1);
INSERT INTO teamentries(entry_id,team_id,race_id) VALUES (14,3,4);
INSERT INTO teamentries(entry_id,team_id,race_id) VALUES (15,4,1);
INSERT INTO teamentries(entry_id,team_id,race_id) VALUES (16,2,6);
INSERT INTO teamentries(entry_id,team_id,race_id) VALUES (17,5,13);
INSERT INTO teamentries(entry_id,team_id,race_id) VALUES (18,3,2);
INSERT INTO teamentries(entry_id,team_id,race_id) VALUES (19,5,19);
INSERT INTO teamentries(entry_id,team_id,race_id) VALUES (20,5,5);
INSERT INTO teamentries(entry_id,team_id,race_id) VALUES (21,7,10);
INSERT INTO teamentries(entry_id,team_id,race_id) VALUES (22,1,6);
INSERT INTO teamentries(entry_id,team_id,race_id) VALUES (23,6,19);
INSERT INTO teamentries(entry_id,team_id,race_id) VALUES (24,4,12);
INSERT INTO teamentries(entry_id,team_id,race_id) VALUES (25,3,17);
INSERT INTO teamentries(entry_id,team_id,race_id) VALUES (26,2,9);
INSERT INTO teamentries(entry_id,team_id,race_id) VALUES (27,4,7);
INSERT INTO teamentries(entry_id,team_id,race_id) VALUES (28,7,18);
INSERT INTO teamentries(entry_id,team_id,race_id) VALUES (29,5,14);
INSERT INTO teamentries(entry_id,team_id,race_id) VALUES (30,3,13);


